artist,song,explicit,year,popularity,danceability,energy,loudness,speechiness,acousticness,instrumentalness,liveness,valence,tempo,duration_seconds,tempo_class,key_name,mode_name,tonality,acoustic,blues,classical,country,dance,easy listening,electronic,folk,hip hop,jazz,latin,metal,pop,r&b,rock,traditional,world
britney spears,oops!...i did it again,False,2000,0.865,0.735,0.825,0.745,0.037,0.307,0.0,0.401,0.916,95,211,Moderato,C#,Minor,C# Minor,0,0,0,0,0,0,0,0,0,0,0,0,1,0,0,0,0
blink-182,all the small things,False,1999,0.888,0.36,0.892,0.771,0.046,0.01,0.0,0.71,0.691,149,167,Veloce (Allegro),C,Major,C Major,0,0,0,0,0,0,0,0,0,0,0,0,1,0,1,0,0
faith hill,breathe,False,1999,0.742,0.473,0.467,0.569,0.01,0.177,0.0,0.276,0.257,137,250,Veloce (Allegro),G,Major,G Major,0,0,0,1,0,0,0,0,0,0,0,0,1,0,0,0,0
bon jovi,it's my life,False,2000,0.876,0.499,0.909,0.813,0.042,0.027,0.0,0.392,0.541,120,224,Allegretto,C,Minor,C Minor,0,0,0,0,0,0,0,0,0,0,0,1,0,0,1,0,0
nsync,bye bye bye,False,2000,0.73,0.573,0.925,0.776,0.051,0.042,0.001,0.076,0.9,173,200,Vivace,G#,Minor,G# Minor,0,0,0,0,0,0,0,0,0,0,0,0,1,0,0,0,0
sisqo,thong song,True,1999,0.775,0.682,0.882,0.67,0.076,0.122,0.0,0.058,0.723,122,253,Veloce (Allegro),D,Major,D Major,0,0,0,0,0,0,0,0,1,0,0,0,1,1,0,0,0
eminem,the real slim shady,True,2000,0.966,0.969,0.642,0.804,0.062,0.031,0.0,0.029,0.772,105,284,Moderato,F,Minor,F Minor,0,0,0,0,0,0,0,0,1,0,0,0,0,0,0,0,0
robbie williams,rock dj,False,2000,0.764,0.684,0.76,0.803,0.016,0.027,0.0,0.536,0.88,103,258,Moderato,G,Major,G Major,0,0,0,0,0,0,0,0,0,0,0,0,1,0,1,0,0
destiny's child,say my name,False,1999,0.843,0.69,0.66,0.84,0.142,0.28,0.0,0.153,0.744,138,271,Veloce (Allegro),F,Minor,F Minor,0,0,0,0,0,0,0,0,0,0,0,0,1,1,0,0,0
modjo,lady - hear me tonight,False,2001,0.865,0.699,0.798,0.736,0.027,0.008,0.03,0.05,0.889,126,307,Veloce (Allegro),F#,Major,F# Major,0,0,0,0,1,0,1,0,0,0,0,0,0,0,0,0,0
gigi d'agostino,l'amour toujours,False,2011,0.011,0.577,0.713,0.622,0.011,0.034,0.049,0.407,0.824,139,238,Veloce (Allegro),G,Major,G Major,0,0,0,0,0,0,0,0,0,0,0,0,1,0,0,0,0
eiffel 65,move your body - gabry ponte original radio edit,False,1999,0.629,0.728,0.957,0.536,0.01,0.083,0.329,0.615,0.986,130,268,Veloce (Allegro),G,Major,G Major,0,0,0,0,0,0,0,0,0,0,0,0,1,0,0,0,0
bomfunk mc's,freestyler,False,2000,0.618,0.819,0.918,0.727,0.137,0.03,0.33,0.277,0.567,164,306,Vivace,B,Minor,B Minor,0,0,0,0,0,0,0,0,0,0,0,0,1,0,0,0,0
sting,desert rose,False,1999,0.697,0.54,0.64,0.622,0.013,0.011,0.0,0.102,0.116,112,285,Allegretto,C,Minor,C Minor,0,0,0,0,0,0,0,0,0,0,0,0,1,0,1,0,0
melanie c,never be the same again,False,1999,0.685,0.662,0.667,0.759,0.044,0.094,0.0,0.117,0.385,160,294,Vivace,D#,Major,D# Major,0,0,0,0,1,0,1,0,0,0,0,0,1,0,0,0,0
aaliyah,try again,False,2002,0.596,0.79,0.601,0.735,0.483,0.083,0.0,0.075,0.741,93,284,Moderato,F#,Minor,F# Minor,0,0,0,0,0,0,0,0,1,0,0,0,1,1,0,0,0
anastacia,i'm outta love - radio edit,False,1999,0.719,0.747,0.7,0.727,0.059,0.406,0.0,0.067,0.653,119,245,Allegretto,A#,Minor,A# Minor,0,0,0,0,0,0,0,0,0,0,0,0,1,0,0,0,0
alice deejay,better off alone,False,2000,0.82,0.641,0.874,0.71,0.058,0.002,0.702,0.317,0.796,137,214,Veloce (Allegro),G#,Minor,G# Minor,0,0,0,0,0,0,0,0,0,0,0,0,1,0,0,0,0
gigi d'agostino,the riddle,False,1999,0.719,0.722,0.87,0.674,0.025,0.018,0.002,0.069,0.842,127,285,Veloce (Allegro),F#,Minor,F# Minor,0,0,0,0,0,0,0,0,0,0,0,0,1,0,0,0,0
dr. dre,the next episode,True,1999,0.921,0.937,0.905,0.894,0.446,0.029,0.0,0.077,0.29,95,161,Moderato,A#,Minor,A# Minor,0,0,0,0,0,0,0,0,1,0,0,0,0,0,0,0,0
linkin park,in the end,False,2000,0.933,0.505,0.857,0.724,0.064,0.01,0.0,0.226,0.387,105,216,Moderato,D#,Minor,D# Minor,0,0,0,0,0,0,0,0,0,0,0,1,0,0,1,0,0
tom jones,sexbomb,False,1999,0.73,0.794,0.87,0.819,0.039,0.148,0.0,0.099,0.956,123,211,Veloce (Allegro),G#,Minor,G# Minor,1,0,0,0,0,1,0,1,0,0,0,0,0,0,1,0,0
sonique,it feels so good,False,2000,0.697,0.597,0.659,0.654,0.013,0.012,0.001,0.126,0.556,135,240,Veloce (Allegro),F,Minor,F Minor,0,0,0,0,0,0,0,0,0,0,0,0,1,0,0,0,0
m.o.p.,cold as ice,True,2000,0.607,0.623,0.874,0.746,0.217,0.043,0.0,0.328,0.77,86,244,Moderato,B,Minor,B Minor,0,0,0,0,0,0,0,0,1,0,0,0,0,0,0,0,0
melanie c,i turn to you,False,1999,0.607,0.464,0.792,0.726,0.017,0.001,0.002,0.347,0.043,135,352,Veloce (Allegro),C#,Major,C# Major,0,0,0,0,1,0,1,0,0,0,0,0,1,0,0,0,0
limp bizkit,take a look around,False,2000,0.809,0.35,0.844,0.737,0.041,0.018,0.311,0.087,0.507,102,321,Moderato,B,Major,B Major,0,0,0,0,0,0,0,0,0,0,0,1,0,0,0,0,0
darude,sandstorm,False,2001,0.775,0.472,0.964,0.619,0.042,0.144,1.0,0.07,0.587,136,225,Veloce (Allegro),B,Minor,B Minor,0,0,0,0,1,0,1,0,0,0,0,0,1,0,0,0,0
da brat,what'chu like (feat. tyrese),True,2000,0.596,0.886,0.663,0.571,0.392,0.017,0.0,0.055,0.833,100,221,Moderato,A#,Minor,A# Minor,0,0,0,0,0,0,0,0,1,0,0,0,1,1,0,0,0
moloko,the time is now,False,2000,0.607,0.654,0.729,0.488,0.256,0.359,0.0,0.307,0.543,128,318,Veloce (Allegro),A,Minor,A Minor,0,0,0,0,1,0,1,0,0,0,0,0,1,0,0,0,0
chicane,don't give up,False,2016,0.528,0.609,0.704,0.538,0.034,0.002,0.512,0.075,0.526,132,210,Veloce (Allegro),A#,Minor,A# Minor,0,0,0,0,1,0,1,0,0,0,0,0,0,0,0,0,0
dmx,party up,True,1999,0.798,0.45,0.928,0.85,0.586,0.076,0.0,0.576,0.526,202,268,Frenetico (Presto),B,Major,B Major,0,0,0,0,0,0,0,0,1,0,0,0,1,0,0,0,0
debelah morgan,dance with me,False,2000,0.551,0.852,0.656,0.619,0.026,0.317,0.001,0.017,0.751,115,220,Allegretto,G,Minor,G Minor,0,0,0,0,0,0,0,0,0,0,0,0,1,1,0,0,0
madonna,music,False,2000,0.652,0.718,0.791,0.592,0.078,0.002,0.089,0.142,0.891,120,225,Allegretto,G,Major,G Major,0,0,0,0,0,0,0,0,0,0,0,0,1,0,0,0,0
ruff endz,no more,False,2000,0.584,0.839,0.621,0.734,0.113,0.033,0.0,0.046,0.951,97,242,Moderato,A#,Minor,A# Minor,0,0,0,0,0,0,0,0,0,0,0,0,0,1,0,0,0
britney spears,born to make you happy,False,1999,0.652,0.596,0.918,0.774,0.04,0.119,0.0,0.06,0.693,84,243,Moderato,B,Minor,B Minor,0,0,0,0,0,0,0,0,0,0,0,0,1,0,0,0,0
montell jordan,get it on tonite,False,1999,0.663,0.808,0.462,0.523,0.097,0.247,0.0,0.072,0.888,99,276,Moderato,A#,Minor,A# Minor,0,0,0,0,0,0,0,0,1,0,0,0,1,1,0,0,0
kylie minogue,spinning around,False,2000,0.618,0.747,0.643,0.636,0.057,0.299,0.0,0.089,0.634,120,207,Allegretto,F#,Minor,F# Minor,0,0,0,0,1,0,1,0,0,0,0,0,1,0,0,0,0
jay-z,big pimpin',True,1999,0.775,0.888,0.804,0.702,0.211,0.172,0.007,0.044,0.967,138,283,Veloce (Allegro),B,Minor,B Minor,0,0,0,0,0,0,0,0,1,0,0,0,0,0,0,0,0
leann rimes,i need you,False,2001,0.685,0.412,0.721,0.662,0.024,0.02,0.0,0.116,0.562,145,229,Veloce (Allegro),G,Major,G Major,0,0,0,1,0,0,0,0,0,0,0,0,1,0,0,0,0
avant,separated,False,2000,0.618,0.791,0.45,0.739,0.008,0.253,0.0,0.259,0.647,108,255,Moderato,C,Major,C Major,0,0,0,0,0,0,0,0,0,0,0,0,1,1,0,0,0
enrique iglesias,be with you,False,1999,0.607,0.655,0.859,0.745,0.018,0.04,0.002,0.032,0.539,122,219,Veloce (Allegro),C#,Minor,C# Minor,0,0,0,0,0,0,0,0,0,0,1,0,1,0,0,0,0
toni braxton,he wasn't man enough,False,2000,0.742,0.721,0.945,0.919,0.032,0.009,0.0,0.366,0.779,88,261,Moderato,B,Minor,B Minor,0,0,0,0,0,0,0,0,0,0,0,0,1,1,0,0,0
bow wow,bounce with me (feat. xscape) - edited album version,False,2000,0.404,0.855,0.736,0.759,0.262,0.445,0.0,0.293,0.958,72,175,Lento (Adagio),G#,Major,G# Major,0,0,0,0,0,0,0,0,1,0,0,0,1,1,0,0,0
dr. dre,forgot about dre,True,1999,0.888,0.94,0.726,0.95,0.098,0.085,0.0,0.17,0.624,134,222,Veloce (Allegro),G#,Major,G# Major,0,0,0,0,0,0,0,0,1,0,0,0,0,0,0,0,0
missy elliott,hot boyz,True,1998,0.551,0.707,0.413,0.458,0.484,0.347,0.0,0.191,0.523,81,215,Moderato,C#,Major,C# Major,0,0,0,0,0,0,0,0,1,0,0,0,1,1,0,0,0
backstreet boys,show me the meaning of being lonely,False,1999,0.764,0.592,0.604,0.762,0.004,0.237,0.0,0.066,0.69,168,234,Vivace,F#,Minor,F# Minor,0,0,0,0,0,0,0,0,0,0,0,0,1,0,0,0,0
samantha mumba,gotta tell you,False,2018,0.483,0.709,0.611,0.581,0.008,0.196,0.0,0.174,0.787,110,201,Allegretto,C,Minor,C Minor,0,0,0,0,0,0,0,0,0,0,0,0,1,0,0,0,0
mya,case of the ex (whatcha gonna do),False,2000,0.663,0.76,0.671,0.781,0.031,0.056,0.0,0.061,0.332,98,236,Moderato,C#,Minor,C# Minor,0,0,0,0,0,0,0,0,0,0,0,0,1,1,0,0,0
mary mary,shackles (praise you),False,2000,0.719,0.768,0.825,0.877,0.251,0.035,0.0,0.081,0.815,100,198,Moderato,G,Major,G Major,0,0,0,0,0,0,0,0,0,0,0,0,0,1,0,0,0
next,wifey,False,2004,0.584,0.827,0.632,0.584,0.153,0.069,0.0,0.072,0.736,100,243,Moderato,G,Minor,G Minor,0,0,0,0,0,0,0,0,1,0,0,0,1,1,0,0,0
janet jackson,doesn't really matter,False,2001,0.528,0.759,0.785,0.861,0.096,0.102,0.003,0.092,0.816,99,265,Moderato,F,Minor,F Minor,0,0,0,0,0,0,0,0,0,0,0,0,1,1,0,0,0
ricky martin,she bangs - english version,False,2000,0.674,0.592,0.948,0.815,0.104,0.001,0.0,0.423,0.877,144,280,Veloce (Allegro),C#,Major,C# Major,0,0,0,0,0,0,0,0,0,0,1,0,1,0,0,0,0
jagged edge,he can't love u,False,2000,0.618,0.7,0.827,0.817,0.331,0.115,0.0,0.257,0.503,126,244,Veloce (Allegro),G#,Minor,G# Minor,0,0,0,0,0,0,0,0,1,0,0,0,1,1,0,0,0
sisqo,incomplete,True,1999,0.674,0.729,0.411,0.634,0.098,0.289,0.0,0.142,0.25,119,274,Allegretto,C#,Minor,C# Minor,0,0,0,0,0,0,0,0,1,0,0,0,1,1,0,0,0
jay-z,i just wanna love u (give it 2 me),True,2000,0.663,0.793,0.918,0.76,0.392,0.308,0.0,0.016,0.816,99,227,Moderato,E,Minor,E Minor,0,0,0,0,0,0,0,0,1,0,0,0,0,0,0,0,0
mariah carey,thank god i found you (feat. joe & 98°),False,1999,0.663,0.259,0.505,0.723,0.018,0.606,0.0,0.102,0.118,129,257,Veloce (Allegro),A#,Major,A# Major,0,0,0,0,0,0,0,0,0,0,0,0,1,1,0,0,0
baha men,who let the dogs out,False,2000,0.73,0.875,0.881,0.791,0.138,0.062,0.0,0.152,0.798,129,198,Veloce (Allegro),C,Major,C Major,0,0,0,0,0,0,0,0,0,0,0,0,0,1,0,0,0
donell jones,"u know what's up (feat. lisa ""left eye"" lopes)",True,1999,0.708,0.857,0.517,0.709,0.111,0.041,0.0,0.024,0.888,103,243,Moderato,G#,Minor,G# Minor,0,0,0,0,0,0,0,0,0,0,0,0,1,1,0,0,0
leann rimes,can't fight the moonlight,False,2001,0.73,0.59,0.825,0.7,0.048,0.413,0.0,0.036,0.629,98,215,Moderato,F#,Minor,F# Minor,0,0,0,1,0,0,0,0,0,0,0,0,1,0,0,0,0
oasis,go let it out,False,2000,0.0,0.33,0.841,0.735,0.018,0.014,0.0,0.648,0.631,84,278,Moderato,D,Major,D Major,1,0,0,0,0,0,0,1,0,0,0,0,0,0,1,0,0
dj otzi,hey baby (radio mix),False,2010,0.652,0.635,0.967,0.856,0.041,0.126,0.0,0.392,0.851,135,219,Veloce (Allegro),A#,Major,A# Major,0,0,0,0,1,1,1,0,0,0,0,0,1,0,0,0,0
p!nk,most girls,False,2000,0.584,0.725,0.717,0.715,0.014,0.043,0.004,0.096,0.702,98,298,Moderato,D,Minor,D Minor,0,0,0,0,0,0,0,0,0,0,0,0,1,0,0,0,0
mariah carey,against all odds (take a look at me now) (feat. westlife),False,2011,0.0,0.404,0.486,0.737,0.015,0.598,0.0,0.098,0.358,117,199,Allegretto,C#,Major,C# Major,0,0,0,0,0,0,0,0,0,0,0,0,1,1,0,0,0
craig david,fill me in,False,2000,0.674,0.654,0.73,0.669,0.024,0.385,0.01,0.046,0.844,132,257,Veloce (Allegro),G#,Major,G# Major,0,0,0,0,0,0,0,0,1,0,0,0,1,1,0,0,0
christina aguilera,i turn to you,False,1999,0.685,0.556,0.44,0.601,0.026,0.389,0.0,0.108,0.278,127,273,Veloce (Allegro),C#,Major,C# Major,0,0,0,0,0,0,0,0,0,0,0,0,1,0,0,0,0
madonna,american pie,False,2000,0.652,0.593,0.719,0.644,0.023,0.356,0.0,0.136,0.591,124,273,Veloce (Allegro),F,Minor,F Minor,0,0,0,0,0,0,0,0,0,0,0,0,1,0,0,0,0
red hot chili peppers,otherside,False,1999,0.876,0.389,0.784,0.852,0.062,0.003,0.0,0.065,0.508,123,255,Veloce (Allegro),C,Major,C Major,0,0,0,0,0,0,0,0,0,0,0,0,0,0,1,0,0
sammie,i like it,False,2000,0.618,0.824,0.637,0.592,0.07,0.01,0.0,0.007,0.871,130,251,Veloce (Allegro),A,Major,A Major,0,0,0,0,0,0,0,0,1,0,0,0,1,1,0,0,0
craig david,7 days,False,2000,0.786,0.626,0.802,0.643,0.046,0.236,0.0,0.088,0.909,83,235,Moderato,E,Minor,E Minor,0,0,0,0,0,0,0,0,1,0,0,0,1,1,0,0,0
santana,maria maria (feat. the product g&b),False,1999,0.742,0.766,0.578,0.721,0.186,0.042,0.002,0.016,0.687,98,261,Moderato,D,Major,D Major,0,1,0,0,0,0,0,0,0,0,1,0,0,0,1,0,0
kandi,don't think i'm not,False,2000,0.618,0.863,0.601,0.609,0.038,0.068,0.0,0.022,0.422,134,243,Veloce (Allegro),B,Major,B Major,0,0,0,0,0,0,0,0,0,0,0,0,1,1,0,0,0
p!nk,there you go,False,2000,0.618,0.819,0.839,0.681,0.124,0.088,0.0,0.028,0.674,108,202,Moderato,A#,Minor,A# Minor,0,0,0,0,0,0,0,0,0,0,0,0,1,0,0,0,0
vengaboys,shalala lala,False,2000,0.652,0.735,0.896,0.727,0.017,0.052,0.003,0.022,1.0,124,214,Veloce (Allegro),D,Major,D Major,0,0,0,0,0,0,0,0,0,0,0,0,1,0,0,0,0
ronan keating,life is a rollercoaster,False,2000,0.663,0.622,0.78,0.573,0.013,0.102,0.0,0.376,0.881,119,234,Allegretto,C,Major,C Major,0,0,0,0,0,0,0,0,0,0,0,0,1,0,1,0,0
madison avenue,don't call me baby,False,1999,0.629,0.803,0.982,0.688,0.014,0.06,0.007,0.395,0.987,125,228,Veloce (Allegro),D#,Minor,D# Minor,0,0,0,0,1,0,1,0,0,0,0,0,0,0,0,0,0
destiny's child,"jumpin', jumpin'",False,1999,0.786,0.759,0.667,0.784,0.061,0.006,0.002,0.039,0.69,89,230,Moderato,C#,Major,C# Major,0,0,0,0,0,0,0,0,0,0,0,0,1,1,0,0,0
celine dion,that's the way it is,False,1999,0.719,0.597,0.88,0.746,0.036,0.158,0.0,0.116,0.576,93,241,Moderato,A,Major,A Major,0,0,0,0,0,0,0,0,0,0,0,0,1,0,0,0,0
3 doors down,kryptonite,False,2000,0.876,0.492,0.858,0.732,0.01,0.007,0.0,0.176,0.54,99,233,Moderato,B,Minor,B Minor,0,0,0,0,0,0,0,0,0,0,0,1,1,0,1,0,0
carl thomas,i wish,False,2000,0.584,0.718,0.647,0.77,0.019,0.061,0.0,0.103,0.199,90,226,Moderato,C#,Major,C# Major,0,0,0,0,0,0,0,0,0,0,0,0,1,1,0,0,0
mystikal,shake ya ass,True,2000,0.64,0.928,0.585,0.734,0.537,0.064,0.0,0.036,0.672,98,256,Moderato,G,Major,G Major,0,0,0,0,0,0,0,0,1,0,0,0,1,0,0,0,0
fuel,hemorrhage (in my hands),False,2000,0.551,0.218,0.822,0.821,0.031,0.0,0.0,0.263,0.314,152,236,Veloce (Allegro),C#,Major,C# Major,0,0,0,0,0,0,0,0,0,0,0,1,1,0,1,0,0
donell jones,where i wanna be,False,1999,0.64,0.632,0.361,0.562,0.012,0.533,0.0,0.296,0.444,102,253,Moderato,F,Minor,F Minor,0,0,0,0,0,0,0,0,0,0,0,0,1,1,0,0,0
savage garden,crash and burn,False,1999,0.607,0.534,0.585,0.596,0.009,0.194,0.0,0.08,0.187,102,281,Moderato,E,Major,E Major,0,0,0,0,0,0,0,0,0,0,0,0,1,0,0,0,0
westlife,my love,False,2000,0.764,0.428,0.57,0.718,0.004,0.1,0.0,0.283,0.31,144,231,Veloce (Allegro),C,Major,C Major,0,0,0,0,0,0,0,0,0,0,0,0,1,0,0,0,0
all saints,pure shores,False,2000,0.697,0.593,0.645,0.559,0.002,0.051,0.0,0.058,0.395,101,268,Moderato,F#,Major,F# Major,0,0,0,0,0,0,0,0,0,0,0,0,1,0,0,0,0
destiny's child,"independent women, pt. 1",False,2001,0.73,0.71,0.58,0.827,0.331,0.371,0.0,0.177,0.951,98,221,Moderato,F#,Minor,F# Minor,0,0,0,0,0,0,0,0,0,0,0,0,1,1,0,0,0
nsync,it's gonna be me,False,2000,0.674,0.609,0.868,0.783,0.103,0.047,0.0,0.044,0.903,165,191,Vivace,C,Minor,C Minor,0,0,0,0,0,0,0,0,0,0,0,0,1,0,0,0,0
erykah badu,bag lady,False,2000,0.607,0.703,0.382,0.571,0.11,0.374,0.0,0.091,0.578,151,348,Veloce (Allegro),F,Minor,F Minor,0,0,0,0,0,0,0,0,1,0,0,0,0,1,0,0,0
marc anthony,you sang to me,False,1999,0.629,0.531,0.889,0.746,0.012,0.01,0.0,0.234,0.752,166,347,Vivace,A#,Major,A# Major,0,0,0,0,0,0,0,0,0,0,1,0,1,0,0,0,0
matchbox twenty,bent,False,2000,0.607,0.46,0.821,0.677,0.028,0.041,0.0,0.425,0.523,95,256,Moderato,F#,Minor,F# Minor,0,0,0,0,0,0,0,0,0,0,0,0,1,0,1,0,0
gabrielle,rise,False,2001,0.674,0.507,0.451,0.545,0.005,0.323,0.0,0.082,0.634,145,219,Veloce (Allegro),G#,Major,G# Major,0,0,0,0,0,0,0,0,0,0,0,0,1,1,0,0,0
backstreet boys,shape of my heart,False,2000,0.786,0.527,0.774,0.798,0.012,0.258,0.0,0.165,0.513,96,230,Moderato,A,Major,A Major,0,0,0,0,0,0,0,0,0,0,0,0,1,0,0,0,0
creed,with arms wide open,False,1999,0.719,0.332,0.513,0.598,0.013,0.004,0.001,0.115,0.11,139,274,Veloce (Allegro),C,Major,C Major,0,0,0,0,0,0,0,0,0,0,0,1,1,0,1,0,0
corrs,breathless,False,2000,0.764,0.565,0.81,0.63,0.066,0.055,0.0,0.298,0.781,127,207,Veloce (Allegro),B,Major,B Major,1,0,0,0,0,0,0,1,0,0,0,0,1,0,0,0,0
joe,i wanna know,False,2000,0.73,0.704,0.458,0.719,0.025,0.266,0.0,0.492,0.6,136,296,Veloce (Allegro),G#,Minor,G# Minor,0,0,0,0,0,0,0,0,0,0,0,0,1,1,0,0,0
wheatus,teenage dirtbag,True,1999,0.798,0.586,0.842,0.821,0.048,0.354,0.0,0.183,0.636,95,241,Moderato,E,Major,E Major,0,0,0,0,0,0,0,0,0,0,0,0,0,0,1,0,0
christina aguilera,come on over baby (all i want is you) - radio version,False,1999,0.719,0.827,0.911,0.855,0.15,0.232,0.0,0.27,0.792,119,203,Allegretto,G#,Major,G# Major,0,0,0,0,0,0,0,0,0,0,0,0,1,0,0,0,0
creed,higher,False,1999,0.775,0.39,0.821,0.705,0.024,0.0,0.0,0.222,0.42,156,316,Veloce (Allegro),D,Major,D Major,0,0,0,0,0,0,0,0,0,0,0,1,1,0,1,0,0
britney spears,lucky,False,2000,0.73,0.752,0.78,0.732,0.015,0.268,0.0,0.055,0.992,95,206,Moderato,G#,Major,G# Major,0,0,0,0,0,0,0,0,0,0,0,0,1,0,0,0,0
nelly,country grammar (hot shit),True,2000,0.764,0.87,0.645,0.676,0.153,0.007,0.0,0.145,0.564,163,287,Vivace,D,Major,D Major,0,0,0,0,0,0,0,0,1,0,0,0,1,1,0,0,0
shaggy,it wasn't me,False,2000,0.854,0.856,0.584,0.786,0.087,0.058,0.0,0.351,0.659,95,227,Moderato,C,Major,C Major,0,0,0,0,0,0,0,0,1,0,0,0,1,0,0,0,0
destiny's child,survivor,False,2001,0.786,0.455,0.907,0.914,0.7,0.057,0.0,0.906,0.621,161,254,Vivace,C#,Minor,C# Minor,0,0,0,0,0,0,0,0,0,0,0,0,1,1,0,0,0
eminem,stan,True,2000,0.933,0.77,0.755,0.8,0.389,0.038,0.0,0.597,0.502,80,404,Moderato,F#,Minor,F# Minor,0,0,0,0,0,0,0,0,1,0,0,0,0,0,0,0,0
kylie minogue,can't get you out of my head,False,2001,0.82,0.753,0.538,0.642,0.019,0.027,0.693,0.112,0.99,126,230,Veloce (Allegro),A,Minor,A Minor,0,0,0,0,1,0,1,0,0,0,0,0,1,0,0,0,0
christina aguilera,"lady marmalade - from ""moulin rouge"" soundtrack",False,2001,0.764,0.746,0.79,0.827,0.055,0.015,0.0,0.774,0.658,110,264,Allegretto,F,Major,F Major,0,0,0,0,0,0,0,0,0,0,0,0,1,0,0,0,0
nelly furtado,i'm like a bird,False,2000,0.011,0.583,0.586,0.762,0.023,0.141,0.0,0.302,0.608,90,243,Moderato,A#,Major,A# Major,0,0,0,0,0,0,0,0,1,0,1,0,1,0,0,0,0
shakira,"whenever, wherever",False,2001,0.832,0.786,0.823,0.773,0.032,0.243,0.0,0.218,0.891,108,196,Moderato,C#,Minor,C# Minor,0,0,0,0,0,0,0,0,0,0,1,0,1,0,0,0,0
jimmy eat world,the middle,False,2001,0.876,0.608,0.841,0.745,0.053,0.038,0.0,0.044,0.925,162,165,Vivace,D,Major,D Major,0,0,0,0,0,0,0,0,0,0,0,0,1,0,1,0,0
train,drops of jupiter (tell me),False,2001,0.865,0.416,0.618,0.724,0.008,0.157,0.0,0.159,0.491,79,259,Moderato,C,Major,C Major,0,0,0,0,0,0,0,0,0,0,0,0,1,0,0,0,0
geri halliwell,it's raining men,False,2001,0.697,0.6,0.926,0.716,0.039,0.064,0.008,0.357,0.605,136,254,Veloce (Allegro),F,Minor,F Minor,0,0,0,0,0,0,0,0,0,0,0,0,1,0,0,0,0
blu cantrell,hit 'em up style (oops!),False,2001,0.798,0.636,0.761,0.767,0.064,0.206,0.0,0.46,0.673,90,250,Moderato,F,Minor,F Minor,0,0,0,0,0,0,0,0,0,0,0,0,1,1,0,0,0
britney spears,i'm a slave 4 u,False,2001,0.775,0.849,0.835,0.837,0.15,0.425,0.0,0.103,0.989,110,203,Allegretto,F,Minor,F Minor,0,0,0,0,0,0,0,0,0,0,0,0,1,0,0,0,0
kylie minogue,in your eyes,False,2001,0.697,0.662,0.889,0.7,0.08,0.136,0.0,0.056,0.718,124,197,Veloce (Allegro),F#,Minor,F# Minor,0,0,0,0,1,0,1,0,0,0,0,0,1,0,0,0,0
missy elliott,one minute man (feat. ludacris),True,2001,0.64,0.583,0.65,0.598,0.553,0.027,0.0,0.157,0.569,94,252,Moderato,A,Major,A Major,0,0,0,0,0,0,0,0,1,0,0,0,1,1,0,0,0
mary j. blige,family affair,False,2001,0.854,0.924,0.526,0.828,0.039,0.135,0.0,0.078,0.996,93,265,Moderato,G#,Minor,G# Minor,0,0,0,0,0,0,0,0,0,0,0,0,1,1,0,0,0
faithless,we come 1 - radio edit,False,2015,0.596,0.61,0.898,0.49,0.038,0.002,0.811,0.151,0.612,136,222,Veloce (Allegro),F,Minor,F Minor,0,0,0,0,1,0,1,0,0,0,0,0,1,0,0,0,0
limp bizkit,rollin' (air raid vehicle),True,2000,0.82,0.56,0.93,0.848,0.267,0.006,0.0,0.222,0.718,96,213,Moderato,C#,Major,C# Major,0,0,0,0,0,0,0,0,0,0,0,1,0,0,0,0,0
lasgo,something,False,2001,0.73,0.608,0.981,0.685,0.037,0.028,0.0,0.106,0.366,140,220,Veloce (Allegro),G,Minor,G Minor,0,0,0,0,0,0,0,0,0,0,0,0,1,0,0,0,0
iio,rapture (feat.nadia ali),False,2006,0.607,0.629,0.848,0.598,0.026,0.074,0.019,0.214,0.602,124,253,Veloce (Allegro),G#,Major,G# Major,0,0,0,0,1,0,1,0,0,0,0,0,0,0,0,0,0
emma bunton,what took you so long?,False,2001,0.607,0.637,0.76,0.747,0.014,0.126,0.0,0.384,0.934,118,241,Allegretto,A,Minor,A Minor,0,0,0,0,0,0,0,0,0,0,0,0,1,0,0,0,0
112,it's over now,False,2001,0.64,0.628,0.694,0.789,0.032,0.011,0.0,0.063,0.208,98,264,Moderato,C#,Major,C# Major,0,0,0,0,0,0,0,0,1,0,0,0,1,1,0,0,0
blue,all rise,False,2001,0.708,0.7,0.722,0.878,0.017,0.124,0.0,0.173,0.955,98,223,Moderato,F,Minor,F Minor,0,0,0,0,0,0,0,0,0,0,0,0,1,0,0,0,0
jessica simpson,irresistible,False,2001,0.483,0.624,0.964,0.877,0.059,0.029,0.0,0.04,0.675,93,194,Moderato,G#,Minor,G# Minor,0,0,0,0,0,0,0,0,0,0,0,0,1,1,0,0,0
crazy town,butterfly,False,1999,0.798,0.718,0.801,0.808,0.105,0.001,0.0,0.103,0.611,104,216,Moderato,A,Minor,A Minor,0,0,0,0,0,0,0,0,0,0,0,1,0,0,1,0,0
michael jackson,you rock my world,False,2001,0.719,0.857,0.655,0.859,0.293,0.039,0.0,0.281,0.981,95,337,Moderato,E,Minor,E Minor,0,0,0,0,0,0,0,0,0,0,0,0,1,1,0,0,0
eve,let me blow ya mind,True,2001,0.82,0.921,0.532,0.804,0.152,0.248,0.0,0.059,0.919,90,230,Moderato,G#,Minor,G# Minor,0,0,0,0,0,0,0,0,1,0,0,0,1,1,0,0,0
jennifer lopez,ain't it funny,False,2001,0.0,0.683,0.862,0.79,0.045,0.106,0.0,0.072,0.624,100,246,Moderato,F,Minor,F Minor,0,0,0,0,0,0,0,0,1,0,0,0,1,1,0,0,0
brandy,another day in paradise - r&b-version,False,2002,0.562,0.675,0.775,0.758,0.017,0.007,0.0,0.061,0.554,102,271,Moderato,F#,Minor,F# Minor,0,0,0,0,0,0,0,0,1,0,0,0,1,1,0,0,0
nickelback,how you remind me,False,2001,0.876,0.375,0.751,0.764,0.018,0.001,0.0,0.093,0.54,172,223,Vivace,A#,Major,A# Major,0,0,0,0,0,0,0,0,0,0,0,1,0,0,1,0,0
daft punk,one more time,False,2001,0.854,0.572,0.68,0.588,0.199,0.02,0.0,0.373,0.468,123,320,Veloce (Allegro),D,Major,D Major,0,0,0,0,1,0,1,0,1,0,0,0,0,0,0,0,0
outkast,ms. jackson,True,2000,0.921,0.844,0.796,0.72,0.445,0.146,0.0,0.067,0.615,95,270,Moderato,E,Minor,E Minor,0,0,0,0,0,0,0,0,1,0,0,0,1,0,0,0,0
fragma,everytime you need me - radio version,False,2001,0.562,0.654,0.913,0.744,0.016,0.154,0.069,0.383,0.804,137,213,Veloce (Allegro),B,Minor,B Minor,0,0,0,0,1,0,1,0,0,0,0,0,1,0,0,0,0
mariah carey,loverboy,False,2001,0.472,0.7,0.779,0.81,0.182,0.188,0.0,0.094,0.837,103,229,Moderato,C#,Major,C# Major,0,0,0,0,0,0,0,0,0,0,0,0,1,1,0,0,0
dido,thank you,False,1999,0.82,0.704,0.559,0.522,0.035,0.307,0.0,0.054,0.774,80,218,Moderato,C#,Minor,C# Minor,0,0,0,0,0,0,0,0,0,0,0,0,1,0,0,0,0
joe,stutter (feat. mystikal) - double take remix,False,2000,0.64,0.754,0.746,0.692,0.17,0.052,0.0,0.347,0.683,90,213,Moderato,F#,Major,F# Major,0,0,0,0,0,0,0,0,0,0,0,0,1,1,0,0,0
p.o.d.,youth of the nation,False,2001,0.775,0.513,0.853,0.641,0.07,0.008,0.011,0.443,0.512,98,256,Moderato,G#,Major,G# Major,0,0,0,0,0,0,0,0,0,0,0,1,0,0,1,0,0
jennifer lopez,play,True,2001,0.64,0.764,0.714,0.805,0.251,0.031,0.002,0.018,0.917,105,211,Moderato,C#,Minor,C# Minor,0,0,0,0,0,0,0,0,1,0,0,0,1,1,0,0,0
missy elliott,get ur freak on,True,2001,0.764,0.79,0.736,0.551,0.405,0.546,0.11,0.088,0.751,178,211,Frenetico (Presto),C,Major,C Major,0,0,0,0,0,0,0,0,1,0,0,0,1,1,0,0,0
ricky martin,nobody wants to be lonely (with christina aguilera),False,2008,0.584,0.598,0.846,0.766,0.069,0.006,0.008,0.049,0.59,101,252,Moderato,A#,Minor,A# Minor,0,0,0,0,0,0,0,0,0,0,1,0,1,0,0,0,0
christina milian,am to pm,False,2001,0.674,0.878,0.861,0.864,0.175,0.157,0.0,0.988,0.838,105,231,Moderato,A#,Minor,A# Minor,0,0,0,0,0,0,0,0,1,0,0,0,1,1,0,0,0
roger sanchez,another chance,False,2000,0.562,0.569,0.81,0.518,0.014,0.0,0.148,0.14,0.441,128,452,Veloce (Allegro),D#,Major,D# Major,0,0,0,0,1,0,1,0,0,0,0,0,0,0,0,0,0
gorillaz,clint eastwood,True,2001,0.832,0.631,0.677,0.587,0.267,0.026,0.0,0.058,0.521,168,340,Vivace,A#,Minor,A# Minor,0,0,0,0,0,0,0,0,1,0,0,0,0,0,0,0,0
2pac,until the end of time,True,2001,0.64,0.742,0.69,0.684,0.325,0.027,0.0,0.211,0.36,97,266,Moderato,G#,Major,G# Major,0,0,0,0,0,0,0,0,1,0,0,0,0,0,0,0,0
tamia,stranger in my house,False,2000,0.539,0.647,0.578,0.771,0.012,0.106,0.0,0.151,0.18,120,285,Allegretto,C,Major,C Major,0,0,0,0,0,0,0,0,0,0,0,0,1,1,0,0,0
mary j. blige,no more drama,False,2001,0.685,0.619,0.828,0.677,0.182,0.547,0.0,0.068,0.644,98,326,Moderato,F#,Minor,F# Minor,0,0,0,0,0,0,0,0,0,0,0,0,1,1,0,0,0
jennifer lopez,love don't cost a thing,False,2001,0.753,0.777,0.834,0.761,0.086,0.003,0.0,0.543,0.692,98,221,Moderato,E,Minor,E Minor,0,0,0,0,0,0,0,0,1,0,0,0,1,1,0,0,0
jamiroquai,little l,False,2001,0.73,0.885,0.709,0.748,0.191,0.172,0.012,0.134,0.926,122,295,Veloce (Allegro),A#,Minor,A# Minor,0,0,0,0,0,0,0,0,0,0,0,0,1,0,0,0,0
case,missing you,False,2001,0.618,0.571,0.555,0.697,0.058,0.292,0.0,0.041,0.725,86,284,Moderato,C#,Minor,C# Minor,0,0,0,0,0,0,0,0,1,0,0,0,1,1,0,0,0
112,peaches & cream,False,2001,0.708,0.648,0.493,0.705,0.562,0.003,0.0,0.038,0.781,204,193,Frenetico (Presto),E,Minor,E Minor,0,0,0,0,0,0,0,0,1,0,0,0,1,1,0,0,0
five,let's dance - radio edit,False,2001,0.528,0.593,0.812,0.626,0.115,0.009,0.0,0.326,0.544,118,218,Allegretto,E,Minor,E Minor,0,0,0,0,0,0,0,0,0,0,0,0,1,0,0,0,0
rui da silva,touch me (radio edit) [feat. cassandra],False,2001,0.607,0.396,0.918,0.599,0.073,0.127,0.23,0.04,0.703,129,213,Veloce (Allegro),C,Major,C Major,0,0,0,0,1,0,1,0,0,0,0,0,0,0,0,0,0
alien ant farm,smooth criminal,False,2001,0.843,0.619,0.963,0.803,0.063,0.003,0.005,0.147,0.89,127,209,Veloce (Allegro),A,Minor,A Minor,0,0,0,0,0,0,0,0,0,0,0,1,0,0,1,0,0
erick sermon,music (feat. marvin gaye),True,2001,0.64,0.908,0.435,0.566,0.325,0.192,0.0,0.065,0.905,100,223,Moderato,A#,Minor,A# Minor,0,0,0,0,0,0,0,0,1,0,0,0,1,0,0,0,0
d12,purple pills,True,2001,0.764,0.77,0.613,0.72,0.248,0.02,0.0,0.323,0.766,125,304,Veloce (Allegro),C#,Major,C# Major,0,0,0,0,0,0,0,0,1,0,0,0,1,0,1,0,0
usher,pop ya collar - radio edit,False,2016,0.292,0.897,0.789,0.819,0.129,0.092,0.0,0.25,0.886,107,210,Moderato,F,Minor,F Minor,0,0,0,0,0,0,0,0,1,0,0,0,1,1,0,0,0
madonna,don't tell me,False,2000,0.596,0.674,0.596,0.651,0.066,0.051,0.001,0.084,0.686,100,280,Moderato,G,Major,G Major,0,0,0,0,0,0,0,0,0,0,0,0,1,0,0,0,0
blue,if you come back,False,2001,0.652,0.536,0.691,0.792,0.016,0.084,0.0,0.03,0.709,78,207,Moderato,A#,Major,A# Major,0,0,0,0,0,0,0,0,0,0,0,0,1,0,0,0,0
atomic kitten,eternal flame - single version,False,2001,0.652,0.531,0.557,0.674,0.016,0.067,0.004,0.055,0.396,83,195,Moderato,C,Major,C Major,0,0,0,0,0,0,0,0,0,0,0,0,1,0,0,0,0
jagged edge,where the party at (feat. nelly),False,2001,0.753,0.552,0.642,0.705,0.367,0.318,0.0,0.076,0.879,129,232,Veloce (Allegro),F,Minor,F Minor,0,0,0,0,0,0,0,0,1,0,0,0,1,1,0,0,0
afroman,because i got high,True,2001,0.764,0.796,0.303,0.591,0.841,0.173,0.0,0.068,0.867,166,197,Vivace,G,Major,G Major,0,0,0,0,0,0,0,0,1,0,0,0,0,0,0,0,0
s club 7,don't stop movin',False,2001,0.708,0.819,0.654,0.711,0.018,0.029,0.0,0.23,0.933,117,233,Allegretto,G,Major,G Major,0,0,0,0,0,0,0,0,0,0,0,0,1,0,0,0,0
craig david,fill me in,False,2000,0.674,0.654,0.73,0.669,0.024,0.385,0.01,0.046,0.844,132,257,Veloce (Allegro),G#,Major,G# Major,0,0,0,0,0,0,0,0,1,0,0,0,1,1,0,0,0
nelly furtado,turn off the light,False,2000,0.011,0.541,0.661,0.704,0.126,0.086,0.0,0.471,0.654,180,276,Frenetico (Presto),D,Major,D Major,0,0,0,0,0,0,0,0,1,0,1,0,1,0,0,0,0
supermen lovers,starlight - radio edit,False,2001,0.685,0.721,0.661,0.763,0.026,0.0,0.019,0.442,0.8,127,234,Veloce (Allegro),C,Major,C Major,0,0,0,0,1,0,1,0,0,0,0,0,0,0,0,0,0
mis-teeq,all i want - sunship radio edit,False,2004,0.517,0.787,0.915,0.862,0.109,0.379,0.009,0.201,0.986,134,207,Veloce (Allegro),A,Minor,A Minor,0,0,0,0,1,0,1,0,0,0,0,0,1,0,0,0,0
jagged edge,promise,False,2000,0.629,0.735,0.544,0.745,0.116,0.139,0.0,0.009,0.65,128,246,Veloce (Allegro),F,Minor,F Minor,0,0,0,0,0,0,0,0,1,0,0,0,1,1,0,0,0
s club 7,have you ever,False,2001,0.674,0.539,0.685,0.73,0.017,0.551,0.0,0.234,0.505,140,201,Veloce (Allegro),C,Major,C Major,0,0,0,0,0,0,0,0,0,0,0,0,1,0,0,0,0
enya,only time,False,2000,0.775,0.342,0.206,0.334,0.012,0.862,0.671,0.109,0.187,83,218,Moderato,D#,Major,D# Major,1,0,0,0,0,0,0,1,0,0,0,0,0,0,0,1,1
faith hill,there you'll be,False,2001,0.674,0.227,0.483,0.63,0.013,0.526,0.0,0.127,0.141,129,222,Veloce (Allegro),G#,Major,G# Major,0,0,0,1,0,0,0,0,0,0,0,0,1,0,0,0,0
ronan keating,lovin' each day,False,2000,0.652,0.487,0.894,0.704,0.072,0.018,0.0,0.318,0.846,107,212,Moderato,C#,Major,C# Major,0,0,0,0,0,0,0,0,0,0,0,0,1,0,1,0,0
destiny's child,bootylicious,False,2001,0.719,0.84,0.826,0.797,0.456,0.003,0.0,0.157,0.641,103,207,Moderato,C#,Minor,C# Minor,0,0,0,0,0,0,0,0,0,0,0,0,1,1,0,0,0
steps,it's the way you make me feel,False,2000,0.596,0.525,0.646,0.763,0.001,0.111,0.0,0.088,0.33,105,197,Moderato,G#,Major,G# Major,0,0,0,0,1,0,1,0,0,0,0,0,1,0,0,0,0
sunshine anderson,heard it all before,False,2001,0.629,0.671,0.922,0.806,0.349,0.063,0.0,0.088,0.684,97,295,Moderato,D#,Minor,D# Minor,0,0,0,0,0,0,0,0,0,0,0,0,1,1,0,0,0
lenny kravitz,again,False,2000,0.764,0.498,0.794,0.756,0.007,0.015,0.0,0.1,0.803,79,231,Moderato,D,Major,D Major,0,0,0,0,0,0,0,0,0,0,0,0,1,0,1,0,0
daniel bedingfield,gotta get thru this - d'n'd radio edit,False,2002,0.517,0.836,0.749,0.764,0.066,0.085,0.0,0.097,0.966,134,162,Veloce (Allegro),G,Minor,G Minor,0,0,0,0,0,0,0,0,0,0,0,0,1,0,0,0,0
db boulevard,point of view - radio edit,False,2018,0.0,0.647,0.699,0.675,0.01,0.003,0.076,0.056,0.253,129,231,Veloce (Allegro),F#,Major,F# Major,0,0,0,0,1,0,1,0,0,0,0,0,0,0,0,0,0
janet jackson,all for you,False,2001,0.73,0.738,0.931,0.865,0.091,0.018,0.066,0.128,0.74,114,329,Allegretto,D,Major,D Major,0,0,0,0,0,0,0,0,0,0,0,0,1,1,0,0,0
atomic kitten,whole again,False,2001,0.742,0.73,0.69,0.784,0.033,0.086,0.004,0.183,0.566,94,185,Moderato,E,Major,E Major,0,0,0,0,0,0,0,0,0,0,0,0,1,0,0,0,0
ja rule,livin' it up,False,2001,0.719,0.881,0.755,0.812,0.521,0.057,0.0,0.024,0.64,106,257,Moderato,F#,Major,F# Major,0,0,0,0,0,0,0,0,1,0,0,0,1,1,0,0,0
destiny's child,"independent women, pt. 1",False,2001,0.73,0.71,0.58,0.827,0.331,0.371,0.0,0.177,0.951,98,221,Moderato,F#,Minor,F# Minor,0,0,0,0,0,0,0,0,0,0,0,0,1,1,0,0,0
dj pied piper & the masters of ceremonies,do you really like it? - radio edit,False,2001,0.607,0.849,0.871,0.746,0.047,0.127,0.0,0.152,0.776,131,217,Veloce (Allegro),D,Major,D Major,0,0,0,0,1,0,1,0,0,0,0,0,0,0,0,0,0
jennifer lopez,i'm real (feat. ja rule) - murder remix,True,2001,0.742,0.684,0.564,0.622,0.231,0.28,0.0,0.06,0.552,83,262,Moderato,B,Minor,B Minor,0,0,0,0,0,0,0,0,1,0,0,0,1,1,0,0,0
musiq soulchild,love,False,2000,0.0,0.52,0.35,0.524,0.048,0.35,0.0,0.08,0.322,100,304,Moderato,C#,Minor,C# Minor,0,0,0,0,0,0,0,0,0,0,0,0,1,1,0,0,0
so solid crew,21 seconds,True,2001,0.573,0.565,0.617,0.466,0.394,0.02,0.0,0.123,0.834,137,302,Veloce (Allegro),C#,Major,C# Major,0,0,0,0,1,0,1,0,0,0,0,0,0,0,0,0,0
robbie williams,eternity,False,2001,0.539,0.402,0.277,0.613,0.006,0.516,0.0,0.085,0.172,78,302,Moderato,A#,Major,A# Major,0,0,0,0,0,0,0,0,0,0,0,0,1,0,1,0,0
basement jaxx,romeo,False,2001,0.0,0.69,0.82,0.808,0.047,0.008,0.002,0.141,0.862,127,217,Veloce (Allegro),D,Major,D Major,0,0,0,0,1,0,1,0,0,0,0,0,1,0,0,0,0
ludacris,southern hospitality (featuring pharrell),True,2000,0.607,0.584,0.891,0.78,0.405,0.036,0.0,0.087,0.615,95,300,Moderato,C,Major,C Major,0,0,0,0,0,0,0,0,1,0,0,0,1,0,0,0,0
gabrielle,rise,False,2001,0.674,0.507,0.451,0.545,0.005,0.323,0.0,0.082,0.634,145,219,Veloce (Allegro),G#,Major,G# Major,0,0,0,0,0,0,0,0,0,0,0,0,1,1,0,0,0
nelly,ride wit me,True,2000,0.843,0.852,0.683,0.693,0.044,0.063,0.0,0.268,0.732,102,291,Moderato,G,Major,G Major,0,0,0,0,0,0,0,0,1,0,0,0,1,1,0,0,0
trick daddy,i'm a thug,True,2001,0.663,0.95,0.536,0.719,0.179,0.028,0.0,0.097,0.586,140,254,Veloce (Allegro),B,Major,B Major,0,0,0,0,0,0,0,0,1,0,0,0,1,0,0,0,0
travis,sing,False,2001,0.764,0.238,0.9,0.764,0.048,0.0,0.0,0.06,0.236,163,228,Vivace,E,Major,E Major,0,0,0,0,0,0,0,0,0,0,0,0,1,0,1,0,0
jay-z,izzo (h.o.v.a.),True,2001,0.708,0.578,0.836,0.814,0.577,0.018,0.0,0.05,0.705,84,240,Moderato,C#,Minor,C# Minor,0,0,0,0,0,0,0,0,1,0,0,0,0,0,0,0,0
gabrielle,out of reach,False,2001,0.775,0.45,0.45,0.689,0.04,0.515,0.0,0.102,0.49,183,196,Frenetico (Presto),B,Major,B Major,0,0,0,0,0,0,0,0,0,0,0,0,1,1,0,0,0
opm,heaven is a halfpipe (if i die),True,2000,0.629,0.726,0.889,0.673,0.021,0.077,0.003,0.416,0.783,96,257,Moderato,G#,Major,G# Major,0,0,0,0,0,0,0,0,0,0,0,0,0,0,1,0,0
k-ci & jojo,crazy,False,2019,0.337,0.651,0.624,0.791,0.005,0.086,0.0,0.634,0.477,116,262,Allegretto,C,Major,C Major,0,0,0,0,0,0,0,0,0,0,0,0,1,1,0,0,0
staind,it's been awhile,True,2001,0.719,0.449,0.762,0.813,0.019,0.002,0.001,0.146,0.047,117,264,Allegretto,F#,Major,F# Major,0,0,0,0,0,0,0,0,0,0,0,1,0,0,1,0,0
3lw,no more (baby i'ma do right),False,2000,0.629,0.7,0.708,0.664,0.072,0.104,0.0,0.052,0.773,89,263,Moderato,D,Minor,D Minor,0,0,0,0,0,0,0,0,0,0,0,0,1,1,0,0,0
ginuwine,differences,False,2001,0.73,0.512,0.571,0.787,0.059,0.326,0.0,0.348,0.412,63,265,Lento (Adagio),D#,Minor,D# Minor,0,0,0,0,0,0,0,0,1,0,0,0,1,1,0,0,0
nsync,gone,False,2001,0.506,0.674,0.369,0.59,0.069,0.431,0.0,0.126,0.494,114,292,Allegretto,B,Minor,B Minor,0,0,0,0,0,0,0,0,0,0,0,0,1,0,0,0,0
lifehouse,hanging by a moment,False,2000,0.685,0.482,0.851,0.771,0.021,0.001,0.0,0.072,0.496,125,216,Veloce (Allegro),C#,Major,C# Major,0,0,0,0,0,0,0,0,0,0,0,1,1,0,1,0,0
nelly,dilemma,True,2002,0.865,0.707,0.526,0.615,0.211,0.233,0.0,0.212,0.608,168,289,Vivace,D,Minor,D Minor,0,0,0,0,0,0,0,0,1,0,0,0,1,1,0,0,0
eminem,without me,True,2002,0.978,0.921,0.65,0.874,0.092,0.003,0.0,0.259,0.667,112,290,Allegretto,G,Major,G Major,0,0,0,0,0,0,0,0,1,0,0,0,0,0,0,0,0
avril lavigne,complicated,False,2002,0.876,0.539,0.764,0.722,0.041,0.059,0.0,0.335,0.416,78,244,Moderato,F,Major,F Major,0,0,0,0,0,0,0,0,0,0,0,0,1,0,0,0,0
vanessa carlton,a thousand miles,False,2002,0.843,0.509,0.816,0.823,0.027,0.331,0.0,0.168,0.246,95,237,Moderato,B,Major,B Major,1,0,0,0,0,0,0,1,0,0,0,0,1,0,0,0,0
calling,wherever you will go,False,2001,0.809,0.507,0.703,0.761,0.006,0.038,0.0,0.112,0.356,112,208,Allegretto,D,Major,D Major,0,0,0,0,0,0,0,0,0,0,0,0,1,0,0,0,0
shakira,underneath your clothes,False,2001,0.719,0.576,0.574,0.75,0.033,0.708,0.0,0.099,0.346,166,224,Vivace,G#,Major,G# Major,0,0,0,0,0,0,0,0,0,0,1,0,1,0,0,0,0
no doubt,underneath it all,False,2001,0.303,0.709,0.716,0.775,0.082,0.238,0.0,0.444,0.857,138,302,Veloce (Allegro),E,Major,E Major,0,0,0,0,0,0,0,0,0,0,0,0,1,0,1,0,0
truth hurts,addictive,True,2002,0.652,0.676,0.659,0.688,0.224,0.076,0.0,0.199,0.352,99,226,Moderato,B,Minor,B Minor,0,0,0,0,0,0,0,0,0,0,0,0,1,1,0,0,0
busta rhymes,i know what you want (feat. flipmode squad),True,2002,0.764,0.614,0.746,0.8,0.512,0.014,0.0,0.754,0.513,86,324,Moderato,F#,Major,F# Major,0,0,0,0,0,0,0,0,1,0,0,0,1,0,0,0,0
eminem,'till i collapse,True,2002,0.955,0.495,0.839,0.854,0.294,0.064,0.0,0.072,0.066,171,297,Vivace,C#,Major,C# Major,0,0,0,0,0,0,0,0,1,0,0,0,0,0,0,0,0
diddy,"i need a girl (pt. 2) [feat. loon, ginuwine & mario winans]",False,2004,0.775,0.69,0.441,0.648,0.832,0.431,0.0,0.011,0.792,200,285,Frenetico (Presto),C#,Minor,C# Minor,0,0,0,0,0,0,0,0,1,0,0,0,1,0,0,0,0
christina milian,when you look at me - radio edit,False,2001,0.674,0.976,0.83,0.846,0.188,0.096,0.0,0.093,0.842,109,222,Allegretto,D#,Minor,D# Minor,0,0,0,0,0,0,0,0,1,0,0,0,1,1,0,0,0
madonna,die another day,False,2003,0.596,0.784,0.786,0.758,0.121,0.064,0.003,0.082,0.484,124,276,Veloce (Allegro),C,Minor,C Minor,0,0,0,0,0,0,0,0,0,0,0,0,1,0,0,0,0
jennifer lopez,i'm gonna be alright (feat. nas),False,2002,0.596,0.696,0.673,0.797,0.437,0.109,0.0,0.3,0.787,93,172,Moderato,A#,Minor,A# Minor,0,0,0,0,0,0,0,0,1,0,0,0,1,1,0,0,0
angie martinez,if i could go! (feat. lil' mo & sacario),False,2019,0.449,0.537,0.623,0.644,0.6,0.175,0.0,0.022,0.708,196,244,Frenetico (Presto),A,Minor,A Minor,0,0,0,0,0,0,0,0,0,0,0,0,1,0,0,0,0
linkin park,in the end,False,2000,0.933,0.505,0.857,0.724,0.064,0.01,0.0,0.226,0.387,105,216,Moderato,D#,Minor,D# Minor,0,0,0,0,0,0,0,0,0,0,0,1,0,0,1,0,0
las ketchup,the ketchup song (aserejé) - spanglish version,False,2002,0.742,0.565,0.92,0.679,0.13,0.02,0.0,0.085,0.888,185,213,Frenetico (Presto),C#,Major,C# Major,0,0,0,0,0,0,0,0,0,0,1,0,0,0,0,0,0
aaliyah,rock the boat,False,2019,0.0,0.605,0.704,0.756,0.019,0.07,0.003,0.206,0.406,93,275,Moderato,F,Major,F Major,0,0,0,0,0,0,0,0,1,0,0,0,1,1,0,0,0
holly valance,kiss kiss,False,2002,0.607,0.681,0.701,0.769,0.184,0.004,0.468,0.058,0.552,97,204,Moderato,E,Minor,E Minor,0,0,0,0,1,0,1,0,0,0,0,0,1,0,0,0,0
sugababes,round round,False,2002,0.663,0.722,0.837,0.826,0.019,0.003,0.0,0.112,0.76,127,236,Veloce (Allegro),F#,Minor,F# Minor,0,0,0,0,0,0,0,0,0,0,0,0,1,1,0,0,0
marilyn manson,tainted love,False,2003,0.674,0.583,0.87,0.629,0.09,0.001,0.0,0.325,0.534,142,200,Veloce (Allegro),G#,Major,G# Major,0,0,0,0,0,0,0,0,0,0,0,1,0,0,1,0,0
brandy,what about us?,False,2002,0.483,0.658,0.681,0.868,0.361,0.27,0.0,0.443,0.759,93,253,Moderato,F,Minor,F Minor,0,0,0,0,0,0,0,0,1,0,0,0,1,1,0,0,0
chad kroeger,hero (feat. josey scott),False,2003,0.742,0.352,0.835,0.789,0.024,0.002,0.0,0.189,0.284,147,200,Veloce (Allegro),E,Major,E Major,0,0,0,0,0,0,0,0,0,0,0,1,0,0,0,0,0
britney spears,overprotected - radio edit,False,2001,0.685,0.654,0.889,0.928,0.09,0.039,0.0,0.474,0.863,96,198,Moderato,C,Minor,C Minor,0,0,0,0,0,0,0,0,0,0,0,0,1,0,0,0,0
scooter,the logical song,False,2013,0.517,0.47,0.93,0.704,0.027,0.001,0.037,0.485,0.487,144,234,Veloce (Allegro),F#,Minor,F# Minor,0,0,0,0,1,0,1,0,0,0,0,0,1,0,0,0,0
missy elliott,4 my people (feat. eve),True,2001,0.551,0.993,0.684,0.643,0.24,0.143,0.002,0.216,0.927,121,289,Veloce (Allegro),C#,Major,C# Major,0,0,0,0,0,0,0,0,1,0,0,0,1,1,0,0,0
aaliyah,more than a woman,False,2002,0.472,0.611,0.618,0.727,0.1,0.057,0.001,0.193,0.751,87,230,Moderato,B,Major,B Major,0,0,0,0,0,0,0,0,1,0,0,0,1,1,0,0,0
brandy,full moon,False,2002,0.584,0.57,0.635,0.775,0.21,0.381,0.004,0.086,0.611,106,248,Moderato,A#,Minor,A# Minor,0,0,0,0,0,0,0,0,1,0,0,0,1,1,0,0,0
blue,one love,False,2002,0.674,0.655,0.707,0.814,0.023,0.025,0.0,0.395,0.873,95,207,Moderato,G#,Minor,G# Minor,0,0,0,0,0,0,0,0,0,0,0,0,1,0,0,0,0
busta rhymes,pass the courvoisier part ii (feat. p. diddy & pharrell) - remix,True,2001,0.618,0.671,0.782,0.782,0.542,0.086,0.0,0.049,0.558,90,238,Moderato,F#,Minor,F# Minor,0,0,0,0,0,0,0,0,1,0,0,0,1,0,0,0,0
celine dion,a new day has come - radio remix,False,2001,0.663,0.526,0.674,0.762,0.021,0.085,0.0,0.153,0.168,92,259,Moderato,F#,Major,F# Major,0,0,0,0,0,0,0,0,0,0,0,0,1,0,0,0,0
scooter,nessaja,False,2013,0.528,0.422,0.899,0.685,0.024,0.001,0.1,0.199,0.086,143,208,Veloce (Allegro),D,Major,D Major,0,0,0,0,1,0,1,0,0,0,0,0,1,0,0,0,0
eve,gangsta lovin',True,2002,0.652,0.702,0.832,0.84,0.068,0.063,0.0,0.088,0.844,94,239,Moderato,C#,Minor,C# Minor,0,0,0,0,0,0,0,0,1,0,0,0,1,1,0,0,0
disturbing tha peace,move bitch,True,2002,0.663,0.766,0.737,0.732,0.199,0.251,0.0,0.094,0.164,178,272,Frenetico (Presto),C#,Major,C# Major,0,0,0,0,0,0,0,0,1,0,0,0,1,0,0,0,0
khia,"my neck, my back (lick it)",True,2015,0.663,0.863,0.604,0.804,0.193,0.03,0.0,0.039,0.719,102,222,Moderato,A,Minor,A Minor,0,0,0,0,0,0,0,0,0,0,0,0,1,1,0,0,0
tweet,oops (oh my) [feat. missy elliott],True,2002,0.719,0.628,0.51,0.58,0.483,0.239,0.007,0.108,0.788,160,237,Vivace,A#,Minor,A# Minor,0,0,0,0,0,0,0,0,1,0,0,0,1,1,0,0,0
kylie minogue,spinning around,False,2000,0.618,0.747,0.643,0.636,0.057,0.299,0.0,0.089,0.634,120,207,Allegretto,F#,Minor,F# Minor,0,0,0,0,1,0,1,0,0,0,0,0,1,0,0,0,0
nelly,hot in herre,True,2002,0.843,0.978,0.731,0.779,0.175,0.211,0.0,0.048,0.935,107,228,Moderato,B,Minor,B Minor,0,0,0,0,0,0,0,0,1,0,0,0,1,1,0,0,0
gareth gates,anyone of us (stupid mistake),False,2003,0.596,0.675,0.704,0.714,0.005,0.292,0.0,0.076,0.659,107,227,Moderato,C#,Major,C# Major,0,0,0,0,0,0,0,0,0,0,0,0,1,0,0,0,0
christina aguilera,dirrty (feat. redman),False,2002,0.764,0.604,0.884,0.862,0.54,0.11,0.0,0.382,0.426,100,298,Moderato,D,Major,D Major,0,0,0,0,0,0,0,0,0,0,0,0,1,0,0,0,0
b2k,uh huh,False,2002,0.551,0.858,0.663,0.769,0.082,0.09,0.0,0.045,0.93,100,223,Moderato,D,Major,D Major,0,0,0,0,0,0,0,0,1,0,0,0,1,1,0,0,0
sugababes,freak like me,False,2002,0.506,0.459,0.915,0.843,0.125,0.102,0.0,0.644,0.373,92,195,Moderato,F,Major,F Major,0,0,0,0,0,0,0,0,0,0,0,0,1,1,0,0,0
dirty vegas,days go by,False,2002,0.539,0.777,0.845,0.605,0.082,0.051,0.088,0.395,0.29,127,432,Veloce (Allegro),A,Minor,A Minor,0,0,0,0,1,0,1,0,0,0,0,0,0,0,0,0,0
fat joe,what's luv? (feat. ja-rule & ashanti),True,2001,0.82,0.834,0.691,0.763,0.066,0.022,0.0,0.104,0.942,94,267,Moderato,G#,Major,G# Major,0,0,0,0,0,0,0,0,1,0,0,0,1,0,0,0,0
liberty x,just a little,False,2019,0.483,0.777,0.592,0.69,0.062,0.006,0.0,0.033,0.753,104,237,Moderato,F,Minor,F Minor,0,0,0,0,0,0,0,0,0,0,0,0,1,0,0,0,0
no doubt,hella good,False,2001,0.292,0.759,0.646,0.818,0.021,0.014,0.012,0.083,0.862,115,242,Allegretto,G#,Major,G# Major,0,0,0,0,0,0,0,0,0,0,0,0,1,0,1,0,0
ll cool j,luv u better,False,2002,0.022,0.637,0.796,0.821,0.39,0.238,0.0,0.191,0.73,95,287,Moderato,F#,Major,F# Major,0,0,0,0,0,0,0,0,1,0,0,0,1,1,0,0,0
red hot chili peppers,can't stop,False,2002,0.899,0.578,0.935,0.844,0.04,0.018,0.0,0.175,0.895,91,269,Moderato,A,Major,A Major,0,0,0,0,0,0,0,0,0,0,0,0,0,0,1,0,0
musiq soulchild,halfcrazy,False,2002,0.652,0.334,0.757,0.714,0.284,0.473,0.0,0.032,0.406,102,254,Moderato,B,Minor,B Minor,0,0,0,0,0,0,0,0,0,0,0,0,1,1,0,0,0
sean paul,gimme the light,True,2002,0.663,0.767,0.748,0.74,0.053,0.144,0.0,0.027,0.946,107,228,Moderato,D,Major,D Major,0,0,0,0,0,0,0,0,1,0,0,0,1,0,0,0,0
faith evans,i love you,False,2001,0.596,0.426,0.744,0.813,0.126,0.01,0.0,0.256,0.566,168,267,Vivace,B,Minor,B Minor,0,0,0,0,0,0,0,0,1,0,0,0,1,1,0,0,0
charli baltimore,down 4 u,True,2002,0.528,0.604,0.567,0.646,0.537,0.258,0.0,0.774,0.514,83,318,Moderato,G,Major,G Major,0,0,0,0,0,0,0,0,0,0,0,0,1,0,0,0,0
kylie minogue,love at first sight,False,2001,0.618,0.56,0.762,0.714,0.036,0.03,0.052,0.038,0.473,125,238,Veloce (Allegro),D#,Minor,D# Minor,0,0,0,0,1,0,1,0,0,0,0,0,1,0,0,0,0
n.o.r.e.,nothin',True,2002,0.652,0.782,0.856,0.711,0.231,0.325,0.0,0.299,0.753,97,264,Moderato,D#,Minor,D# Minor,0,0,0,0,0,0,0,0,1,0,0,0,1,0,0,0,0
gareth gates,unchained melody,False,2003,0.393,0.282,0.393,0.616,0.008,0.261,0.0,0.104,0.182,107,233,Moderato,A#,Major,A# Major,0,0,0,0,0,0,0,0,0,0,0,0,1,0,0,0,0
diddy,i need a girl (pt. 1) [feat. usher & loon],False,2005,0.708,0.628,0.691,0.729,0.334,0.407,0.0,0.228,0.773,89,268,Moderato,F#,Major,F# Major,0,0,0,0,0,0,0,0,1,0,0,0,1,0,0,0,0
big brovaz,nu flow,False,2001,0.506,0.773,0.711,0.583,0.15,0.092,0.0,0.411,0.798,148,201,Veloce (Allegro),G,Major,G Major,0,0,0,0,0,0,0,0,0,0,0,0,1,0,0,0,0
no doubt,hey baby,False,2001,0.27,0.681,0.866,0.838,0.184,0.062,0.0,0.248,0.757,94,207,Moderato,B,Minor,B Minor,0,0,0,0,0,0,0,0,0,0,0,0,1,0,1,0,0
ashanti,baby,True,2002,0.618,0.518,0.556,0.729,0.361,0.009,0.0,0.015,0.451,158,265,Vivace,E,Minor,E Minor,0,0,0,0,0,0,0,0,1,0,0,0,1,1,0,0,0
sophie ellis-bextor,murder on the dancefloor,False,2002,0.697,0.715,0.84,0.752,0.014,0.003,0.0,0.351,0.882,117,230,Allegretto,C#,Minor,C# Minor,0,0,0,0,1,0,1,0,0,0,0,0,1,0,0,0,0
justin timberlake,like i love you,False,2002,0.697,0.856,0.801,0.77,0.075,0.045,0.0,0.059,0.922,115,283,Allegretto,F#,Minor,F# Minor,0,0,0,0,0,0,0,0,0,0,0,0,1,0,0,0,0
mary j. blige,rainy dayz,False,2001,0.36,0.334,0.648,0.668,0.372,0.2,0.0,0.341,0.529,69,276,Lento (Adagio),F#,Major,F# Major,0,0,0,0,0,0,0,0,0,0,0,0,1,1,0,0,0
a1,caught in the middle,False,2001,0.596,0.461,0.868,0.76,0.02,0.054,0.0,0.266,0.571,96,206,Moderato,F,Major,F Major,0,0,0,0,0,0,0,0,0,0,0,0,1,0,0,0,0
eminem,cleanin' out my closet,True,2002,0.798,0.921,0.745,0.779,0.273,0.07,0.0,0.068,0.89,148,297,Veloce (Allegro),A,Minor,A Minor,0,0,0,0,0,0,0,0,1,0,0,0,0,0,0,0,0
ashanti,happy,True,2002,0.685,0.707,0.487,0.69,0.01,0.247,0.0,0.123,0.703,89,262,Moderato,D,Minor,D Minor,0,0,0,0,0,0,0,0,1,0,0,0,1,1,0,0,0
delta goodrem,born to try,False,2003,0.607,0.488,0.566,0.677,0.009,0.252,0.0,0.2,0.319,134,251,Veloce (Allegro),G#,Major,G# Major,0,0,0,0,0,0,0,0,0,0,0,0,1,0,0,0,0
p!nk,get the party started,False,2001,0.764,0.796,0.898,0.852,0.041,0.001,0.0,0.182,0.986,129,192,Veloce (Allegro),B,Minor,B Minor,0,0,0,0,0,0,0,0,0,0,0,0,1,0,0,0,0
alicia keys,a woman's worth,False,2001,0.584,0.618,0.376,0.602,0.244,0.341,0.0,0.051,0.489,75,303,Lento (Adagio),E,Minor,E Minor,0,0,0,0,0,0,0,0,0,0,0,0,1,1,0,0,0
daniel bedingfield,gotta get thru this - d'n'd radio edit,False,2002,0.629,0.838,0.751,0.763,0.064,0.088,0.0,0.083,0.948,134,161,Veloce (Allegro),G,Minor,G Minor,0,0,0,0,0,0,0,0,0,0,0,0,1,0,0,0,0
coldplay,clocks,False,2002,0.888,0.53,0.735,0.657,0.008,0.614,0.012,0.194,0.232,131,307,Veloce (Allegro),F,Minor,F Minor,0,0,0,0,0,0,0,0,0,0,0,0,1,0,1,0,0
missy elliott,work it,True,2002,0.786,0.892,0.659,0.737,0.47,0.08,0.0,0.062,0.584,102,263,Moderato,C#,Major,C# Major,0,0,0,0,0,0,0,0,1,0,0,0,1,1,0,0,0
ronan keating,if tomorrow never comes,False,2002,0.674,0.503,0.467,0.71,0.009,0.341,0.0,0.089,0.248,79,214,Moderato,A#,Major,A# Major,0,0,0,0,0,0,0,0,0,0,0,0,1,0,1,0,0
big tymers,still fly,True,2002,0.719,0.645,0.585,0.839,0.251,0.031,0.0,0.382,0.558,178,335,Frenetico (Presto),B,Major,B Major,0,0,0,0,0,0,0,0,1,0,0,0,1,0,0,0,0
creed,my sacrifice,False,2001,0.775,0.226,0.874,0.715,0.049,0.0,0.0,0.066,0.234,146,294,Veloce (Allegro),D,Major,D Major,0,0,0,0,0,0,0,0,0,0,0,1,1,0,1,0,0
ja rule,always on time,True,2001,0.82,0.839,0.69,0.712,0.318,0.213,0.0,0.265,0.857,97,245,Moderato,F,Minor,F Minor,0,0,0,0,0,0,0,0,1,0,0,0,1,1,0,0,0
ashanti,foolish,True,2002,0.786,0.634,0.678,0.729,0.054,0.356,0.0,0.102,0.716,90,227,Moderato,C,Major,C Major,0,0,0,0,0,0,0,0,1,0,0,0,1,1,0,0,0
avril lavigne,sk8er boi,False,2002,0.843,0.423,0.895,0.795,0.045,0.0,0.0,0.405,0.477,150,204,Veloce (Allegro),C,Major,C Major,0,0,0,0,0,0,0,0,0,0,0,0,1,0,0,0,0
dj sammy,heaven,False,2002,0.708,0.522,0.951,0.737,0.057,0.001,0.001,0.246,0.602,138,233,Veloce (Allegro),G#,Major,G# Major,0,0,0,0,0,0,0,0,0,0,0,0,1,0,0,0,0
britney spears,"i'm not a girl, not yet a woman",False,2001,0.652,0.479,0.517,0.675,0.002,0.593,0.0,0.109,0.406,79,231,Moderato,D#,Major,D# Major,0,0,0,0,0,0,0,0,0,0,0,0,1,0,0,0,0
cam’ron,oh boy,True,2002,0.753,0.739,0.754,0.738,0.22,0.022,0.0,0.181,0.845,83,204,Moderato,F#,Major,F# Major,0,0,0,0,0,0,0,0,1,0,0,0,1,0,0,0,0
red hot chili peppers,by the way,False,2002,0.82,0.381,0.969,0.77,0.152,0.027,0.004,0.097,0.171,122,216,Veloce (Allegro),C,Major,C Major,0,0,0,0,0,0,0,0,0,0,0,0,0,0,1,0,0
elvis presley,a little less conversation - jxl radio edit remix,False,2002,0.674,0.553,0.969,0.718,0.049,0.0,0.208,0.134,0.726,115,211,Allegretto,E,Minor,E Minor,0,0,0,0,0,1,0,0,0,0,0,0,0,0,1,0,0
atomic kitten,the tide is high - radio mix,False,2002,0.73,0.773,0.629,0.81,0.016,0.021,0.005,0.055,0.671,104,206,Moderato,G,Major,G Major,0,0,0,0,0,0,0,0,0,0,0,0,1,0,0,0,0
nsync,girlfriend,False,2001,0.562,0.728,0.797,0.757,0.118,0.091,0.0,0.008,0.877,94,253,Moderato,C,Minor,C Minor,0,0,0,0,0,0,0,0,0,0,0,0,1,0,0,0,0
robbie williams,somethin' stupid,False,2001,0.719,0.621,0.487,0.412,0.005,0.44,0.0,0.183,0.683,106,170,Moderato,C,Major,C Major,0,0,0,0,0,0,0,0,0,0,0,0,1,0,1,0,0
alanis morissette,hands clean,False,2002,0.64,0.454,0.81,0.745,0.012,0.002,0.0,0.58,0.516,100,269,Moderato,G,Major,G Major,1,0,0,0,0,0,0,1,0,0,0,0,1,0,0,0,0
usher,u don't have to call,True,2001,0.663,0.785,0.544,0.769,0.041,0.049,0.0,0.011,0.821,100,269,Moderato,C#,Major,C# Major,0,0,0,0,0,0,0,0,1,0,0,0,1,1,0,0,0
creed,one last breath - radio version,False,2015,0.528,0.297,0.71,0.712,0.024,0.006,0.0,0.335,0.175,131,242,Veloce (Allegro),D,Major,D Major,0,0,0,0,0,0,0,0,0,0,0,1,1,0,1,0,0
goo goo dolls,here is gone,False,2002,0.629,0.247,0.667,0.758,0.016,0.0,0.0,0.105,0.196,102,238,Moderato,C#,Major,C# Major,0,0,0,0,0,0,0,0,0,0,0,0,1,0,1,0,0
puddle of mudd,she hates me,True,2001,0.786,0.533,0.734,0.745,0.016,0.01,0.0,0.88,0.584,110,216,Allegretto,E,Major,E Major,0,0,0,0,0,0,0,0,0,0,0,1,0,0,1,0,0
ludacris,rollout (my business),True,2001,0.674,0.936,0.649,0.582,0.383,0.097,0.0,0.686,0.913,131,296,Veloce (Allegro),G,Major,G Major,0,0,0,0,0,0,0,0,1,0,0,0,1,0,0,0,0
blazin' squad,crossroads - radio edit,False,2012,0.449,0.629,0.732,0.759,0.034,0.112,0.0,0.365,0.496,144,188,Veloce (Allegro),E,Major,E Major,0,0,0,0,0,0,0,0,1,0,0,0,0,0,0,0,0
default,wasting my time,False,2001,0.449,0.371,0.756,0.74,0.014,0.001,0.0,0.056,0.141,148,268,Veloce (Allegro),D,Major,D Major,0,0,0,0,0,0,0,0,0,0,0,1,1,0,1,0,0
michelle branch,all you wanted,False,2001,0.674,0.437,0.704,0.564,0.01,0.005,0.003,0.121,0.657,96,217,Moderato,G#,Major,G# Major,1,0,0,0,0,0,0,1,0,0,0,0,1,0,0,0,0
daniel bedingfield,if you're not the one,False,2002,0.652,0.661,0.512,0.638,0.011,0.516,0.0,0.108,0.248,120,257,Allegretto,A#,Major,A# Major,0,0,0,0,0,0,0,0,0,0,0,0,1,0,0,0,0
enrique iglesias,escape,False,2001,0.629,0.765,0.836,0.752,0.012,0.028,0.0,0.136,0.888,126,208,Veloce (Allegro),B,Major,B Major,0,0,0,0,0,0,0,0,0,0,1,0,1,0,0,0,0
puddle of mudd,blurry,False,2001,0.719,0.358,0.933,0.79,0.06,0.007,0.0,0.142,0.493,157,303,Vivace,D#,Minor,D# Minor,0,0,0,0,0,0,0,0,0,0,0,1,0,0,1,0,0
coldplay,in my place,False,2002,0.809,0.349,0.565,0.744,0.008,0.057,0.0,0.332,0.166,145,226,Veloce (Allegro),A,Major,A Major,0,0,0,0,0,0,0,0,0,0,0,0,1,0,1,0,0
outkast,the whole world (feat. killer mike),True,2001,0.573,0.81,0.844,0.708,0.683,0.098,0.0,0.009,0.726,185,295,Frenetico (Presto),D,Major,D Major,0,0,0,0,0,0,0,0,1,0,0,0,1,0,0,0,0
p!nk,don't let me get me - radio edit,False,2001,0.674,0.585,0.842,0.779,0.095,0.002,0.0,0.049,0.617,99,210,Moderato,C,Minor,C Minor,0,0,0,0,0,0,0,0,0,0,0,0,1,0,0,0,0
50 cent,in da club,True,2003,0.91,0.91,0.697,0.878,0.62,0.261,0.0,0.059,0.79,90,193,Moderato,F#,Minor,F# Minor,0,0,0,0,0,0,0,0,1,0,0,0,1,0,0,0,0
sean paul,get busy,False,2002,0.832,0.716,0.815,0.809,0.023,0.63,0.0,0.164,0.736,100,211,Moderato,A#,Minor,A# Minor,0,0,0,0,0,0,0,0,1,0,0,0,1,0,0,0,0
eminem,"lose yourself - from ""8 mile"" soundtrack",True,2004,0.865,0.658,0.72,0.786,0.436,0.009,0.001,0.385,0.023,171,322,Vivace,D,Major,D Major,0,0,0,0,0,0,0,0,1,0,0,0,0,0,0,0,0
beyonce,crazy in love (feat. jay-z),False,2003,0.854,0.611,0.757,0.688,0.367,0.002,0.0,0.06,0.688,99,236,Moderato,D,Minor,D Minor,0,0,0,0,0,0,0,0,0,0,0,0,1,1,0,0,0
counting crows,big yellow taxi,False,2003,0.562,0.638,0.866,0.8,0.047,0.002,0.0,0.139,0.844,88,225,Moderato,G#,Major,G# Major,0,0,0,0,0,0,0,0,0,0,0,0,1,0,1,0,0
black eyed peas,where is the love?,False,2003,0.764,0.834,0.67,0.856,0.291,0.104,0.0,0.133,0.845,94,272,Moderato,F,Major,F Major,0,0,0,0,0,0,0,0,1,0,0,0,1,0,0,0,0
jennifer lopez,jenny from the block (feat. jadakiss & styles p.) - track masters remix,False,2002,0.786,0.846,0.755,0.744,0.298,0.008,0.0,0.043,0.986,100,187,Moderato,F#,Major,F# Major,0,0,0,0,0,0,0,0,1,0,0,0,1,1,0,0,0
black eyed peas,shut up,False,2003,0.629,0.805,0.698,0.818,0.398,0.065,0.0,0.259,0.559,113,296,Allegretto,D,Major,D Major,0,0,0,0,0,0,0,0,1,0,0,0,1,0,0,0,0
t.a.t.u.,all the things she said,True,2020,0.438,0.47,0.825,0.729,0.044,0.042,0.006,0.1,0.367,180,214,Frenetico (Presto),F,Minor,F Minor,0,0,0,0,0,0,0,0,0,0,0,0,1,0,0,0,0
benny benassi,satisfaction (isak original extended) - benny benassi presents the biz,False,2003,0.742,0.785,0.681,0.834,0.146,0.167,0.147,0.064,0.322,130,285,Veloce (Allegro),B,Major,B Major,0,0,0,0,1,0,1,0,0,0,0,0,1,0,0,0,0
busta rhymes,i know what you want (feat. flipmode squad),True,2002,0.764,0.614,0.746,0.8,0.512,0.014,0.0,0.754,0.513,86,324,Moderato,F#,Major,F# Major,0,0,0,0,0,0,0,0,1,0,0,0,1,0,0,0,0
panjabi mc,mundian to bach ke,False,2003,0.685,0.767,0.873,0.769,0.025,0.409,0.804,0.154,0.967,98,244,Moderato,G#,Minor,G# Minor,0,0,0,0,0,0,0,0,1,0,0,0,0,0,0,1,1
mis-teeq,scandalous - u.s. radio edit,False,2004,0.663,0.715,0.649,0.819,0.021,0.054,0.0,0.085,0.656,100,238,Moderato,C,Minor,C Minor,0,0,0,0,1,0,1,0,0,0,0,0,1,0,0,0,0
jay-z,03' bonnie & clyde,True,2002,0.798,0.745,0.66,0.759,0.526,0.236,0.0,0.154,0.309,90,205,Moderato,A,Minor,A Minor,0,0,0,0,0,0,0,0,1,0,0,0,0,0,0,0,0
50 cent,p.i.m.p.,True,2003,0.854,0.689,0.76,0.864,0.584,0.053,0.0,0.018,0.866,85,249,Moderato,A#,Minor,A# Minor,0,0,0,0,0,0,0,0,1,0,0,0,1,0,0,0,0
jamelia,superstar,False,2003,0.775,0.794,0.625,0.671,0.022,0.047,0.0,0.017,0.841,110,215,Allegretto,C#,Major,C# Major,0,0,0,0,0,0,0,0,0,0,0,0,1,0,0,0,0
linkin park,faint,False,2003,0.809,0.502,0.978,0.838,0.195,0.114,0.0,0.062,0.595,135,162,Veloce (Allegro),E,Major,E Major,0,0,0,0,0,0,0,0,0,0,0,1,0,0,1,0,0
dmx,x gon' give it to ya,True,2007,0.786,0.747,0.894,0.861,0.289,0.014,0.0,0.061,0.679,95,217,Moderato,A#,Minor,A# Minor,0,0,0,0,0,0,0,0,1,0,0,0,1,0,0,0,0
evanescence,bring me to life,False,2003,0.888,0.239,0.941,0.856,0.084,0.007,0.0,0.265,0.276,95,235,Moderato,E,Minor,E Minor,0,0,0,0,0,0,0,0,0,0,0,1,0,0,0,0,0
sugababes,hole in the head,False,2003,0.64,0.775,0.93,0.785,0.014,0.031,0.0,0.139,0.988,125,218,Veloce (Allegro),F#,Minor,F# Minor,0,0,0,0,0,0,0,0,0,0,0,0,1,1,0,0,0
craig david,rise & fall (feat. sting),False,2002,0.663,0.326,0.566,0.643,0.064,0.258,0.0,0.769,0.824,83,287,Moderato,F#,Minor,F# Minor,0,0,0,0,0,0,0,0,1,0,0,0,1,1,0,0,0
three days grace,i hate everything about you,False,2003,0.809,0.436,0.821,0.759,0.034,0.005,0.0,0.141,0.444,89,231,Moderato,F#,Minor,F# Minor,0,0,0,0,0,0,0,0,0,0,0,1,0,0,1,0,0
lil jon & the east side boyz,get low,False,2002,0.528,0.77,0.582,0.617,0.03,0.022,0.0,0.208,0.088,101,324,Moderato,C#,Major,C# Major,0,0,0,0,0,0,0,0,1,0,0,0,1,0,0,0,0
b2k,"bump, bump, bump (feat. p. diddy)",False,2003,0.697,0.834,0.662,0.716,0.338,0.102,0.0,0.033,0.91,96,282,Moderato,C#,Minor,C# Minor,0,0,0,0,0,0,0,0,1,0,0,0,1,1,0,0,0
baby bash,suga suga,False,2003,0.82,0.63,0.734,0.863,0.443,0.705,0.0,0.075,0.532,82,239,Moderato,F,Minor,F Minor,0,0,0,0,0,0,0,0,1,0,1,0,1,1,0,0,0
aaliyah,miss you - main,False,2002,0.404,0.559,0.302,0.526,0.026,0.633,0.0,0.256,0.506,110,245,Allegretto,A#,Major,A# Major,0,0,0,0,0,0,0,0,1,0,0,0,1,1,0,0,0
britney spears,me against the music (feat. madonna) - lp version / video mix,False,2003,0.663,0.798,0.827,0.686,0.119,0.328,0.0,0.23,0.868,120,223,Allegretto,F#,Minor,F# Minor,0,0,0,0,0,0,0,0,0,0,0,0,1,0,0,0,0
blue,sorry seems to be the hardest word,False,2004,0.64,0.514,0.577,0.677,0.013,0.188,0.0,0.431,0.432,79,210,Moderato,G,Minor,G Minor,0,0,0,0,0,0,0,0,0,0,0,0,1,0,0,0,0
delta goodrem,lost without you,False,2003,0.607,0.534,0.733,0.684,0.009,0.037,0.0,0.206,0.509,146,248,Veloce (Allegro),G,Major,G Major,0,0,0,0,0,0,0,0,0,0,0,0,1,0,0,0,0
justin timberlake,rock your body,False,2002,0.854,0.902,0.698,0.714,0.213,0.206,0.0,0.037,0.833,101,267,Moderato,E,Minor,E Minor,0,0,0,0,0,0,0,0,0,0,0,0,1,0,0,0,0
white stripes,seven nation army,False,2003,0.034,0.723,0.439,0.637,0.104,0.006,0.454,0.342,0.294,124,231,Veloce (Allegro),E,Minor,E Minor,0,1,0,0,0,0,0,0,0,0,0,0,0,0,1,0,0
youngbloodz,damn! (feat. lil' jon) - club mix,True,2003,0.607,0.76,0.709,0.727,0.513,0.015,0.0,0.401,0.513,84,298,Moderato,F#,Minor,F# Minor,0,0,0,0,0,0,0,0,1,0,0,0,1,0,0,0,0
beyonce,baby boy (feat. sean paul),False,2003,0.708,0.622,0.459,0.56,0.356,0.084,0.0,0.24,0.805,91,244,Moderato,C#,Major,C# Major,0,0,0,0,0,0,0,0,0,0,0,0,1,1,0,0,0
lil' kim,magic stick,True,2019,0.528,0.851,0.469,0.625,0.45,0.119,0.0,0.296,0.496,93,359,Moderato,D,Major,D Major,0,0,0,0,0,0,0,0,1,0,0,0,1,1,0,0,0
christina aguilera,can't hold us down (feat. lil' kim),False,2002,0.685,0.863,0.639,0.792,0.305,0.033,0.002,0.052,0.535,99,255,Moderato,G#,Major,G# Major,0,0,0,0,0,0,0,0,0,0,0,0,1,0,0,0,0
nickelback,someday,False,2003,0.764,0.385,0.851,0.734,0.029,0.001,0.0,0.246,0.598,163,207,Vivace,B,Minor,B Minor,0,0,0,0,0,0,0,0,0,0,0,1,0,0,1,0,0
blue,u make me wanna - radio edit,False,2003,0.539,0.557,0.721,0.706,0.018,0.333,0.0,0.139,0.866,158,222,Vivace,G,Major,G Major,0,0,0,0,0,0,0,0,0,0,0,0,1,0,0,0,0
ashanti,rain on me,False,2003,0.562,0.564,0.682,0.86,0.019,0.351,0.0,0.065,0.504,84,297,Moderato,G#,Minor,G# Minor,0,0,0,0,0,0,0,0,1,0,0,0,1,1,0,0,0
trapt,headstrong,True,2002,0.809,0.429,0.891,0.726,0.17,0.0,0.0,0.201,0.53,185,285,Frenetico (Presto),E,Minor,E Minor,0,0,0,0,0,0,0,0,0,0,0,1,0,0,1,0,0
simply red,sunrise,False,2008,0.652,0.782,0.718,0.76,0.01,0.002,0.204,0.078,0.94,106,199,Moderato,F,Minor,F Minor,1,0,0,0,0,0,0,1,0,0,0,0,1,1,1,0,0
lumidee,"never leave you (uh oooh, uh oooh)",False,2003,0.685,0.806,0.638,0.707,0.613,0.04,0.723,0.07,0.79,200,184,Frenetico (Presto),F#,Major,F# Major,0,0,0,0,0,0,0,0,0,0,0,0,1,1,0,0,0
girls aloud,sound of the underground,False,2003,0.652,0.519,0.86,0.724,0.024,0.004,0.0,0.369,0.9,164,221,Vivace,B,Major,B Major,0,0,0,0,1,0,1,0,0,0,0,0,1,0,0,0,0
nelly,shake ya tailfeather (feat. p. diddy & murphy lee) - 2016 remaster,False,2016,0.584,0.47,0.798,0.779,0.492,0.18,0.0,0.177,0.929,87,293,Moderato,C#,Major,C# Major,0,0,0,0,0,0,0,0,1,0,0,0,1,1,0,0,0
room 5,make luv,False,2003,0.64,0.891,0.881,0.77,0.168,0.011,0.64,0.018,0.652,125,212,Veloce (Allegro),C#,Major,C# Major,0,0,0,0,1,0,1,0,0,0,0,0,0,0,0,0,0
fatman scoop,be faithful,True,2009,0.551,0.615,0.697,0.693,0.492,0.001,0.0,0.357,0.632,101,164,Moderato,G,Major,G Major,0,0,0,0,0,0,0,0,1,0,0,0,0,0,0,0,0
limp bizkit,behind blue eyes,False,2003,0.786,0.551,0.46,0.685,0.007,0.509,0.0,0.117,0.056,120,269,Allegretto,G,Major,G Major,0,0,0,0,0,0,0,0,0,0,0,1,0,0,0,0,0
sugababes,too lost in you,False,2003,0.652,0.54,0.689,0.771,0.01,0.05,0.0,0.154,0.45,98,237,Moderato,C#,Minor,C# Minor,0,0,0,0,0,0,0,0,0,0,0,0,1,1,0,0,0
50 cent,"wanksta - from ""8 mile"" soundtrack",True,2003,0.64,0.796,0.856,0.838,0.32,0.02,0.0,0.144,0.893,81,219,Moderato,C#,Major,C# Major,0,0,0,0,0,0,0,0,1,0,0,0,1,0,0,0,0
pharrell williams,frontin' (feat. jay-z) - club mix,True,2003,0.753,0.904,0.37,0.722,0.193,0.464,0.0,0.07,0.771,102,236,Moderato,A,Minor,A Minor,0,0,0,0,0,0,0,0,1,0,0,0,1,0,0,0,0
chingy,right thurr,True,2003,0.775,0.871,0.735,0.817,0.416,0.154,0.0,0.048,0.912,92,250,Moderato,D,Major,D Major,0,0,0,0,0,0,0,0,1,0,0,0,1,1,0,0,0
eminem,sing for the moment,True,2002,0.798,0.637,0.815,0.808,0.206,0.002,0.0,0.025,0.157,164,339,Vivace,F,Minor,F Minor,0,0,0,0,0,0,0,0,1,0,0,0,0,0,0,0,0
lil' kim,the jump off (feat. mr. cheeks) - remix,True,2003,0.539,0.856,0.738,0.577,0.571,0.182,0.0,0.041,0.959,105,234,Moderato,C#,Major,C# Major,0,0,0,0,0,0,0,0,1,0,0,0,1,1,0,0,0
mya,my love is like...wo - main mix,False,2003,0.539,0.83,0.678,0.693,0.155,0.199,0.0,0.346,0.732,133,209,Veloce (Allegro),E,Major,E Major,0,0,0,0,0,0,0,0,0,0,0,0,1,1,0,0,0
50 cent,21 questions,True,2003,0.809,0.611,0.803,0.824,0.499,0.358,0.0,0.026,0.917,93,224,Moderato,F#,Minor,F# Minor,0,0,0,0,0,0,0,0,1,0,0,0,1,0,0,0,0
nelly,air force ones,True,2002,0.685,0.774,0.428,0.532,0.532,0.087,0.0,0.069,0.62,164,304,Vivace,E,Minor,E Minor,0,0,0,0,0,0,0,0,1,0,0,0,1,1,0,0,0
missy elliott,gossip folks (feat. ludacris),True,2002,0.64,0.683,0.512,0.754,0.872,0.371,0.0,0.355,0.429,122,234,Veloce (Allegro),C,Major,C Major,0,0,0,0,0,0,0,0,1,0,0,0,1,1,0,0,0
girls aloud,jump,False,2003,0.674,0.625,0.817,0.716,0.021,0.002,0.003,0.033,0.81,134,220,Veloce (Allegro),G#,Major,G# Major,0,0,0,0,1,0,1,0,0,0,0,0,1,0,0,0,0
ultrabeat,pretty green eyes - radio edit,False,2003,0.663,0.501,0.763,0.505,0.036,0.217,0.0,0.062,0.505,140,201,Veloce (Allegro),C#,Minor,C# Minor,0,0,0,0,1,0,1,0,0,0,0,0,1,0,0,0,0
christina aguilera,fighter,False,2002,0.753,0.362,0.916,0.947,0.322,0.241,0.0,0.638,0.441,189,245,Frenetico (Presto),E,Minor,E Minor,0,0,0,0,0,0,0,0,0,0,0,0,1,0,0,0,0
frankie j,don't wanna try,False,2003,0.551,0.622,0.4,0.639,0.021,0.455,0.0,0.24,0.172,130,245,Veloce (Allegro),F,Minor,F Minor,0,0,0,0,0,0,0,0,1,0,0,0,1,1,0,0,0
snoop dogg,beautiful,True,2005,0.753,0.903,0.726,0.77,0.197,0.306,0.0,0.08,0.989,101,299,Moderato,B,Minor,B Minor,0,0,0,0,0,0,0,0,1,0,0,0,1,0,0,0,0
floetry,say yes,False,2002,0.64,0.73,0.363,0.375,0.092,0.216,0.0,0.11,0.417,118,268,Allegretto,F,Minor,F Minor,0,0,0,0,0,0,0,0,1,0,0,0,1,1,0,0,0
ginuwine,in those jeans,True,2003,0.663,0.664,0.515,0.723,0.098,0.52,0.0,0.065,0.3,128,243,Veloce (Allegro),C#,Major,C# Major,0,0,0,0,0,0,0,0,1,0,0,0,1,1,0,0,0
electric six,danger! high voltage - soulchild radio mix,False,2003,0.0,0.628,0.681,0.78,0.013,0.0,0.168,0.036,0.506,123,214,Veloce (Allegro),B,Minor,B Minor,0,0,0,0,0,0,0,0,0,0,0,0,0,0,1,0,0
rachel stevens,sweet dreams my la ex - radio edit,False,2003,0.427,0.852,0.855,0.836,0.208,0.075,0.002,0.087,0.93,130,208,Veloce (Allegro),D,Major,D Major,0,0,0,0,1,0,1,0,0,0,0,0,1,0,0,0,0
ludacris,stand up,True,2003,0.64,0.735,0.832,0.774,0.589,0.376,0.0,0.084,0.816,99,213,Moderato,F#,Major,F# Major,0,0,0,0,0,0,0,0,1,0,0,0,1,0,0,0,0
nas,i can,False,2002,0.652,0.837,0.879,0.82,0.287,0.106,0.0,0.054,0.702,95,253,Moderato,F#,Minor,F# Minor,0,0,0,0,0,0,0,0,1,0,0,0,0,0,0,0,0
3 doors down,when i'm gone,False,2002,0.753,0.474,0.755,0.736,0.009,0.004,0.0,0.098,0.359,148,260,Veloce (Allegro),G,Major,G Major,0,0,0,0,0,0,0,0,0,0,0,1,1,0,1,0,0
tyrese,how you gonna act like that,False,2002,0.674,0.714,0.494,0.833,0.041,0.11,0.0,0.057,0.521,113,294,Allegretto,D#,Minor,D# Minor,0,0,0,0,0,0,0,0,1,0,0,0,1,1,0,0,0
justin timberlake,cry me a river,False,2002,0.82,0.585,0.635,0.688,0.289,0.591,0.0,0.099,0.562,74,288,Lento (Adagio),G#,Minor,G# Minor,0,0,0,0,0,0,0,0,0,0,0,0,1,0,0,0,0
westlife,mandy,False,2003,0.64,0.376,0.616,0.763,0.008,0.26,0.0,0.106,0.361,106,199,Moderato,F,Major,F Major,0,0,0,0,0,0,0,0,0,0,0,0,1,0,0,0,0
no doubt,it's my life,False,2003,0.674,0.571,0.72,0.763,0.009,0.002,0.001,0.369,0.797,126,226,Veloce (Allegro),G#,Minor,G# Minor,0,0,0,0,0,0,0,0,0,0,0,0,1,0,1,0,0
amanda perez,angel,False,2003,0.539,0.602,0.514,0.675,0.044,0.518,0.0,0.163,0.336,144,218,Veloce (Allegro),C,Major,C Major,0,0,0,0,0,0,0,0,0,0,0,0,1,1,0,0,0
jay-z,excuse me miss,True,2002,0.629,0.692,0.855,0.74,0.475,0.031,0.0,0.08,0.908,93,281,Moderato,F#,Major,F# Major,0,0,0,0,0,0,0,0,1,0,0,0,0,0,0,0,0
coldplay,clocks,False,2002,0.888,0.53,0.735,0.657,0.008,0.614,0.012,0.194,0.232,131,307,Veloce (Allegro),F,Minor,F Minor,0,0,0,0,0,0,0,0,0,0,0,0,1,0,1,0,0
kelly rowland,stole,False,2002,0.607,0.615,0.702,0.767,0.066,0.007,0.0,0.183,0.47,80,249,Moderato,G,Minor,G Minor,0,0,0,0,0,0,0,0,1,0,0,0,1,1,0,0,0
missy elliott,work it,True,2002,0.786,0.892,0.659,0.737,0.47,0.08,0.0,0.062,0.584,102,263,Moderato,C#,Major,C# Major,0,0,0,0,0,0,0,0,1,0,0,0,1,1,0,0,0
ashanti,rock wit u (awww baby),False,2003,0.73,0.687,0.786,0.865,0.063,0.418,0.0,0.167,0.867,95,209,Moderato,E,Minor,E Minor,0,0,0,0,0,0,0,0,1,0,0,0,1,1,0,0,0
junior senior,move your feet,False,2002,0.753,0.73,0.899,0.884,0.103,0.047,0.108,0.218,0.864,119,181,Allegretto,A,Major,A Major,0,0,0,0,0,0,0,0,0,0,0,0,1,0,0,0,0
audioslave,like a stone,False,2002,0.843,0.573,0.544,0.743,0.008,0.008,0.0,0.094,0.511,108,293,Moderato,G,Minor,G Minor,0,0,0,0,0,0,0,0,0,0,0,1,0,0,1,0,0
sean paul,like glue,False,2002,0.685,0.742,0.768,0.765,0.535,0.083,0.0,0.11,0.59,98,232,Moderato,C#,Major,C# Major,0,0,0,0,0,0,0,0,1,0,0,0,1,0,0,0,0
jaheim,put that woman first,True,2002,0.618,0.615,0.51,0.579,0.197,0.504,0.0,0.195,0.508,79,245,Moderato,F,Minor,F Minor,0,0,0,0,0,0,0,0,0,0,0,0,1,1,0,0,0
jennifer lopez,all i have (feat. ll cool j),False,2002,0.674,0.676,0.65,0.754,0.152,0.278,0.0,0.164,0.436,83,254,Moderato,C#,Major,C# Major,0,0,0,0,0,0,0,0,1,0,0,0,1,1,0,0,0
monica,so gone,False,2003,0.719,0.578,0.526,0.674,0.136,0.18,0.0,0.277,0.586,82,242,Moderato,G#,Major,G# Major,0,0,0,0,0,0,0,0,0,0,0,0,1,1,0,0,0
dido,white flag,False,2003,0.494,0.453,0.498,0.676,0.031,0.335,0.0,0.072,0.274,170,240,Vivace,F,Major,F Major,0,0,0,0,0,0,0,0,0,0,0,0,1,0,0,0,0
roots,the seed (2.0),True,2002,0.708,0.744,0.956,0.901,0.023,0.04,0.0,0.134,0.992,111,267,Allegretto,G,Major,G Major,0,0,0,0,0,0,0,0,1,0,0,0,0,0,0,0,0
chingy,holidae in,True,2003,0.685,0.805,0.78,0.722,0.286,0.092,0.0,0.075,0.973,153,314,Veloce (Allegro),G,Major,G Major,0,0,0,0,0,0,0,0,1,0,0,0,1,1,0,0,0
fabolous,can't let you go (feat. mike shorey & lil' mo),True,2003,0.685,0.611,0.577,0.689,0.786,0.237,0.0,0.07,0.827,192,223,Frenetico (Presto),A,Major,A Major,0,0,0,0,0,0,0,0,1,0,0,0,1,1,0,0,0
kelly clarkson,miss independent,False,2003,0.528,0.623,0.593,0.699,0.206,0.079,0.0,0.059,0.592,176,214,Vivace,B,Minor,B Minor,0,0,0,0,0,0,0,0,0,0,0,0,1,1,0,0,0
ja rule,mesmerize,True,2002,0.685,0.756,0.626,0.685,0.318,0.058,0.0,0.462,0.422,90,278,Moderato,C#,Major,C# Major,0,0,0,0,0,0,0,0,1,0,0,0,1,1,0,0,0
matchbox twenty,unwell,False,2002,0.708,0.15,0.776,0.754,0.031,0.03,0.0,0.824,0.418,81,228,Moderato,F#,Minor,F# Minor,0,0,0,0,0,0,0,0,0,0,0,0,1,0,1,0,0
outkast,the way you move (feat. sleepy brown),True,2003,0.742,0.877,0.574,0.77,0.042,0.129,0.0,0.051,0.638,126,234,Veloce (Allegro),F,Minor,F Minor,0,0,0,0,0,0,0,0,1,0,0,0,1,0,0,0,0
fabolous,into you (feat. tamia),True,2003,0.753,0.493,0.512,0.624,0.053,0.239,0.0,0.116,0.58,182,295,Frenetico (Presto),G,Minor,G Minor,0,0,0,0,0,0,0,0,1,0,0,0,1,1,0,0,0
switchfoot,meant to live,False,2003,0.685,0.317,0.898,0.788,0.041,0.006,0.0,0.41,0.554,152,201,Veloce (Allegro),D,Major,D Major,0,0,0,0,0,0,0,0,0,0,0,0,1,0,1,0,0
daniel bedingfield,if you're not the one,False,2002,0.652,0.661,0.512,0.638,0.011,0.516,0.0,0.108,0.248,120,257,Allegretto,A#,Major,A# Major,0,0,0,0,0,0,0,0,0,0,0,0,1,0,0,0,0
good charlotte,lifestyles of the rich & famous,False,2002,0.764,0.58,0.927,0.832,0.026,0.0,0.0,0.057,0.611,106,190,Moderato,C#,Major,C# Major,0,0,0,0,0,0,0,0,0,0,0,1,0,0,1,0,0
wayne wonder,no letting go,False,2003,0.708,0.434,0.809,0.734,0.038,0.049,0.0,0.187,0.298,100,202,Moderato,F,Minor,F Minor,0,0,0,0,0,0,0,0,1,0,0,0,0,1,0,0,0
strokes,reptilia,False,2003,0.832,0.426,0.629,0.761,0.019,0.001,0.724,0.096,0.783,158,219,Vivace,A,Major,A Major,0,0,0,0,0,0,0,0,0,0,0,0,0,0,1,0,0
avril lavigne,i'm with you,False,2002,0.786,0.388,0.372,0.645,0.011,0.082,0.0,0.115,0.182,152,223,Veloce (Allegro),A,Major,A Major,0,0,0,0,0,0,0,0,0,0,0,0,1,0,0,0,0
will young,leave right now,False,2003,0.618,0.605,0.413,0.585,0.025,0.148,0.0,0.104,0.369,82,214,Moderato,F#,Major,F# Major,0,0,0,0,0,0,0,0,0,0,0,0,1,0,0,0,0
usher,yeah! (feat. lil jon & ludacris),False,2004,0.91,0.904,0.78,0.782,0.161,0.019,0.0,0.021,0.583,105,250,Moderato,D,Major,D Major,0,0,0,0,0,0,0,0,1,0,0,0,1,1,0,0,0
maroon 5,this love,False,2002,0.865,0.689,0.855,0.786,0.026,0.054,0.0,0.086,0.825,95,206,Moderato,F,Minor,F Minor,0,0,0,0,0,0,0,0,0,0,0,0,1,0,0,0,0
britney spears,toxic,False,2003,0.91,0.762,0.83,0.82,0.164,0.026,0.025,0.265,0.948,143,198,Veloce (Allegro),F,Minor,F Minor,0,0,0,0,0,0,0,0,0,0,0,0,1,0,0,0,0
outkast,hey ya!,False,2003,0.899,0.707,0.974,0.902,0.078,0.106,0.0,0.183,0.991,80,235,Moderato,E,Minor,E Minor,0,0,0,0,0,0,0,0,1,0,0,0,1,0,0,0,0
hoobastank,the reason,False,2003,0.888,0.405,0.653,0.784,0.01,0.013,0.0,0.165,0.032,83,232,Moderato,E,Major,E Major,0,0,0,0,0,0,0,0,0,0,0,1,1,0,1,0,0
anastacia,left outside alone,False,2004,0.73,0.631,0.732,0.837,0.016,0.071,0.0,0.086,0.307,103,257,Moderato,D,Minor,D Minor,0,0,0,0,0,0,0,0,0,0,0,0,1,0,0,0,0
daddy yankee,gasolina,False,2004,0.124,0.86,0.79,0.692,0.07,0.34,0.0,0.069,0.765,96,192,Moderato,C,Major,C Major,0,0,0,0,0,0,0,0,0,0,1,0,0,0,0,0,0
black eyed peas,let's get it started - spike mix,False,2004,0.596,0.775,0.788,0.904,0.186,0.12,0.0,0.325,0.812,105,217,Moderato,B,Minor,B Minor,0,0,0,0,0,0,0,0,1,0,0,0,1,0,0,0,0
o-zone,dragostea din tei,False,2004,0.629,0.804,0.964,0.819,0.035,0.181,0.0,0.044,0.678,130,215,Veloce (Allegro),C,Major,C Major,0,0,0,0,0,0,0,0,0,0,0,0,1,0,0,0,0
terror squad,lean back,True,2004,0.753,0.773,0.912,0.848,0.709,0.113,0.0,0.064,0.703,95,247,Moderato,C#,Major,C# Major,0,0,0,0,0,0,0,0,1,0,0,0,0,0,0,0,0
anastacia,sick and tired,False,1999,0.629,0.554,0.861,0.789,0.026,0.009,0.0,0.31,0.462,100,212,Moderato,C,Major,C Major,0,0,0,0,0,0,0,0,0,0,0,0,1,0,0,0,0
gwen stefani,what you waiting for?,False,2004,0.674,0.647,0.946,0.887,0.072,0.052,0.0,0.436,0.741,136,221,Veloce (Allegro),F,Major,F Major,0,0,0,0,0,0,0,0,0,0,0,0,1,1,0,0,0
ashanti,only u - no intro,False,2004,0.629,0.558,0.6,0.738,0.036,0.038,0.0,0.2,0.257,95,186,Moderato,F#,Minor,F# Minor,0,0,0,0,0,0,0,0,1,0,0,0,1,1,0,0,0
rasmus,in the shadows,False,2003,0.764,0.557,0.785,0.792,0.008,0.0,0.0,0.556,0.762,106,257,Moderato,D,Major,D Major,0,0,0,0,0,0,0,0,0,0,0,1,0,0,0,0,0
houston,i like that,False,2004,0.663,0.79,0.474,0.82,0.133,0.016,0.0,0.094,0.371,107,236,Moderato,A#,Minor,A# Minor,0,0,0,0,0,0,0,0,1,0,0,0,1,0,0,0,0
beyonce,naughty girl,False,2003,0.708,0.716,0.435,0.586,0.113,0.245,0.0,0.097,0.647,100,208,Moderato,F#,Minor,F# Minor,0,0,0,0,0,0,0,0,0,0,0,0,1,1,0,0,0
linkin park,numb,False,2003,0.91,0.434,0.856,0.808,0.027,0.005,0.0,0.743,0.219,110,185,Allegretto,A,Major,A Major,0,0,0,0,0,0,0,0,0,0,0,1,0,0,1,0,0
lloyd banks,on fire,True,2004,0.685,0.745,0.816,0.802,0.356,0.095,0.001,0.263,0.418,95,187,Moderato,G#,Major,G# Major,0,0,0,0,0,0,0,0,1,0,0,0,1,0,0,0,0
akon,locked up,True,2004,0.18,0.814,0.555,0.792,0.141,0.024,0.0,0.103,0.338,90,235,Moderato,G,Major,G Major,0,0,0,0,0,0,0,0,0,0,0,0,1,0,0,0,0
d12,my band,True,2004,0.82,0.853,0.841,0.846,0.108,0.509,0.0,0.114,0.862,120,298,Allegretto,C#,Minor,C# Minor,0,0,0,0,0,0,0,0,1,0,0,0,1,0,1,0,0
jay sean,eyes on you - radio mix,False,2004,0.472,0.796,0.654,0.768,0.111,0.079,0.0,0.138,0.621,97,190,Moderato,G,Major,G Major,0,0,0,0,0,0,0,0,1,0,0,0,1,1,0,0,0
mario winans,i don't wanna know (feat. enya & p. diddy) - 2016 remaster,False,2016,0.742,0.832,0.487,0.767,0.042,0.356,0.002,0.114,0.387,97,257,Moderato,B,Minor,B Minor,0,0,0,0,0,0,0,0,0,0,0,0,1,0,0,0,0
destiny's child,lose my breath,False,2004,0.685,0.81,0.894,0.719,0.073,0.007,0.222,0.092,0.542,119,242,Allegretto,C#,Major,C# Major,0,0,0,0,0,0,0,0,0,0,0,0,1,1,0,0,0
eric prydz,call on me - radio mix,False,2004,0.809,0.553,0.828,0.692,0.636,0.004,0.001,0.983,0.437,126,171,Veloce (Allegro),A#,Major,A# Major,0,0,0,0,1,0,1,0,0,0,0,0,1,0,0,0,0
ciara,goodies (feat. petey pablo),False,2004,0.753,0.824,0.627,0.702,0.047,0.028,0.0,0.332,0.892,102,223,Moderato,F,Minor,F Minor,0,0,0,0,0,0,0,0,0,0,0,0,1,1,0,0,0
kelis,trick me,True,2003,0.708,0.994,0.704,0.848,0.228,0.038,0.0,0.366,0.988,107,206,Moderato,C#,Minor,C# Minor,0,0,0,0,1,0,1,0,0,0,0,0,1,1,0,0,0
ll cool j,headsprung,False,2004,0.629,0.696,0.774,0.729,0.009,0.012,0.0,0.064,0.457,100,267,Moderato,C,Major,C Major,0,0,0,0,0,0,0,0,1,0,0,0,1,1,0,0,0
spiderbait,black betty - edit,False,2004,0.708,0.512,0.858,0.694,0.125,0.0,0.6,0.238,0.334,124,205,Veloce (Allegro),G,Minor,G Minor,0,0,0,0,0,0,0,0,0,0,0,0,0,0,1,0,0
george michael,amazing,False,2004,0.64,0.799,0.74,0.676,0.029,0.091,0.0,0.115,0.9,128,265,Veloce (Allegro),A#,Minor,A# Minor,0,0,0,0,0,0,0,0,0,0,0,0,1,0,0,0,0
britney spears,my prerogative,False,2004,0.596,0.733,0.935,0.795,0.172,0.013,0.0,0.098,0.621,111,213,Allegretto,A#,Minor,A# Minor,0,0,0,0,0,0,0,0,0,0,0,0,1,0,0,0,0
nina sky,move ya body,False,2004,0.753,0.876,0.696,0.702,0.036,0.021,0.0,0.043,0.897,121,232,Veloce (Allegro),B,Minor,B Minor,0,0,0,0,0,0,0,0,0,0,0,0,1,1,0,0,0
baby bash,suga suga,False,2003,0.82,0.63,0.734,0.863,0.443,0.705,0.0,0.075,0.532,82,239,Moderato,F,Minor,F Minor,0,0,0,0,0,0,0,0,1,0,1,0,1,1,0,0,0
petey pablo,freek-a-leek,True,2003,0.629,0.719,0.68,0.83,0.418,0.077,0.0,0.406,0.667,105,235,Moderato,D,Major,D Major,0,0,0,0,0,0,0,0,1,0,0,0,1,0,0,0,0
jay-z,dirt off your shoulder,True,2003,0.596,0.768,0.636,0.66,0.533,0.033,0.0,0.382,0.649,164,245,Vivace,C#,Major,C# Major,0,0,0,0,0,0,0,0,1,0,0,0,0,0,0,0,0
juanes,la camisa negra,False,2004,0.786,0.735,0.716,0.795,0.014,0.086,0.0,0.041,1.0,97,216,Moderato,F#,Minor,F# Minor,0,0,0,0,0,0,0,0,0,0,1,0,1,0,0,0,0
avril lavigne,nobody's home,False,2004,0.685,0.259,0.903,0.833,0.048,0.0,0.0,0.168,0.149,185,212,Frenetico (Presto),F,Minor,F Minor,0,0,0,0,0,0,0,0,0,0,0,0,1,0,0,0,0
robbie williams,radio,False,2004,0.371,0.565,0.868,0.746,0.021,0.003,0.05,0.287,0.864,130,233,Veloce (Allegro),F,Minor,F Minor,0,0,0,0,0,0,0,0,0,0,0,0,1,0,1,0,0
black eyed peas,hey mama,True,2003,0.551,0.864,0.859,0.7,0.378,0.106,0.0,0.676,0.957,100,214,Moderato,E,Minor,E Minor,0,0,0,0,0,0,0,0,1,0,0,0,1,0,0,0,0
ying yang twins,salt shaker,True,2003,0.685,0.892,0.68,0.716,0.19,0.052,0.0,0.087,0.304,102,252,Moderato,B,Major,B Major,0,0,0,0,0,0,0,0,1,0,0,0,1,0,0,0,0
enrique iglesias,not in love - radio mix,False,2003,0.416,0.748,0.879,0.762,0.03,0.038,0.0,0.037,0.907,117,223,Allegretto,C,Minor,C Minor,0,0,0,0,0,0,0,0,0,0,1,0,1,0,0,0,0
kelis,milkshake,False,2003,0.764,0.889,0.762,0.714,0.037,0.01,0.035,0.222,0.771,113,182,Allegretto,C#,Major,C# Major,0,0,0,0,1,0,1,0,0,0,0,0,1,1,0,0,0
linkin park,breaking the habit,False,2003,0.764,0.532,0.841,0.756,0.013,0.111,0.0,0.084,0.581,100,196,Moderato,E,Minor,E Minor,0,0,0,0,0,0,0,0,0,0,0,1,0,0,1,0,0
jojo,leave (get out) - radio edit,False,2005,0.551,0.623,0.485,0.584,0.416,0.16,0.0,0.066,0.456,87,242,Moderato,F,Major,F Major,0,0,0,0,0,0,0,0,1,0,0,0,1,1,0,0,0
christina milian,dip it low,False,2004,0.506,0.736,0.707,0.806,0.146,0.011,0.0,0.065,0.614,169,197,Vivace,B,Minor,B Minor,0,0,0,0,0,0,0,0,1,0,0,0,1,1,0,0,0
avant,read your mind,False,2003,0.629,0.74,0.345,0.683,0.087,0.298,0.0,0.091,0.703,73,263,Lento (Adagio),G#,Minor,G# Minor,0,0,0,0,0,0,0,0,0,0,0,0,1,1,0,0,0
eminem,just lose it,True,2004,0.753,0.959,0.612,0.838,0.042,0.06,0.0,0.312,0.988,121,248,Veloce (Allegro),G#,Major,G# Major,0,0,0,0,0,0,0,0,1,0,0,0,0,0,0,0,0
sugababes,too lost in you,False,2003,0.652,0.54,0.689,0.771,0.01,0.05,0.0,0.154,0.45,98,237,Moderato,C#,Minor,C# Minor,0,0,0,0,0,0,0,0,0,0,0,0,1,1,0,0,0
snoop dogg,drop it like it's hot,True,2004,0.438,0.902,0.607,0.824,0.349,0.173,0.0,0.097,0.682,92,266,Moderato,C#,Major,C# Major,0,0,0,0,0,0,0,0,1,0,0,0,1,0,0,0,0
sean paul,i'm still in love with you (feat. sasha),False,2002,0.764,0.752,0.647,0.748,0.269,0.104,0.0,0.114,0.768,87,273,Moderato,G,Major,G Major,0,0,0,0,0,0,0,0,1,0,0,0,1,0,0,0,0
shapeshifters,lola's theme - radio edit,False,2004,0.73,0.732,0.837,0.786,0.055,0.001,0.0,0.056,0.664,124,207,Veloce (Allegro),F,Minor,F Minor,0,0,0,0,1,0,1,0,0,0,0,0,0,0,0,0,0
d12,how come,True,2004,0.64,0.728,0.851,0.904,0.387,0.287,0.0,0.2,0.544,90,249,Moderato,A,Major,A Major,0,0,0,0,0,0,0,0,1,0,0,0,1,0,1,0,0
basement jaxx,good luck,False,2003,0.0,0.522,0.967,0.861,0.251,0.066,0.0,0.686,0.294,154,282,Veloce (Allegro),F,Major,F Major,0,0,0,0,1,0,1,0,0,0,0,0,1,0,0,0,0
kevin lyttle,turn me on,False,2004,0.753,0.648,0.664,0.674,0.023,0.042,0.0,0.016,0.895,106,192,Moderato,A,Major,A Major,0,0,0,0,0,0,0,0,1,0,0,0,0,0,0,0,0
chingy,one call away,False,2003,0.685,0.752,0.812,0.721,0.289,0.094,0.0,0.235,0.988,163,276,Vivace,E,Minor,E Minor,0,0,0,0,0,0,0,0,1,0,0,0,1,1,0,0,0
t.i.,bring em out,True,2004,0.708,0.745,0.886,0.866,0.423,0.03,0.0,0.144,0.587,99,216,Moderato,B,Major,B Major,0,0,0,0,0,0,0,0,1,0,0,0,1,0,0,0,0
dj casper,cha cha slide - hardino mix,False,2004,0.573,0.856,0.907,0.682,0.184,0.045,0.006,0.319,0.817,131,222,Veloce (Allegro),B,Minor,B Minor,0,0,0,0,1,0,0,0,0,0,0,0,0,0,0,0,0
kylie minogue,i believe in you,False,2004,0.528,0.495,0.773,0.762,0.085,0.003,0.049,0.37,0.406,121,200,Veloce (Allegro),G,Major,G Major,0,0,0,0,1,0,1,0,0,0,0,0,1,0,0,0,0
twista,overnight celebrity,True,2004,0.742,0.826,0.781,0.745,0.282,0.186,0.0,0.312,0.79,134,233,Veloce (Allegro),A#,Minor,A# Minor,0,0,0,0,0,0,0,0,1,0,0,0,1,1,0,0,0
n.e.r.d,she wants to move,False,2004,0.64,0.753,0.843,0.775,0.1,0.004,0.001,0.282,0.815,115,213,Allegretto,F,Major,F Major,0,0,0,0,0,0,0,0,1,0,0,0,0,0,0,0,0
britney spears,everytime,False,2003,0.708,0.318,0.243,0.379,0.019,0.99,0.0,0.114,0.081,110,230,Allegretto,D#,Major,D# Major,0,0,0,0,0,0,0,0,0,0,0,0,1,0,0,0,0
u2,vertigo,False,2004,0.719,0.339,0.809,0.817,0.069,0.0,0.001,0.151,0.635,140,193,Veloce (Allegro),A,Major,A Major,0,0,0,0,0,0,0,0,0,0,0,0,0,0,1,1,1
franz ferdinand,take me out,False,2004,0.865,0.175,0.644,0.578,0.026,0.0,0.0,0.138,0.523,105,237,Moderato,E,Minor,E Minor,0,0,0,0,0,0,0,0,0,0,0,0,0,0,1,0,0
j-kwon,tipsy - club mix,True,2001,0.663,0.941,0.727,0.726,0.528,0.067,0.0,0.027,0.659,93,247,Moderato,A,Minor,A Minor,0,0,0,0,0,0,0,0,1,0,0,0,1,0,0,0,0
g-unit,wanna get to know you,True,2003,0.685,0.454,0.817,0.833,0.197,0.109,0.0,0.055,0.91,77,265,Moderato,A#,Minor,A# Minor,0,0,0,0,0,0,0,0,1,0,0,0,1,0,0,0,0
lil' flip,sunshine (feat. lea),True,2004,0.472,0.81,0.352,0.526,0.129,0.025,0.0,0.132,0.806,94,225,Moderato,C,Major,C Major,0,0,0,0,0,0,0,0,1,0,0,0,1,0,0,0,0
kanye west,jesus walks,True,2004,0.82,0.6,0.825,0.782,0.542,0.629,0.0,0.355,0.724,87,193,Moderato,D#,Minor,D# Minor,0,0,0,0,0,0,0,0,1,0,0,0,0,0,0,0,0
evanescence,my immortal,False,2003,0.809,0.072,0.222,0.559,0.022,0.884,0.0,0.135,0.067,79,262,Moderato,A,Major,A Major,0,0,0,0,0,0,0,0,0,0,0,1,0,0,0,0,0
nelly,my place,True,2004,0.64,0.557,0.621,0.804,0.035,0.051,0.0,0.092,0.646,163,336,Vivace,C#,Minor,C# Minor,0,0,0,0,0,0,0,0,1,0,0,0,1,1,0,0,0
lemar,if there's any justice,False,2004,0.517,0.682,0.646,0.749,0.04,0.013,0.0,0.381,0.643,90,229,Moderato,F#,Minor,F# Minor,0,0,0,0,0,0,0,0,0,0,0,0,0,1,0,0,0
no doubt,it's my life,False,2003,0.674,0.571,0.72,0.763,0.009,0.002,0.001,0.369,0.797,126,226,Veloce (Allegro),G#,Minor,G# Minor,0,0,0,0,0,0,0,0,0,0,0,0,1,0,1,0,0
avril lavigne,don't tell me,False,2004,0.652,0.466,0.784,0.869,0.028,0.005,0.0,0.405,0.477,144,202,Veloce (Allegro),E,Major,E Major,0,0,0,0,0,0,0,0,0,0,0,0,1,0,0,0,0
twista,slow jamz,True,2004,0.809,0.508,0.718,0.734,0.267,0.322,0.0,0.316,0.613,145,316,Veloce (Allegro),D,Minor,D Minor,0,0,0,0,0,0,0,0,1,0,0,0,1,1,0,0,0
green day,american idiot,True,2004,0.865,0.297,0.988,0.913,0.074,0.0,0.0,0.417,0.782,186,176,Frenetico (Presto),C#,Major,C# Major,0,0,0,0,0,0,0,0,0,0,0,0,0,0,1,0,0
kelis,millionaire,False,2003,0.64,0.651,0.839,0.686,0.153,0.022,0.0,0.019,0.762,176,224,Vivace,B,Major,B Major,0,0,0,0,1,0,1,0,0,0,0,0,1,1,0,0,0
scissor sisters,comfortably numb,False,2004,0.483,0.797,0.921,0.694,0.029,0.243,0.017,0.099,0.802,117,266,Allegretto,G,Major,G Major,0,0,0,0,1,0,1,0,0,0,0,0,1,0,1,0,0
alicia keys,diary (feat. tony! toni! tone! & jermaine paul),False,2003,0.618,0.631,0.434,0.534,0.015,0.569,0.002,0.124,0.258,128,284,Veloce (Allegro),G#,Minor,G# Minor,0,0,0,0,0,0,0,0,0,0,0,0,1,1,0,0,0
kanye west,through the wire,True,2004,0.854,0.522,0.725,0.712,0.405,0.009,0.0,0.164,0.665,83,221,Moderato,G,Major,G Major,0,0,0,0,0,0,0,0,1,0,0,0,0,0,0,0,0
special d.,come with me - radio edit,False,2004,0.685,0.721,1.0,0.763,0.103,0.133,0.002,0.311,0.495,140,185,Veloce (Allegro),G,Major,G Major,0,0,0,0,0,0,0,0,0,0,0,0,1,0,0,0,0
ludacris,splash waterfalls,True,2003,0.539,0.715,0.838,0.712,0.698,0.104,0.0,0.254,0.71,146,290,Veloce (Allegro),B,Major,B Major,0,0,0,0,0,0,0,0,1,0,0,0,1,0,0,0,0
avril lavigne,my happy ending,True,2004,0.764,0.337,0.933,0.895,0.095,0.001,0.0,0.418,0.751,170,242,Vivace,D,Major,D Major,0,0,0,0,0,0,0,0,0,0,0,0,1,0,0,0,0
dido,white flag,False,2003,0.494,0.453,0.498,0.676,0.031,0.335,0.0,0.072,0.274,170,240,Vivace,F,Major,F Major,0,0,0,0,0,0,0,0,0,0,0,0,1,0,0,0,0
eamon,fuck it (i don't want you back),True,2004,0.719,0.826,0.634,0.705,0.076,0.219,0.0,0.023,0.574,69,225,Lento (Adagio),C,Minor,C Minor,0,0,0,0,0,0,0,0,0,0,0,0,0,1,0,0,0
beyonce,"me, myself and i",False,2003,0.697,0.734,0.427,0.564,0.103,0.232,0.0,0.139,0.533,84,301,Moderato,C#,Major,C# Major,0,0,0,0,0,0,0,0,0,0,0,0,1,1,0,0,0
3 doors down,here without you,False,2002,0.832,0.506,0.506,0.677,0.004,0.05,0.0,0.221,0.208,144,238,Veloce (Allegro),A#,Minor,A# Minor,0,0,0,0,0,0,0,0,0,0,0,1,1,0,1,0,0
kanye west,all falls down,True,2004,0.899,0.624,0.719,0.775,0.834,0.153,0.0,0.141,0.424,91,223,Moderato,G#,Minor,G# Minor,0,0,0,0,0,0,0,0,1,0,0,0,0,0,0,0,0
twista,sunshine (feat. anthony hamilton),True,2004,0.629,0.942,0.882,0.75,0.49,0.267,0.0,0.393,0.835,99,226,Moderato,B,Major,B Major,0,0,0,0,0,0,0,0,1,0,0,0,1,1,0,0,0
katie melua,the closest thing to crazy,False,2003,0.618,0.512,0.174,0.361,0.014,0.877,0.0,0.092,0.073,128,252,Veloce (Allegro),E,Major,E Major,0,0,0,0,0,1,0,0,0,1,0,0,1,0,0,0,0
usher,my boo,False,2004,0.854,0.63,0.479,0.607,0.172,0.263,0.0,0.03,0.682,86,223,Moderato,F,Major,F Major,0,0,0,0,0,0,0,0,1,0,0,0,1,1,0,0,0
lloyd,southside,False,2004,0.663,0.661,0.37,0.545,0.106,0.386,0.0,0.072,0.438,75,277,Lento (Adagio),A,Minor,A Minor,0,0,0,0,0,0,0,0,1,0,0,0,1,1,0,0,0
lmc,take me to the clouds above - lmc vs. u2 / radio edit,False,2004,0.663,0.637,0.9,0.747,0.027,0.002,0.034,0.144,0.673,129,171,Veloce (Allegro),F#,Major,F# Major,0,0,0,0,1,0,1,0,0,0,0,0,0,0,0,0,0
streets,fit but you know it,True,2004,0.652,0.651,0.836,0.928,0.499,0.236,0.0,0.011,0.917,172,254,Vivace,F#,Major,F# Major,0,0,0,0,1,0,1,0,1,0,0,0,0,0,0,0,0
juvenile,slow motion,True,2003,0.719,0.69,0.719,0.772,0.546,0.562,0.0,0.057,0.911,173,248,Vivace,C,Minor,C Minor,0,0,0,0,0,0,0,0,1,0,0,0,1,0,0,0,0
outkast,the way you move (feat. sleepy brown),True,2003,0.742,0.877,0.574,0.77,0.042,0.129,0.0,0.051,0.638,126,234,Veloce (Allegro),F,Minor,F Minor,0,0,0,0,0,0,0,0,1,0,0,0,1,0,0,0,0
girls aloud,love machine,False,2004,0.663,0.631,0.948,0.806,0.07,0.001,0.005,0.065,0.705,116,205,Allegretto,G,Major,G Major,0,0,0,0,1,0,1,0,0,0,0,0,1,0,0,0,0
jessica simpson,with you,False,2003,0.64,0.501,0.743,0.787,0.153,0.095,0.0,0.233,0.606,94,191,Moderato,C,Major,C Major,0,0,0,0,0,0,0,0,0,0,0,0,1,1,0,0,0
eminem,like toy soldiers,True,2004,0.539,0.462,0.755,0.841,0.608,0.02,0.0,0.099,0.385,79,296,Moderato,G#,Minor,G# Minor,0,0,0,0,0,0,0,0,1,0,0,0,0,0,0,0,0
gary jules,mad world (feat. michael andrews),False,2001,0.73,0.255,0.003,0.163,0.026,1.0,0.0,0.098,0.284,174,189,Vivace,D#,Major,D# Major,0,0,0,0,0,0,0,0,0,0,0,0,1,0,0,0,0
ashlee simpson,pieces of me,False,2004,0.629,0.444,0.788,0.802,0.098,0.059,0.0,0.106,0.785,174,217,Vivace,D,Major,D Major,0,0,0,0,0,0,0,0,0,0,0,0,1,0,0,0,0
will young,leave right now,False,2003,0.618,0.605,0.413,0.585,0.025,0.148,0.0,0.104,0.369,82,214,Moderato,F#,Major,F# Major,0,0,0,0,0,0,0,0,0,0,0,0,1,0,0,0,0
alicia keys,you don't know my name,False,2003,0.685,0.16,0.644,0.605,0.296,0.604,0.004,0.385,0.226,167,366,Vivace,A,Major,A Major,0,0,0,0,0,0,0,0,0,0,0,0,1,1,0,0,0
mariah carey,we belong together,False,2005,0.775,0.84,0.446,0.622,0.072,0.027,0.0,0.078,0.78,140,201,Veloce (Allegro),C,Major,C Major,0,0,0,0,0,0,0,0,0,0,0,0,1,1,0,0,0
mario,let me love you,False,2004,0.809,0.623,0.554,0.57,0.125,0.241,0.0,0.116,0.554,95,256,Moderato,G,Minor,G Minor,0,0,0,0,0,0,0,0,0,0,0,0,1,1,0,0,0
kanye west,gold digger,True,2005,0.876,0.591,0.679,0.738,0.588,0.02,0.0,0.041,0.626,93,207,Moderato,C#,Minor,C# Minor,0,0,0,0,0,0,0,0,1,0,0,0,0,0,0,0,0
rihanna,pon de replay,False,2005,0.865,0.768,0.62,0.598,0.246,0.0,0.001,0.096,0.492,99,246,Moderato,G,Major,G Major,0,0,0,0,0,0,0,0,1,0,0,0,1,1,0,0,0
50 cent,candy shop,True,2005,0.888,0.573,0.55,0.62,0.801,0.026,0.0,0.431,0.767,125,209,Veloce (Allegro),B,Major,B Major,0,0,0,0,0,0,0,0,1,0,0,0,1,0,0,0,0
james blunt,you're beautiful,True,2005,0.843,0.645,0.449,0.526,0.008,0.649,0.0,0.08,0.445,82,209,Moderato,C,Minor,C Minor,0,0,0,0,0,0,0,0,0,0,0,0,1,0,0,0,0
green day,boulevard of broken dreams,True,2004,0.809,0.427,0.661,0.832,0.014,0.004,0.0,0.02,0.5,167,261,Vivace,G#,Major,G# Major,0,0,0,0,0,0,0,0,0,0,0,0,0,0,1,0,0
pussycat dolls,don't cha,False,2005,0.809,0.882,0.61,0.842,0.137,0.006,0.0,0.127,0.546,120,272,Allegretto,C#,Major,C# Major,0,0,0,0,0,0,0,0,0,0,0,0,1,1,0,0,0
daniel powter,bad day,False,2005,0.832,0.556,0.773,0.815,0.014,0.459,0.003,0.156,0.516,140,233,Veloce (Allegro),D#,Major,D# Major,0,0,0,0,0,0,0,0,0,0,0,0,1,0,0,0,0
akon,bananza (belly dancer),False,2004,0.315,0.885,0.682,0.722,0.197,0.035,0.0,0.882,0.672,105,238,Moderato,A#,Minor,A# Minor,0,0,0,0,0,0,0,0,0,0,0,0,1,0,0,0,0
madonna,hung up,False,2005,0.832,0.615,0.627,0.633,0.04,0.004,0.164,0.057,0.392,125,337,Veloce (Allegro),A,Minor,A Minor,0,0,0,0,0,0,0,0,0,0,0,0,1,0,0,0,0
50 cent,just a lil bit,True,2005,0.854,0.426,0.675,0.684,0.7,0.033,0.006,0.353,0.523,97,237,Moderato,C#,Major,C# Major,0,0,0,0,0,0,0,0,1,0,0,0,1,0,0,0,0
crazy frog,axel f,False,2005,0.753,0.864,0.903,0.85,0.032,0.286,0.704,0.052,0.8,138,168,Veloce (Allegro),D,Major,D Major,0,0,0,0,0,0,0,0,0,0,0,0,1,0,0,0,0
eminem,ass like that,True,2004,0.584,0.611,0.785,0.71,0.62,0.419,0.0,0.103,0.682,83,265,Moderato,D,Major,D Major,0,0,0,0,0,0,0,0,1,0,0,0,0,0,0,0,0
sean paul,we be burnin',False,2005,0.663,0.97,0.792,0.806,0.231,0.148,0.0,0.064,0.879,117,213,Allegretto,C#,Major,C# Major,0,0,0,0,0,0,0,0,1,0,0,0,1,0,0,0,0
gwen stefani,rich girl,False,2004,0.764,0.859,0.74,0.879,0.033,0.03,0.0,0.222,0.732,98,236,Moderato,G,Minor,G Minor,0,0,0,0,0,0,0,0,0,0,0,0,1,1,0,0,0
chemical brothers,galvanize,False,2005,0.708,0.728,0.698,0.832,0.094,0.014,0.022,0.411,0.35,104,393,Moderato,G,Major,G Major,0,0,0,0,1,0,1,0,0,0,0,0,0,0,0,0,0
fort minor,remember the name (feat. styles of beyond),True,2005,0.82,0.661,0.826,0.808,0.123,0.06,0.0,0.07,0.9,85,230,Moderato,G#,Major,G# Major,0,0,0,0,0,0,0,0,1,0,0,0,1,0,1,0,0
50 cent,disco inferno,True,2005,0.809,0.941,0.64,0.778,0.376,0.211,0.0,0.31,0.719,97,214,Moderato,D#,Major,D# Major,0,0,0,0,0,0,0,0,1,0,0,0,1,0,0,0,0
game,how we do,True,2005,0.832,0.866,0.628,0.648,0.412,0.047,0.0,0.014,0.641,98,235,Moderato,E,Minor,E Minor,0,0,0,0,0,0,0,0,1,0,0,0,1,0,0,0,0
chris brown,run it! (feat. juelz santana),False,2005,0.798,0.848,0.452,0.682,0.191,0.025,0.0,0.447,0.186,101,229,Moderato,C#,Minor,C# Minor,0,0,0,0,0,0,0,0,1,0,0,0,1,1,0,0,0
mariah carey,it's like that,False,2005,0.0,0.793,0.612,0.773,0.051,0.092,0.0,0.012,0.854,96,203,Moderato,G#,Minor,G# Minor,0,0,0,0,0,0,0,0,0,0,0,0,1,1,0,0,0
black eyed peas,my humps,False,2005,0.753,0.796,0.664,0.721,0.36,0.114,0.0,0.105,0.586,124,326,Veloce (Allegro),C#,Minor,C# Minor,0,0,0,0,0,0,0,0,1,0,0,0,1,0,0,0,0
ciara,oh (feat. ludacris),False,2004,0.685,0.793,0.467,0.661,0.05,0.0,0.0,0.058,0.341,128,256,Veloce (Allegro),G,Major,G Major,0,0,0,0,0,0,0,0,0,0,0,0,1,1,0,0,0
50 cent,outta control - remix,True,2005,0.674,0.76,0.576,0.717,0.403,0.028,0.0,0.075,0.555,92,247,Moderato,G#,Minor,G# Minor,0,0,0,0,0,0,0,0,1,0,0,0,1,0,0,0,0
baby bash,"baby, i'm back",True,2005,0.045,0.91,0.328,0.744,0.148,0.052,0.0,0.091,0.76,100,219,Moderato,A,Minor,A Minor,0,0,0,0,0,0,0,0,1,0,1,0,1,1,0,0,0
jennifer lopez,get right,False,2005,0.73,0.723,0.746,0.762,0.175,0.022,0.0,0.729,0.346,97,225,Moderato,C,Minor,C Minor,0,0,0,0,0,0,0,0,1,0,0,0,1,1,0,0,0
jay-z,numb / encore,True,2004,0.854,0.66,0.782,0.803,0.258,0.062,0.0,0.674,0.762,107,205,Moderato,D,Major,D Major,0,0,0,0,0,0,0,0,1,0,0,0,0,0,0,0,0
game,hate it or love it,True,2005,0.865,0.796,0.773,0.777,0.332,0.143,0.0,0.122,0.424,100,206,Moderato,A,Major,A Major,0,0,0,0,0,0,0,0,1,0,0,0,1,0,0,0,0
gorillaz,feel good inc.,False,2005,0.921,0.814,0.689,0.684,0.278,0.008,0.002,0.711,0.785,139,222,Veloce (Allegro),F#,Major,F# Major,0,0,0,0,0,0,0,0,1,0,0,0,0,0,0,0,0
black eyed peas,don't phunk with my heart,False,2005,0.697,0.663,0.925,0.877,0.068,0.01,0.0,0.632,0.605,131,239,Veloce (Allegro),F,Minor,F Minor,0,0,0,0,0,0,0,0,1,0,0,0,1,0,0,0,0
akon,lonely,True,2004,0.236,0.591,0.505,0.624,0.022,0.339,0.0,0.26,0.621,90,235,Moderato,F,Minor,F Minor,0,0,0,0,0,0,0,0,0,0,0,0,1,0,0,0,0
bodyrockers,i like the way - radio edit,False,2005,0.607,0.606,0.843,0.834,0.036,0.025,0.015,0.075,0.79,128,200,Veloce (Allegro),F#,Major,F# Major,0,0,0,0,1,0,1,0,0,0,0,0,0,0,1,0,0
sugababes,push the button,False,2005,0.719,0.985,0.641,0.762,0.068,0.05,0.0,0.066,0.83,126,218,Veloce (Allegro),G#,Major,G# Major,0,0,0,0,0,0,0,0,0,0,0,0,1,1,0,0,0
jeezy,soul survivor,True,2005,0.618,0.656,0.464,0.632,0.041,0.001,0.0,0.163,0.045,84,280,Moderato,A#,Major,A# Major,0,0,0,0,0,0,0,0,1,0,0,0,1,0,0,0,0
eminem,mockingbird,True,2004,0.865,0.6,0.66,0.826,0.439,0.214,0.0,0.162,0.231,84,250,Moderato,C,Major,C Major,0,0,0,0,0,0,0,0,1,0,0,0,0,0,0,0,0
shakira,la tortura (feat. alejandro sanz),False,2005,0.809,0.722,0.771,0.748,0.035,0.03,0.0,0.122,0.828,100,212,Moderato,C,Major,C Major,0,0,0,0,0,0,0,0,0,0,1,0,1,0,0,0,0
gorillaz,dare,False,2005,0.82,0.746,0.886,0.724,0.025,0.023,0.088,0.332,0.992,120,244,Allegretto,B,Minor,B Minor,0,0,0,0,0,0,0,0,1,0,0,0,0,0,0,0,0
snoop dogg,signs,True,2004,0.607,0.959,0.697,0.751,0.188,0.033,0.001,0.365,0.672,113,236,Allegretto,G,Major,G Major,0,0,0,0,0,0,0,0,1,0,0,0,1,0,0,0,0
robbie williams,tripping,False,2005,0.652,0.635,0.918,0.793,0.036,0.039,0.0,0.05,0.845,118,276,Allegretto,D,Minor,D Minor,0,0,0,0,0,0,0,0,0,0,0,0,1,0,1,0,0
david banner,play,True,2005,0.584,0.837,0.639,0.618,0.186,0.0,0.124,0.266,0.586,95,230,Moderato,C#,Minor,C# Minor,0,0,0,0,0,0,0,0,1,0,0,0,1,0,0,0,0
trillville,some cut,True,2004,0.562,0.911,0.487,0.686,0.631,0.004,0.0,0.108,0.664,85,283,Moderato,C#,Major,C# Major,0,0,0,0,0,0,0,0,1,0,0,0,1,0,0,0,0
d4l,laffy taffy,True,2005,0.708,0.901,0.407,0.619,0.732,0.036,0.0,0.086,0.625,77,224,Moderato,G,Minor,G Minor,0,0,0,0,0,0,0,0,1,0,0,0,1,0,0,0,0
missy elliott,lose control (feat. ciara & fat man scoop),True,2005,0.753,0.916,0.803,0.663,0.177,0.032,0.007,0.031,0.826,125,226,Veloce (Allegro),E,Minor,E Minor,0,0,0,0,0,0,0,0,1,0,0,0,1,1,0,0,0
rob thomas,lonely no more,False,2005,0.629,0.499,0.891,0.858,0.155,0.034,0.0,0.082,0.877,172,226,Vivace,A,Minor,A Minor,1,0,0,0,0,0,0,1,0,0,0,0,1,0,0,0,0
brian mcfadden,almost here,False,2004,0.472,0.511,0.421,0.652,0.019,0.419,0.0,0.102,0.297,78,229,Moderato,A,Minor,A Minor,0,0,0,0,0,0,0,0,0,0,0,0,1,0,0,0,0
bobby v.,"slow down - 12"" version",False,2005,0.73,0.519,0.717,0.772,0.144,0.183,0.0,0.456,0.629,186,258,Frenetico (Presto),B,Minor,B Minor,0,0,0,0,0,0,0,0,1,0,0,0,1,1,0,0,0
backstreet boys,incomplete,False,2005,0.708,0.364,0.566,0.775,0.018,0.237,0.0,0.066,0.136,134,239,Veloce (Allegro),E,Major,E Major,0,0,0,0,0,0,0,0,0,0,0,0,1,0,0,0,0
pretty ricky,grind with me,True,2005,0.708,0.675,0.512,0.72,0.039,0.0,0.0,0.1,0.161,137,237,Veloce (Allegro),C#,Major,C# Major,0,0,0,0,0,0,0,0,1,0,0,0,1,1,0,0,0
kanye west,diamonds from sierra leone - remix,True,2005,0.685,0.642,0.804,0.828,0.446,0.264,0.0,0.171,0.365,97,233,Moderato,G,Major,G Major,0,0,0,0,0,0,0,0,1,0,0,0,0,0,0,0,0
snoop dogg,drop it like it's hot,True,2004,0.438,0.902,0.607,0.824,0.349,0.173,0.0,0.097,0.682,92,266,Moderato,C#,Major,C# Major,0,0,0,0,0,0,0,0,1,0,0,0,1,0,0,0,0
fat joe,get it poppin' (feat. nelly) - radio version,False,2005,0.461,0.917,0.524,0.64,0.631,0.064,0.0,0.052,0.516,101,211,Moderato,C#,Major,C# Major,0,0,0,0,0,0,0,0,1,0,0,0,1,0,0,0,0
destiny's child,soldier (feat. t.i. & lil' wayne),False,2004,0.708,0.885,0.384,0.678,0.611,0.046,0.0,0.074,0.926,77,325,Moderato,G,Major,G Major,0,0,0,0,0,0,0,0,0,0,0,0,1,1,0,0,0
ciara,"1, 2 step (feat. missy elliott) - main",False,2005,0.584,0.957,0.469,0.473,0.249,0.046,0.001,0.031,0.816,113,202,Allegretto,F,Minor,F Minor,0,0,0,0,0,0,0,0,0,0,0,0,1,1,0,0,0
amerie,1 thing,False,2008,0.584,0.599,0.944,0.782,0.559,0.118,0.0,0.024,0.912,125,238,Veloce (Allegro),A#,Minor,A# Minor,0,0,0,0,0,0,0,0,1,0,0,0,1,1,0,0,0
ludacris,get back,True,2004,0.663,0.503,0.619,0.759,0.434,0.061,0.0,0.116,0.156,172,270,Vivace,C#,Major,C# Major,0,0,0,0,0,0,0,0,1,0,0,0,1,0,0,0,0
franz ferdinand,do you want to,False,2005,0.685,0.334,0.942,0.87,0.039,0.074,0.0,0.938,0.804,123,215,Veloce (Allegro),C,Major,C Major,0,0,0,0,0,0,0,0,0,0,0,0,0,0,1,0,0
natalie imbruglia,shiver,False,2005,0.584,0.426,0.787,0.792,0.015,0.001,0.0,0.153,0.29,94,222,Moderato,C#,Major,C# Major,1,0,0,0,0,0,0,1,0,0,0,0,1,0,0,0,0
gwen stefani,hollaback girl,True,2004,0.775,0.942,0.912,0.904,0.126,0.359,0.0,0.002,0.926,110,199,Allegretto,A#,Minor,A# Minor,0,0,0,0,0,0,0,0,0,0,0,0,1,1,0,0,0
pretty ricky,your body,True,2005,0.663,0.838,0.571,0.732,0.162,0.18,0.0,0.078,0.502,90,240,Moderato,E,Minor,E Minor,0,0,0,0,0,0,0,0,1,0,0,0,1,1,0,0,0
thirty seconds to mars,the kill,False,2005,0.832,0.059,0.908,0.822,0.101,0.001,0.0,0.674,0.268,183,231,Frenetico (Presto),E,Minor,E Minor,0,0,0,0,0,0,0,0,0,0,0,0,0,0,1,0,0
alicia keys,karma,False,2003,0.562,0.707,0.721,0.707,0.069,0.076,0.003,0.016,0.694,85,256,Moderato,A#,Major,A# Major,0,0,0,0,0,0,0,0,0,0,0,0,1,1,0,0,0
2pac,ghetto gospel,True,2004,0.764,0.786,0.592,0.749,0.042,0.099,0.0,0.069,0.668,81,238,Moderato,F,Minor,F Minor,0,0,0,0,0,0,0,0,1,0,0,0,0,0,0,0,0
craig david,don't love you no more (i'm sorry),False,2005,0.629,0.599,0.533,0.664,0.002,0.473,0.0,0.049,0.571,100,243,Moderato,G,Major,G Major,0,0,0,0,0,0,0,0,1,0,0,0,1,1,0,0,0
katie melua,nine million bicycles,False,2005,0.674,0.479,0.204,0.241,0.016,0.529,0.009,0.121,0.327,82,197,Moderato,C,Major,C Major,0,0,0,0,0,1,0,0,0,1,0,0,1,0,0,0,0
lil jon & the east side boyz,lovers and friends,True,2004,0.742,0.645,0.472,0.708,0.356,0.055,0.0,0.49,0.528,140,260,Veloce (Allegro),A#,Major,A# Major,0,0,0,0,0,0,0,0,1,0,0,0,1,0,0,0,0
mariah carey,don't forget about us - radio edit,False,2005,0.0,0.675,0.502,0.677,0.03,0.043,0.0,0.096,0.372,144,233,Veloce (Allegro),A#,Minor,A# Minor,0,0,0,0,0,0,0,0,0,0,0,0,1,1,0,0,0
ying yang twins,wait (the whisper song),True,2005,0.64,0.95,0.485,0.361,0.586,0.001,0.002,0.103,0.596,102,179,Moderato,G,Major,G Major,0,0,0,0,0,0,0,0,1,0,0,0,1,0,0,0,0
will smith,switch,False,2020,0.382,0.879,0.895,0.8,0.284,0.011,0.0,0.643,0.47,103,197,Moderato,F,Minor,F Minor,0,0,0,0,0,0,0,0,1,0,0,0,1,0,0,0,0
bow wow,like you (feat. ciara),False,2005,0.742,0.692,0.577,0.6,0.116,0.048,0.0,0.052,0.498,82,205,Moderato,F#,Major,F# Major,0,0,0,0,0,0,0,0,1,0,0,0,1,1,0,0,0
kaiser chiefs,everyday i love you less and less,False,2005,0.652,0.427,0.954,0.788,0.032,0.005,0.0,0.265,0.576,160,217,Vivace,C#,Minor,C# Minor,0,0,0,0,0,0,0,0,0,0,0,0,0,0,1,0,0
kelly clarkson,behind these hazel eyes,False,2004,0.663,0.495,0.884,0.782,0.027,0.002,0.001,0.211,0.414,90,198,Moderato,A,Major,A Major,0,0,0,0,0,0,0,0,0,0,0,0,1,1,0,0,0
black eyed peas,don't lie,False,2005,0.685,0.63,0.773,0.752,0.294,0.164,0.0,0.068,0.605,90,219,Moderato,A,Major,A Major,0,0,0,0,0,0,0,0,1,0,0,0,1,0,0,0,0
westlife,you raise me up,False,2005,0.011,0.0,0.321,0.688,0.015,0.646,0.0,0.081,0.143,75,241,Lento (Adagio),A#,Major,A# Major,0,0,0,0,0,0,0,0,0,0,0,0,1,0,0,0,0
ray j,one wish,False,2005,0.697,0.468,0.632,0.666,0.464,0.285,0.0,0.382,0.603,128,337,Veloce (Allegro),F,Minor,F Minor,0,0,0,0,0,0,0,0,1,0,0,0,1,1,0,0,0
papa roach,scars,False,2004,0.674,0.385,0.926,0.851,0.047,0.09,0.0,0.246,0.477,90,208,Moderato,B,Major,B Major,0,0,0,0,0,0,0,0,0,0,0,1,0,0,1,0,0
arctic monkeys,i bet you look good on the dancefloor,False,2006,0.798,0.48,0.946,0.807,0.022,0.002,0.0,0.426,0.791,103,173,Moderato,F#,Minor,F# Minor,0,0,0,0,0,0,0,0,0,0,0,0,0,0,1,0,0
shayne ward,that's my goal,False,2006,0.011,0.186,0.48,0.719,0.019,0.381,0.0,0.299,0.109,69,219,Lento (Adagio),D,Major,D Major,0,0,0,0,0,0,0,0,0,0,0,0,1,0,0,0,0
bow wow,let me hold you (feat. omarion),False,2005,0.697,0.811,0.643,0.606,0.318,0.094,0.0,0.082,0.613,152,248,Veloce (Allegro),F#,Major,F# Major,0,0,0,0,0,0,0,0,1,0,0,0,1,1,0,0,0
kaiser chiefs,i predict a riot,False,2005,0.708,0.314,0.979,0.854,0.097,0.025,0.0,0.118,0.398,159,233,Vivace,G#,Major,G# Major,0,0,0,0,0,0,0,0,0,0,0,0,0,0,1,0,0
usher,caught up,False,2004,0.685,0.813,0.796,0.786,0.071,0.028,0.0,0.117,0.82,110,224,Allegretto,F#,Major,F# Major,0,0,0,0,0,0,0,0,1,0,0,0,1,1,0,0,0
kelly clarkson,because of you,False,2004,0.798,0.541,0.559,0.752,0.015,0.254,0.0,0.123,0.12,140,219,Veloce (Allegro),F,Minor,F Minor,0,0,0,0,0,0,0,0,0,0,0,0,1,1,0,0,0
3 doors down,let me go,False,2012,0.584,0.412,0.856,0.771,0.028,0.018,0.0,0.108,0.484,92,243,Moderato,C#,Minor,C# Minor,0,0,0,0,0,0,0,0,0,0,0,1,1,0,1,0,0
nickelback,photograph,False,2005,0.753,0.456,0.87,0.828,0.011,0.001,0.0,0.138,0.371,146,258,Veloce (Allegro),G#,Major,G# Major,0,0,0,0,0,0,0,0,0,0,0,1,0,0,1,0,0
t-pain,i'm sprung,False,2005,0.0,0.701,0.29,0.44,0.153,0.09,0.0,0.072,0.137,100,231,Moderato,C,Minor,C Minor,0,0,0,0,0,0,0,0,1,0,0,0,1,1,0,0,0
destiny's child,cater 2 u,False,2004,0.652,0.563,0.56,0.666,0.314,0.293,0.0,0.257,0.456,126,245,Veloce (Allegro),B,Minor,B Minor,0,0,0,0,0,0,0,0,0,0,0,0,1,1,0,0,0
pussycat dolls,stickwitu,False,2005,0.753,0.495,0.529,0.697,0.064,0.29,0.0,0.059,0.368,80,207,Moderato,A,Major,A Major,0,0,0,0,0,0,0,0,0,0,0,0,1,1,0,0,0
ryan cabrera,true,False,2004,0.697,0.554,0.366,0.517,0.002,0.47,0.0,0.156,0.354,97,204,Moderato,F#,Major,F# Major,0,0,0,0,0,0,0,0,0,0,0,0,1,0,0,0,0
stereophonics,dakota,False,2005,0.775,0.446,0.927,0.841,0.08,0.132,0.007,0.086,0.286,147,297,Veloce (Allegro),E,Major,E Major,0,0,0,0,0,0,0,0,0,0,0,0,1,0,1,0,0
eminem,like toy soldiers,True,2004,0.753,0.462,0.755,0.841,0.608,0.02,0.0,0.099,0.385,79,296,Moderato,G#,Minor,G# Minor,0,0,0,0,0,0,0,0,1,0,0,0,0,0,0,0,0
nelly,over and over,True,2004,0.685,0.609,0.49,0.518,0.103,0.007,0.0,0.164,0.456,170,253,Vivace,G,Major,G Major,0,0,0,0,0,0,0,0,1,0,0,0,1,1,0,0,0
coldplay,speed of sound,False,2005,0.775,0.455,0.893,0.679,0.062,0.005,0.035,0.064,0.337,123,287,Veloce (Allegro),B,Minor,B Minor,0,0,0,0,0,0,0,0,0,0,0,0,1,0,1,0,0
kt tunstall,suddenly i see,False,2005,0.798,0.541,0.754,0.731,0.039,0.23,0.0,0.109,0.67,100,201,Moderato,C,Major,C Major,1,0,0,0,0,0,0,1,0,0,0,0,1,0,0,1,1
destiny's child,girl,False,2004,0.618,0.518,0.733,0.716,0.148,0.318,0.0,0.022,0.554,89,224,Moderato,F#,Minor,F# Minor,0,0,0,0,0,0,0,0,0,0,0,0,1,1,0,0,0
kelly clarkson,since u been gone,False,2004,0.798,0.63,0.725,0.749,0.016,0.002,0.061,0.11,0.368,131,188,Veloce (Allegro),A,Minor,A Minor,0,0,0,0,0,0,0,0,0,0,0,0,1,1,0,0,0
u2,sometimes you can't make it on your own,False,2004,0.629,0.474,0.574,0.734,0.003,0.003,0.48,0.1,0.329,96,305,Moderato,D,Major,D Major,0,0,0,0,0,0,0,0,0,0,0,0,0,0,1,1,1
all-american rejects,dirty little secret,False,2005,0.73,0.402,0.953,0.804,0.036,0.0,0.0,0.633,0.453,144,193,Veloce (Allegro),A#,Major,A# Major,0,0,0,0,0,0,0,0,0,0,0,0,1,0,1,0,0
toby keith,as good as i once was,False,2005,0.753,0.651,0.863,0.793,0.029,0.272,0.0,0.105,0.65,119,227,Allegretto,F,Major,F Major,0,0,0,1,0,0,0,0,0,0,0,0,0,0,0,0,0
gwen stefani,cool,False,2004,0.663,0.686,0.706,0.84,0.009,0.033,0.0,0.401,0.816,112,189,Allegretto,D,Major,D Major,0,0,0,0,0,0,0,0,0,0,0,0,1,1,0,0,0
foo fighters,best of you,False,2005,0.854,0.28,0.938,0.761,0.084,0.001,0.0,0.2,0.354,130,255,Veloce (Allegro),C#,Minor,C# Minor,0,0,0,0,0,0,0,0,0,0,0,1,0,0,1,0,0
shakira,hips don't lie (feat. wyclef jean),False,2005,0.921,0.767,0.815,0.722,0.086,0.291,0.0,0.461,0.77,100,218,Moderato,A#,Minor,A# Minor,0,0,0,0,0,0,0,0,0,0,1,0,1,0,0,0,0
sean paul,temperature,False,2005,0.876,0.972,0.577,0.783,0.082,0.109,0.0,0.06,0.838,125,218,Veloce (Allegro),C,Minor,C Minor,0,0,0,0,0,0,0,0,1,0,0,0,1,0,0,0,0
justin timberlake,sexyback (feat. timbaland),True,2006,0.876,0.99,0.559,0.739,0.101,0.06,0.0,0.037,0.99,117,242,Allegretto,G,Minor,G Minor,0,0,0,0,0,0,0,0,0,0,0,0,1,0,0,0,0
beyonce,irreplaceable,False,2007,0.786,0.376,0.677,0.784,0.649,0.03,0.0,0.175,0.504,176,227,Vivace,G,Minor,G Minor,0,0,0,0,0,0,0,0,0,0,0,0,1,1,0,0,0
amy winehouse,rehab,False,2006,0.798,0.329,0.533,0.341,0.058,0.055,0.0,0.383,0.79,72,214,Lento (Adagio),C,Major,C Major,0,0,0,0,0,0,0,0,0,0,0,0,0,1,0,0,0
rihanna,sos,False,2006,0.82,0.648,0.653,0.771,0.023,0.004,0.0,0.471,0.523,137,238,Veloce (Allegro),G,Major,G Major,0,0,0,0,0,0,0,0,1,0,0,0,1,1,0,0,0
gnarls barkley,crazy,False,2006,0.832,0.858,0.564,0.787,0.019,0.052,0.007,0.1,0.644,112,177,Allegretto,G#,Major,G# Major,0,0,0,0,0,0,0,0,1,0,0,0,0,1,0,0,0
busta rhymes,touch it,True,2006,0.685,0.625,0.526,0.686,0.627,0.004,0.0,0.211,0.432,138,214,Veloce (Allegro),C#,Major,C# Major,0,0,0,0,0,0,0,0,1,0,0,0,1,0,0,0,0
nelly furtado,maneater,False,2006,0.888,0.788,0.765,0.776,0.03,0.027,0.0,0.12,0.801,133,258,Veloce (Allegro),F#,Major,F# Major,0,0,0,0,0,0,0,0,1,0,1,0,1,0,0,0,0
bob sinclar,rock this party - everybody dance now,False,2006,0.775,0.903,0.814,0.83,0.179,0.073,0.0,0.035,0.924,128,245,Veloce (Allegro),F,Minor,F Minor,0,0,0,0,1,0,1,0,0,0,0,0,1,0,0,0,0
diddy,come to me (feat. nicole scherzinger),True,2006,0.618,0.816,0.456,0.695,0.095,0.018,0.0,0.766,0.372,97,276,Moderato,F#,Minor,F# Minor,0,0,0,0,0,0,0,0,1,0,0,0,1,0,0,0,0
madonna,sorry,False,2005,0.685,0.544,0.871,0.706,0.041,0.001,0.013,0.177,0.433,133,281,Veloce (Allegro),C,Minor,C Minor,0,0,0,0,0,0,0,0,0,0,0,0,1,0,0,0,0
chamillionaire,ridin',True,2005,0.798,0.778,0.788,0.782,0.138,0.194,0.0,0.335,0.852,143,303,Veloce (Allegro),G#,Minor,G# Minor,0,0,0,0,0,0,0,0,1,0,0,0,1,0,0,0,0
black eyed peas,pump it,False,2005,0.843,0.614,0.928,0.858,0.286,0.01,0.0,0.878,0.755,154,213,Veloce (Allegro),C#,Minor,C# Minor,0,0,0,0,0,0,0,0,1,0,0,0,1,0,0,0,0
nelly furtado,promiscuous,False,2006,0.921,0.803,0.969,0.712,0.05,0.058,0.0,0.159,0.888,114,242,Allegretto,A#,Minor,A# Minor,0,0,0,0,0,0,0,0,1,0,1,0,1,0,0,0,0
fedde le grand,put your hands up for detroit - radio edit,False,2015,0.438,0.81,0.92,0.79,0.372,0.016,0.156,0.078,0.513,128,150,Veloce (Allegro),G,Major,G Major,0,0,0,0,1,0,1,0,0,0,0,0,1,0,0,0,0
sean paul,(when you gonna) give it up to me (feat. keyshia cole) - radio version,False,2006,0.652,0.688,0.748,0.863,0.365,0.069,0.0,0.024,0.727,96,243,Moderato,G#,Major,G# Major,0,0,0,0,0,0,0,0,1,0,0,0,1,0,0,0,0
pussycat dolls,buttons,False,2005,0.764,0.515,0.807,0.799,0.446,0.156,0.0,0.271,0.47,211,225,Frenetico (Presto),D,Major,D Major,0,0,0,0,0,0,0,0,0,0,0,0,1,1,0,0,0
ciara,get up (feat. chamillionaire),False,2006,0.663,0.987,0.572,0.673,0.155,0.025,0.0,0.023,0.632,129,261,Veloce (Allegro),C#,Minor,C# Minor,0,0,0,0,0,0,0,0,0,0,0,0,1,1,0,0,0
eminem,shake that,True,2005,0.832,0.986,0.623,0.728,0.17,0.052,0.0,0.163,0.53,107,274,Moderato,C#,Minor,C# Minor,0,0,0,0,0,0,0,0,1,0,0,0,0,0,0,0,0
cherish,do it to it,False,2006,0.73,0.824,0.652,0.739,0.264,0.008,0.0,0.57,0.808,74,226,Lento (Adagio),D,Major,D Major,0,0,0,0,0,0,0,0,1,0,0,0,1,1,0,0,0
muse,supermassive black hole,False,2006,0.843,0.637,0.917,0.83,0.037,0.05,0.005,0.08,0.796,120,212,Allegretto,G,Major,G Major,0,0,0,0,0,0,0,0,0,0,0,0,0,0,1,0,0
chris brown,gimme that,False,2005,0.708,0.649,0.548,0.666,0.042,0.004,0.0,0.116,0.434,87,186,Moderato,B,Minor,B Minor,0,0,0,0,0,0,0,0,1,0,0,0,1,1,0,0,0
infernal,from paris to berlin,False,2004,0.64,0.723,0.862,0.691,0.106,0.098,0.0,0.022,0.857,126,209,Veloce (Allegro),A,Minor,A Minor,0,0,0,0,0,0,0,0,0,0,0,0,1,0,0,0,0
cassie,me & u,False,2006,0.82,0.797,0.423,0.776,0.011,0.361,0.0,0.053,0.75,100,192,Moderato,G#,Minor,G# Minor,0,0,0,0,0,0,0,0,0,0,0,0,1,1,0,0,0
e-40,u and dat (feat. t. pain & kandi girl),True,2006,0.708,0.862,0.454,0.646,0.459,0.025,0.0,0.122,0.311,100,202,Moderato,F#,Minor,F# Minor,0,0,0,0,0,0,0,0,1,0,0,0,1,0,0,0,0
pussycat dolls,beep,False,2005,0.64,0.956,0.72,0.698,0.036,0.01,0.0,0.094,0.548,104,229,Moderato,G,Major,G Major,0,0,0,0,0,0,0,0,0,0,0,0,1,1,0,0,0
lil jon,snap yo fingers,False,2006,0.753,0.834,0.744,0.765,0.374,0.007,0.0,0.323,0.629,82,274,Moderato,G#,Minor,G# Minor,0,0,0,0,0,0,0,0,1,0,0,0,1,0,0,0,0
armand van helden,my my my - radio edit,False,2006,0.449,0.649,0.755,0.594,0.206,0.02,0.009,0.013,0.77,128,190,Veloce (Allegro),G,Major,G Major,0,0,0,0,1,0,1,0,0,0,0,0,1,0,0,0,0
notorious b.i.g.,"nasty girl (feat. diddy, nelly, jagged edge & avery storm) - 2005 remaster",True,2005,0.764,0.832,0.607,0.666,0.213,0.097,0.0,0.313,0.649,106,286,Moderato,D,Major,D Major,0,0,0,0,0,0,0,0,1,0,0,0,0,0,0,0,0
yung joc,it's goin' down (feat. nitti),True,2006,0.742,0.897,0.553,0.633,0.069,0.101,0.0,0.132,0.611,84,241,Moderato,C#,Minor,C# Minor,0,0,0,0,0,0,0,0,1,0,0,0,1,0,0,0,0
shayne ward,no promises,False,2006,0.011,0.438,0.469,0.713,0.005,0.54,0.0,0.122,0.154,80,223,Moderato,E,Major,E Major,0,0,0,0,0,0,0,0,0,0,0,0,1,0,0,0,0
justin timberlake,my love (feat. t.i.),False,2006,0.809,0.759,0.662,0.723,0.363,0.284,0.0,0.794,0.824,120,276,Allegretto,B,Minor,B Minor,0,0,0,0,0,0,0,0,0,0,0,0,1,0,0,0,0
nickelback,savin' me,False,2005,0.73,0.369,0.805,0.812,0.008,0.001,0.0,0.472,0.518,164,219,Vivace,D#,Major,D# Major,0,0,0,0,0,0,0,0,0,0,0,1,0,0,1,0,0
nelly,grillz,False,2005,0.674,0.872,0.476,0.631,0.394,0.037,0.0,0.343,0.858,83,271,Moderato,E,Minor,E Minor,0,0,0,0,0,0,0,0,1,0,0,0,1,1,0,0,0
take that,patience,False,2006,0.719,0.213,0.771,0.808,0.031,0.146,0.0,0.116,0.357,176,202,Vivace,A#,Major,A# Major,0,0,0,0,0,0,0,0,0,0,0,0,1,0,0,0,0
fergie,london bridge,True,2006,0.64,0.756,0.587,0.722,0.604,0.221,0.0,0.174,0.636,91,241,Moderato,C#,Major,C# Major,0,0,0,0,0,0,0,0,0,0,0,0,1,1,0,0,0
cascada,everytime we touch - radio edit,False,2011,0.0,0.604,0.977,0.748,0.058,0.005,0.0,0.42,0.487,142,199,Veloce (Allegro),G#,Major,G# Major,0,0,0,0,1,0,1,0,1,0,0,0,1,0,0,0,0
d4l,laffy taffy,True,2005,0.708,0.901,0.407,0.619,0.732,0.036,0.0,0.086,0.625,77,224,Moderato,G,Minor,G Minor,0,0,0,0,0,0,0,0,1,0,0,0,1,0,0,0,0
ll cool j,control myself,False,2006,0.472,0.823,0.87,0.69,0.34,0.01,0.0,0.221,0.473,120,233,Allegretto,A#,Minor,A# Minor,0,0,0,0,0,0,0,0,1,0,0,0,1,1,0,0,0
beyonce,deja vu (feat. jay-z),False,2007,0.64,0.609,0.732,0.77,0.575,0.007,0.0,0.064,0.339,105,240,Moderato,G,Major,G Major,0,0,0,0,0,0,0,0,0,0,0,0,1,1,0,0,0
p!nk,stupid girls,True,2006,0.0,0.655,0.88,0.764,0.086,0.001,0.002,0.037,0.565,100,197,Moderato,E,Minor,E Minor,0,0,0,0,0,0,0,0,0,0,0,0,1,0,0,0,0
eminem,when i'm gone,True,2005,0.764,0.578,0.732,0.743,0.595,0.057,0.0,0.302,0.762,75,281,Lento (Adagio),A#,Minor,A# Minor,0,0,0,0,0,0,0,0,1,0,0,0,0,0,0,0,0
kelis,bossy,False,2006,0.562,0.918,0.612,0.751,0.302,0.0,0.0,0.044,0.792,84,273,Moderato,E,Major,E Major,0,0,0,0,1,0,1,0,0,0,0,0,1,1,0,0,0
bob sinclar,love generation - radio edit,False,2005,0.551,0.693,0.802,0.729,0.07,0.179,0.0,0.027,0.552,128,207,Veloce (Allegro),C#,Major,C# Major,0,0,0,0,1,0,1,0,0,0,0,0,1,0,0,0,0
meck,thunder in my heart again (radio edit),False,2005,0.517,0.65,0.918,0.783,0.011,0.0,0.7,0.058,0.821,129,189,Veloce (Allegro),D,Minor,D Minor,0,0,0,0,0,0,1,0,0,0,0,0,0,0,0,0,0
mary j. blige,be without you - kendu mix,True,2005,0.775,0.706,0.683,0.723,0.139,0.073,0.0,0.289,0.679,147,246,Veloce (Allegro),D,Minor,D Minor,0,0,0,0,0,0,0,0,0,0,0,0,1,1,0,0,0
girls aloud,something kinda ooooh,False,2012,0.551,0.652,0.904,0.82,0.044,0.024,0.0,0.401,0.9,132,201,Veloce (Allegro),B,Minor,B Minor,0,0,0,0,1,0,1,0,0,0,0,0,1,0,0,0,0
rihanna,unfaithful,False,2006,0.786,0.543,0.356,0.588,0.018,0.86,0.0,0.247,0.332,144,226,Veloce (Allegro),C,Minor,C Minor,0,0,0,0,0,0,0,0,1,0,0,0,1,1,0,0,0
kanye west,touch the sky,True,2005,0.82,0.5,0.838,0.771,0.577,0.012,0.0,0.346,0.552,99,236,Moderato,A,Major,A Major,0,0,0,0,0,0,0,0,1,0,0,0,0,0,0,0,0
dem franchize boyz,"lean wit it, rock wit it",True,2006,0.674,0.895,0.599,0.724,0.513,0.084,0.0,0.094,0.601,76,229,Lento (Adagio),F,Major,F Major,0,0,0,0,0,0,0,0,1,0,0,0,1,0,0,0,0
evanescence,call me when you're sober,False,2006,0.73,0.379,0.877,0.811,0.053,0.002,0.0,0.326,0.31,93,214,Moderato,G,Major,G Major,0,0,0,0,0,0,0,0,0,0,0,1,0,0,0,0,0
chingy,pullin' me back,True,2006,0.697,0.777,0.483,0.685,0.475,0.084,0.0,0.118,0.587,80,234,Moderato,G,Major,G Major,0,0,0,0,0,0,0,0,1,0,0,0,1,1,0,0,0
nickelback,far away,False,2005,0.786,0.46,0.786,0.759,0.014,0.001,0.0,0.103,0.273,133,238,Veloce (Allegro),F#,Major,F# Major,0,0,0,0,0,0,0,0,0,0,0,1,0,0,1,0,0
fall out boy,"dance, dance",False,2005,0.832,0.583,0.96,0.856,0.237,0.005,0.0,0.077,0.44,114,180,Allegretto,B,Minor,B Minor,0,0,0,0,0,0,0,0,0,0,0,0,0,0,1,0,0
leona lewis,a moment like this,False,2007,0.64,0.156,0.537,0.832,0.012,0.433,0.0,0.132,0.138,71,257,Lento (Adagio),G#,Major,G# Major,0,0,0,0,0,0,0,0,0,0,0,0,1,1,0,0,0
t.i.,what you know,True,2006,0.719,0.499,0.8,0.798,0.02,0.016,0.0,0.177,0.314,73,274,Lento (Adagio),B,Major,B Major,0,0,0,0,0,0,0,0,1,0,0,0,1,0,0,0,0
ludacris,money maker,True,2006,0.697,0.499,0.575,0.678,0.446,0.154,0.0,0.334,0.614,79,230,Moderato,C#,Major,C# Major,0,0,0,0,0,0,0,0,1,0,0,0,1,0,0,0,0
nick lachey,what's left of me,False,2006,0.416,0.344,0.728,0.734,0.026,0.146,0.0,0.148,0.274,150,244,Veloce (Allegro),G,Major,G Major,0,0,0,0,0,0,0,0,0,0,0,0,1,0,0,0,0
jibbs,chain hang low,True,2006,0.629,0.784,0.566,0.674,0.432,0.026,0.0,0.111,0.791,157,207,Vivace,E,Minor,E Minor,0,0,0,0,0,0,0,0,1,0,0,0,1,0,0,0,0
arctic monkeys,when the sun goes down,True,2006,0.809,0.259,0.869,0.778,0.318,0.035,0.0,0.115,0.395,169,202,Vivace,B,Minor,B Minor,0,0,0,0,0,0,0,0,0,0,0,0,0,0,1,0,0
rascal flatts,life is a highway,False,2006,0.0,0.511,0.933,0.746,0.069,0.002,0.0,0.097,0.595,103,276,Moderato,F,Major,F Major,0,0,0,1,0,0,0,0,0,0,0,0,0,0,0,0,0
beyonce,check on it (feat. slim thug),False,2006,0.506,0.675,0.881,0.822,0.352,0.082,0.0,0.426,0.904,166,211,Vivace,G,Major,G Major,0,0,0,0,0,0,0,0,0,0,0,0,1,1,0,0,0
keyshia cole,love,False,2005,0.809,0.661,0.492,0.802,0.009,0.066,0.0,0.094,0.299,117,255,Allegretto,F,Major,F Major,0,0,0,0,0,0,0,0,1,0,0,0,1,1,0,0,0
lily allen,smile,True,2006,0.764,0.595,0.619,0.72,0.005,0.001,0.0,0.24,0.743,96,196,Moderato,F,Major,F Major,0,0,0,0,0,0,0,0,0,0,0,0,1,0,0,0,0
ne-yo,sexy love,False,2006,0.753,0.667,0.488,0.695,0.033,0.304,0.0,0.047,0.488,94,220,Moderato,G#,Major,G# Major,0,0,0,0,0,0,0,0,0,0,0,0,1,1,0,0,0
jojo,too little too late,False,2006,0.539,0.48,0.814,0.75,0.036,0.012,0.0,0.15,0.692,83,223,Moderato,F#,Minor,F# Minor,0,0,0,0,0,0,0,0,1,0,0,0,1,1,0,0,0
mary j. blige,one,False,2005,0.719,0.254,0.868,0.857,0.099,0.086,0.0,0.129,0.247,186,260,Frenetico (Presto),C,Major,C Major,0,0,0,0,0,0,0,0,0,0,0,0,1,1,0,0,0
bubba sparxxx,ms. new booty,True,2005,0.697,0.604,0.599,0.721,0.711,0.016,0.0,0.074,0.611,129,252,Veloce (Allegro),C#,Major,C# Major,0,0,0,1,0,0,0,0,1,0,0,0,1,0,0,0,0
amy winehouse,you know i'm no good,False,2006,0.708,0.681,0.796,0.835,0.014,0.014,0.004,0.058,0.744,103,256,Moderato,A,Major,A Major,0,0,0,0,0,0,0,0,0,0,0,0,0,1,0,0,0
rascal flatts,what hurts the most,False,2006,0.775,0.482,0.656,0.76,0.008,0.009,0.0,0.293,0.312,136,214,Veloce (Allegro),F,Minor,F Minor,0,0,0,1,0,0,0,0,0,0,0,0,0,0,0,0,0
red hot chili peppers,dani california,False,2006,0.854,0.505,0.909,0.897,0.037,0.02,0.0,0.39,0.74,96,282,Moderato,C,Major,C Major,0,0,0,0,0,0,0,0,0,0,0,0,0,0,1,0,0
scissor sisters,i don't feel like dancin',False,2006,0.708,0.683,0.92,0.845,0.008,0.02,0.0,0.385,0.863,108,288,Moderato,G,Major,G Major,0,0,0,0,1,0,1,0,0,0,0,0,1,0,1,0,0
ne-yo,so sick,False,2006,0.843,0.382,0.55,0.602,0.519,0.252,0.0,0.201,0.58,93,207,Moderato,F#,Major,F# Major,0,0,0,0,0,0,0,0,0,0,0,0,1,1,0,0,0
hinder,lips of an angel,False,2019,0.393,0.408,0.73,0.748,0.02,0.021,0.0,0.226,0.214,129,261,Veloce (Allegro),D,Major,D Major,0,0,0,0,0,0,0,0,0,0,0,1,1,0,1,0,0
raconteurs,"steady, as she goes",False,2006,0.629,0.468,0.554,0.788,0.175,0.014,0.009,0.104,0.534,124,215,Veloce (Allegro),A,Major,A Major,0,0,0,0,0,0,0,0,0,0,0,0,0,0,1,0,0
fratellis,chelsea dagger,False,2006,0.764,0.452,0.805,0.858,0.218,0.05,0.0,0.074,0.586,155,215,Veloce (Allegro),G,Major,G Major,0,0,0,0,0,0,0,0,0,0,0,0,0,0,1,0,0
fort minor,where'd you go (feat. holly brook & jonah matranga),True,2005,0.472,0.656,0.809,0.85,0.389,0.268,0.002,0.11,0.227,180,231,Frenetico (Presto),C#,Minor,C# Minor,0,0,0,0,0,0,0,0,1,0,0,0,1,0,1,0,0
pussycat dolls,stickwitu,False,2005,0.753,0.495,0.529,0.697,0.064,0.29,0.0,0.059,0.368,80,207,Moderato,A,Major,A Major,0,0,0,0,0,0,0,0,0,0,0,0,1,1,0,0,0
panic! at the disco,i write sins not tragedies,False,2005,0.786,0.516,0.805,0.792,0.211,0.076,0.0,0.118,0.678,170,185,Vivace,A,Minor,A Minor,0,0,0,0,0,0,0,0,0,0,0,0,0,0,1,0,0
james blunt,goodbye my lover,False,2005,0.753,0.358,0.218,0.392,0.051,0.976,0.004,0.083,0.251,90,258,Moderato,E,Major,E Major,0,0,0,0,0,0,0,0,0,0,0,0,1,0,0,0,0
christina aguilera,ain't no other man,False,2006,0.708,0.866,0.728,0.78,0.36,0.004,0.009,0.098,0.506,128,228,Veloce (Allegro),G,Major,G Major,0,0,0,0,0,0,0,0,0,0,0,0,1,0,0,0,0
westlife,the rose,False,2006,0.0,0.169,0.157,0.534,0.011,0.803,0.0,0.071,0.143,110,219,Allegretto,A,Major,A Major,0,0,0,0,0,0,0,0,0,0,0,0,1,0,0,0,0
keane,is it any wonder?,False,2006,0.663,0.426,0.953,0.877,0.024,0.0,0.0,0.376,0.832,129,186,Veloce (Allegro),B,Minor,B Minor,0,0,0,0,0,0,0,0,0,0,0,0,1,0,0,0,0
orson,no tomorrow,False,2006,0.517,0.623,0.603,0.785,0.083,0.007,0.0,0.308,0.745,124,167,Veloce (Allegro),D#,Minor,D# Minor,0,0,0,0,0,0,0,0,0,0,0,0,1,0,0,0,0
t-pain,i'm n luv (wit a stripper) (feat. mike jones),True,2005,0.0,0.712,0.332,0.501,0.082,0.006,0.0,0.206,0.507,145,265,Veloce (Allegro),G#,Major,G# Major,0,0,0,0,0,0,0,0,1,0,0,0,1,1,0,0,0
kt tunstall,black horse and the cherry tree,False,2005,0.719,0.732,0.774,0.629,0.074,0.336,0.0,0.383,0.94,105,172,Moderato,E,Minor,E Minor,1,0,0,0,0,0,0,1,0,0,0,0,1,0,0,1,1
natasha bedingfield,unwritten,False,2004,0.022,0.682,0.789,0.701,0.03,0.006,0.0,0.073,0.632,100,259,Moderato,F,Major,F Major,0,0,0,0,0,0,0,0,0,0,0,0,1,0,0,0,0
razorlight,america,False,2006,0.753,0.376,0.544,0.768,0.013,0.302,0.0,0.401,0.119,91,249,Moderato,D,Major,D Major,0,0,0,0,0,0,0,0,0,0,0,0,1,0,1,0,0
james morrison,you give me something,False,2006,0.719,0.508,0.671,0.693,0.164,0.221,0.0,0.077,0.578,80,213,Moderato,G,Major,G Major,0,0,0,0,0,0,0,0,0,0,0,0,1,1,0,0,0
snow patrol,you're all i have,False,2006,0.393,0.4,0.917,0.789,0.039,0.0,0.058,0.186,0.495,132,273,Veloce (Allegro),D,Major,D Major,0,0,0,0,0,0,0,0,0,0,0,0,1,0,1,1,1
fray,how to save a life,False,2005,0.888,0.604,0.729,0.812,0.027,0.276,0.0,0.096,0.345,122,262,Veloce (Allegro),A#,Major,A# Major,0,0,0,0,0,0,0,0,0,0,0,0,1,0,0,0,0
sandi thom,i wish i was a punk rocker (with flowers in my hair),False,2006,0.685,0.675,0.434,0.677,0.606,0.557,0.0,0.703,0.728,108,151,Moderato,E,Major,E Major,0,0,0,0,0,0,0,0,0,0,0,0,1,0,0,1,1
my chemical romance,welcome to the black parade,False,2006,0.854,0.104,0.9,0.811,0.094,0.0,0.0,0.241,0.212,97,311,Moderato,D,Major,D Major,0,0,0,0,0,0,0,0,0,0,0,0,0,0,1,0,0
razorlight,in the morning,False,2006,0.663,0.576,0.848,0.841,0.034,0.004,0.001,0.357,0.693,124,222,Veloce (Allegro),E,Minor,E Minor,0,0,0,0,0,0,0,0,0,0,0,0,1,0,1,0,0
all-american rejects,dirty little secret,False,2005,0.73,0.402,0.953,0.804,0.036,0.0,0.0,0.633,0.453,144,193,Veloce (Allegro),A#,Major,A# Major,0,0,0,0,0,0,0,0,0,0,0,0,1,0,1,0,0
james morrison,wonderful world,False,2006,0.551,0.408,0.694,0.786,0.01,0.056,0.0,0.091,0.591,79,210,Moderato,C#,Major,C# Major,0,0,0,0,0,0,0,0,0,0,0,0,1,1,0,0,0
chris brown,yo (excuse me miss),False,2005,0.775,0.481,0.59,0.725,0.45,0.122,0.0,0.226,0.569,87,229,Moderato,E,Major,E Major,0,0,0,0,0,0,0,0,1,0,0,0,1,1,0,0,0
p!nk,who knew,False,2006,0.0,0.661,0.719,0.788,0.008,0.005,0.0,0.065,0.451,140,208,Veloce (Allegro),A,Major,A Major,0,0,0,0,0,0,0,0,0,0,0,0,1,0,0,0,0
kooks,naive,False,2006,0.82,0.31,0.798,0.707,0.119,0.078,0.0,0.153,0.748,100,203,Moderato,G#,Minor,G# Minor,0,0,0,0,0,0,0,0,0,0,0,0,0,0,1,0,0
leona lewis,bleeding love,False,2007,0.843,0.602,0.637,0.723,0.023,0.193,0.0,0.15,0.2,104,262,Moderato,F,Major,F Major,0,0,0,0,0,0,0,0,0,0,0,0,1,1,0,0,0
rihanna,umbrella,False,2008,0.91,0.537,0.82,0.786,0.2,0.009,0.0,0.025,0.574,174,275,Vivace,C#,Major,C# Major,0,0,0,0,0,0,0,0,1,0,0,0,1,1,0,0,0
britney spears,gimme more,False,2007,0.888,0.779,0.836,0.859,0.018,0.256,0.001,0.061,0.368,113,251,Allegretto,D,Major,D Major,0,0,0,0,0,0,0,0,0,0,0,0,1,0,0,0,0
fergie,big girls don't cry (personal),False,2006,0.854,0.684,0.621,0.801,0.019,0.21,0.0,0.088,0.23,113,268,Allegretto,G,Major,G Major,0,0,0,0,0,0,0,0,0,0,0,0,1,1,0,0,0
mark ronson,valerie (feat. amy winehouse) - version revisited,False,2007,0.0,0.673,0.836,0.777,0.056,0.003,0.0,0.123,0.918,106,219,Moderato,C#,Major,C# Major,0,0,0,0,0,0,0,0,0,0,0,0,1,0,0,0,0
plain white t's,hey there delilah,False,2005,0.876,0.623,0.25,0.491,0.011,0.893,0.0,0.111,0.278,104,232,Moderato,D,Major,D Major,0,0,0,0,0,0,0,0,0,0,0,0,1,0,0,0,0
justin timberlake,what goes around.../...comes around (interlude),False,2006,0.786,0.66,0.708,0.779,0.086,0.125,0.001,0.663,0.421,76,448,Lento (Adagio),G,Major,G Major,0,0,0,0,0,0,0,0,0,0,0,0,1,0,0,0,0
gwen stefani,the sweet escape,False,2006,0.798,0.741,0.757,0.841,0.02,0.196,0.0,0.188,0.74,120,246,Allegretto,C#,Major,C# Major,0,0,0,0,0,0,0,0,0,0,0,0,1,1,0,0,0
timbaland,the way i are,False,2007,0.899,0.712,0.797,0.693,0.139,0.185,0.762,0.358,0.778,115,179,Allegretto,D#,Minor,D# Minor,0,0,0,0,0,0,0,0,1,0,0,0,1,1,0,0,0
nelly furtado,say it right,False,2006,0.91,0.878,0.866,0.701,0.21,0.049,0.001,0.039,0.825,117,223,Allegretto,C#,Major,C# Major,0,0,0,0,0,0,0,0,1,0,1,0,1,0,0,0,0
ida corr,let me think about it,False,2012,0.483,0.748,0.74,0.844,0.041,0.0,0.068,0.15,0.724,129,151,Veloce (Allegro),C,Minor,C Minor,0,0,0,0,0,0,1,0,0,0,0,0,1,0,0,0,0
alex gaudino,destination calabria - radio edit,False,2007,0.82,0.589,0.952,0.776,0.035,0.002,0.001,0.325,0.293,128,223,Veloce (Allegro),D,Major,D Major,0,0,0,0,1,0,1,0,0,0,0,0,0,0,0,0,0
september,cry for you,False,2007,0.73,0.754,0.875,0.817,0.012,0.001,0.0,0.04,0.987,130,209,Veloce (Allegro),A,Major,A Major,0,0,0,0,1,0,1,0,0,0,0,0,1,0,0,0,0
akon,smack that,True,2006,0.652,0.959,0.729,0.758,0.044,0.325,0.0,0.084,0.956,119,212,Allegretto,F,Minor,F Minor,0,0,0,0,0,0,0,0,0,0,0,0,1,0,0,0,0
timbaland,give it to me,True,2007,0.786,1.0,0.695,0.821,0.072,0.172,0.001,0.07,0.831,111,234,Allegretto,G#,Major,G# Major,0,0,0,0,0,0,0,0,1,0,0,0,1,1,0,0,0
50 cent,ayo technology,True,2007,0.753,0.592,0.77,0.745,0.197,0.085,0.0,0.015,0.406,140,247,Veloce (Allegro),G#,Minor,G# Minor,0,0,0,0,0,0,0,0,1,0,0,0,1,0,0,0,0
eric prydz,proper education - radio edit,False,2007,0.0,0.482,0.934,0.789,0.053,0.001,0.036,0.084,0.306,125,198,Veloce (Allegro),C,Major,C Major,0,0,0,0,1,0,1,0,0,0,0,0,1,0,0,0,0
fedde le grand,put your hands up for detroit - radio edit,False,2015,0.0,0.825,0.928,0.793,0.323,0.016,0.213,0.093,0.484,128,150,Veloce (Allegro),G,Major,G Major,0,0,0,0,1,0,1,0,0,0,0,0,1,0,0,0,0
ciara,like a boy,False,2006,0.764,0.676,0.709,0.73,0.22,0.274,0.0,0.078,0.414,132,237,Veloce (Allegro),C,Minor,C Minor,0,0,0,0,0,0,0,0,0,0,0,0,1,1,0,0,0
kanye west,stronger,True,2007,0.607,0.577,0.701,0.625,0.235,0.006,0.0,0.465,0.483,104,311,Moderato,A#,Minor,A# Minor,0,0,0,0,0,0,0,0,1,0,0,0,0,0,0,0,0
beyonce,beautiful liar,False,2007,0.719,0.751,0.737,0.829,0.085,0.006,0.0,0.171,0.406,92,199,Moderato,G#,Major,G# Major,0,0,0,0,0,0,0,0,0,0,0,0,1,1,0,0,0
gym class heroes,cupid's chokehold / breakfast in america - radio mix,False,2007,0.663,0.538,0.663,0.762,0.099,0.507,0.0,0.322,0.837,80,237,Moderato,C#,Minor,C# Minor,0,0,0,0,0,0,0,0,1,0,0,0,1,0,0,0,0
akon,i wanna love you,True,2006,0.596,0.87,0.418,0.55,0.034,0.037,0.0,0.345,0.336,100,247,Moderato,C,Major,C Major,0,0,0,0,0,0,0,0,0,0,0,0,1,0,0,0,0
soulja boy,crank that (soulja boy),False,2007,0.832,0.718,0.726,0.906,0.1,0.528,0.0,0.03,0.818,140,221,Veloce (Allegro),C,Major,C Major,0,0,0,0,0,0,0,0,1,0,0,0,1,0,0,0,0
fat joe,make it rain,True,2006,0.663,0.727,0.68,0.764,0.314,0.011,0.0,0.075,0.78,149,247,Veloce (Allegro),B,Minor,B Minor,0,0,0,0,0,0,0,0,1,0,0,0,1,0,0,0,0
p!nk,u + ur hand,True,2006,0.0,0.686,0.886,0.831,0.054,0.002,0.0,0.015,0.907,141,214,Veloce (Allegro),C,Major,C Major,0,0,0,0,0,0,0,0,0,0,0,0,1,0,0,0,0
rihanna,shut up and drive,False,2008,0.775,0.716,0.817,0.771,0.021,0.001,0.131,0.211,0.751,133,212,Veloce (Allegro),C#,Major,C# Major,0,0,0,0,0,0,0,0,1,0,0,0,1,1,0,0,0
lloyd,get it shawty,False,2007,0.697,0.819,0.9,0.814,0.394,0.126,0.0,0.034,0.68,128,209,Veloce (Allegro),F,Minor,F Minor,0,0,0,0,0,0,0,0,1,0,0,0,1,1,0,0,0
kanye west,can't tell me nothing,True,2007,0.528,0.552,0.599,0.711,0.029,0.012,0.0,0.96,0.068,80,271,Moderato,F,Minor,F Minor,0,0,0,0,0,0,0,0,1,0,0,0,0,0,0,0,0
camille jones,the creeps - fedde le grand radio mix,False,2006,0.191,0.849,0.854,0.686,0.067,0.285,0.029,0.049,0.734,128,152,Veloce (Allegro),F#,Major,F# Major,0,0,0,0,0,0,0,0,0,0,0,0,1,0,0,0,0
linkin park,what i've done,False,2007,0.865,0.584,0.927,0.752,0.017,0.014,0.0,0.14,0.266,120,205,Allegretto,F,Major,F Major,0,0,0,0,0,0,0,0,0,0,0,1,0,0,1,0,0
keyshia cole,last night,False,2007,0.674,0.933,0.85,0.765,0.071,0.17,0.0,0.077,0.999,121,255,Veloce (Allegro),D#,Minor,D# Minor,0,0,0,0,0,0,0,0,1,0,0,0,1,1,0,0,0
chris brown,kiss kiss (feat. t-pain),False,2007,0.764,0.709,0.639,0.846,0.365,0.052,0.0,0.058,0.549,140,250,Veloce (Allegro),A#,Minor,A# Minor,0,0,0,0,0,0,0,0,1,0,0,0,1,1,0,0,0
shop boyz,party like a rock star,True,2007,0.685,0.579,0.693,0.785,0.03,0.006,0.0,0.584,0.687,145,253,Veloce (Allegro),G,Major,G Major,0,0,0,0,0,0,0,0,1,0,0,0,1,0,0,0,0
finger eleven,paralyzer,False,2007,0.82,0.609,0.936,0.841,0.04,0.161,0.0,0.254,0.88,106,208,Moderato,B,Minor,B Minor,0,0,0,0,0,0,0,0,0,0,0,1,0,0,1,0,0
justin timberlake,summer love,False,2006,0.742,0.564,0.568,0.656,0.115,0.077,0.0,0.369,0.47,96,252,Moderato,C,Minor,C Minor,0,0,0,0,0,0,0,0,0,0,0,0,1,0,0,0,0
mims,this is why i'm hot,True,2007,0.663,0.582,0.577,0.7,1.0,0.284,0.0,0.57,0.478,80,253,Moderato,G#,Major,G# Major,0,0,0,0,0,0,0,0,1,0,0,0,1,0,0,0,0
fabolous,make me better,True,2007,0.697,0.565,0.576,0.673,0.138,0.338,0.0,0.214,0.56,86,253,Moderato,B,Major,B Major,0,0,0,0,0,0,0,0,1,0,0,0,1,1,0,0,0
seether,fake it,True,2007,0.82,0.57,0.948,0.84,0.052,0.001,0.0,0.039,0.608,132,193,Veloce (Allegro),G#,Major,G# Major,0,0,0,0,0,0,0,0,0,0,0,1,0,0,1,0,0
take that,patience,False,2006,0.719,0.213,0.771,0.808,0.031,0.146,0.0,0.116,0.357,176,202,Vivace,A#,Major,A# Major,0,0,0,0,0,0,0,0,0,0,0,0,1,0,0,0,0
arctic monkeys,brianstorm,False,2007,0.753,0.344,0.974,0.781,0.304,0.0,0.002,0.079,0.454,165,172,Vivace,C#,Major,C# Major,0,0,0,0,0,0,0,0,0,0,0,0,0,0,1,0,0
justin timberlake,my love (feat. t.i.),False,2006,0.809,0.759,0.662,0.723,0.363,0.284,0.0,0.794,0.824,120,276,Allegretto,B,Minor,B Minor,0,0,0,0,0,0,0,0,0,0,0,0,1,0,0,0,0
fergie,glamorous,True,2006,0.719,0.806,0.744,0.695,0.374,0.305,0.0,0.098,0.564,131,246,Veloce (Allegro),C,Major,C Major,0,0,0,0,0,0,0,0,0,0,0,0,1,1,0,0,0
linkin park,bleed it out,True,2007,0.82,0.473,0.966,0.833,0.05,0.117,0.0,0.708,0.597,140,166,Veloce (Allegro),C#,Minor,C# Minor,0,0,0,0,0,0,0,0,0,0,0,1,0,0,1,0,0
my chemical romance,teenagers,False,2006,0.899,0.395,0.85,0.862,0.072,0.052,0.0,0.195,0.875,112,161,Allegretto,E,Major,E Major,0,0,0,0,0,0,0,0,0,0,0,0,0,0,1,0,0
calvin harris,acceptable in the 80's,False,2007,0.64,0.778,0.798,0.744,0.05,0.015,0.261,0.03,0.967,128,333,Veloce (Allegro),G,Major,G Major,0,0,0,0,1,0,1,0,1,0,0,0,1,0,0,0,0
sugababes,about you now,False,2007,0.742,0.538,0.682,0.714,0.026,0.0,0.0,0.559,0.585,82,212,Moderato,C#,Minor,C# Minor,0,0,0,0,0,0,0,0,0,0,0,0,1,1,0,0,0
avril lavigne,girlfriend,True,2007,0.843,0.509,0.958,0.893,0.142,0.001,0.0,0.226,0.675,164,216,Vivace,G,Major,G Major,0,0,0,0,0,0,0,0,0,0,0,0,1,0,0,0,0
ne-yo,because of you,False,2007,0.832,0.805,0.512,0.728,0.022,0.541,0.0,0.088,0.845,110,266,Allegretto,C,Minor,C Minor,0,0,0,0,0,0,0,0,0,0,0,0,1,1,0,0,0
daughtry,it's not over,False,2016,0.506,0.379,0.917,0.842,0.055,0.048,0.0,0.348,0.401,146,215,Veloce (Allegro),A#,Minor,A# Minor,0,0,0,0,0,0,0,0,0,0,0,1,1,0,1,0,0
unk,walk it out,True,2013,0.539,0.786,0.765,0.831,0.105,0.101,0.0,0.217,0.714,160,173,Vivace,C#,Minor,C# Minor,0,0,0,0,0,0,0,0,1,0,0,0,1,0,0,0,0
lloyd,you,False,2007,0.786,0.334,0.87,0.717,0.808,0.104,0.0,0.331,0.711,130,273,Veloce (Allegro),F,Minor,F Minor,0,0,0,0,0,0,0,0,1,0,0,0,1,1,0,0,0
klaxons,golden skans,False,2007,0.73,0.395,0.827,0.876,0.027,0.0,0.0,0.275,0.722,142,165,Veloce (Allegro),D,Minor,D Minor,0,0,0,0,0,0,0,0,0,0,0,0,0,0,1,0,0
t-pain,bartender (feat. akon),True,2007,0.034,0.645,0.359,0.592,0.199,0.063,0.0,0.232,0.392,105,238,Moderato,G#,Major,G# Major,0,0,0,0,0,0,0,0,1,0,0,0,1,1,0,0,0
baby boy da prince,the way i live - main explicit,True,2006,0.663,0.888,0.406,0.64,0.407,0.015,0.0,0.083,0.723,90,324,Moderato,C,Major,C Major,0,0,0,0,0,0,0,0,1,0,0,0,1,0,0,0,0
fergie,fergalicious,True,2006,0.708,0.918,0.56,0.632,0.53,0.059,0.0,0.128,0.848,129,292,Veloce (Allegro),G#,Minor,G# Minor,0,0,0,0,0,0,0,0,0,0,0,0,1,1,0,0,0
omarion,ice box,False,2006,0.64,0.764,0.716,0.744,0.2,0.194,0.0,0.129,0.837,131,256,Veloce (Allegro),G#,Major,G# Major,0,0,0,0,0,0,0,0,1,0,0,0,1,1,0,0,0
pretty ricky,on the hotline - amended version,False,2007,0.64,0.68,0.846,0.743,0.289,0.019,0.0,0.152,0.695,93,242,Moderato,A#,Minor,A# Minor,0,0,0,0,0,0,0,0,1,0,0,0,1,1,0,0,0
nickelback,rockstar,False,2005,0.775,0.576,0.906,0.865,0.028,0.047,0.0,0.387,0.7,144,252,Veloce (Allegro),C,Major,C Major,0,0,0,0,0,0,0,0,0,0,0,1,0,0,1,0,0
fall out boy,thnks fr th mmrs,False,2007,0.854,0.39,0.886,0.764,0.071,0.005,0.0,0.102,0.588,155,203,Veloce (Allegro),A#,Minor,A# Minor,0,0,0,0,0,0,0,0,0,0,0,0,0,0,1,0,0
justin timberlake,lovestoned / i think she knows (interlude),True,2006,0.64,0.863,0.663,0.705,0.057,0.348,0.0,0.23,0.871,121,444,Veloce (Allegro),C#,Major,C# Major,0,0,0,0,0,0,0,0,0,0,0,0,1,0,0,0,0
all time low,"dear maria, count me in",False,2007,0.854,0.39,0.89,0.859,0.104,0.007,0.0,0.222,0.571,181,182,Frenetico (Presto),D,Major,D Major,0,0,0,0,0,0,0,0,0,0,0,0,0,0,1,0,0
amy winehouse,back to black,True,2006,0.854,0.324,0.389,0.324,0.026,0.137,0.0,0.078,0.364,123,241,Veloce (Allegro),G,Minor,G Minor,0,0,0,0,0,0,0,0,0,0,0,0,0,1,0,0,0
keyshia cole,let it go,False,2007,0.652,0.803,0.706,0.758,0.343,0.202,0.0,0.221,0.786,95,238,Moderato,C#,Major,C# Major,0,0,0,0,0,0,0,0,1,0,0,0,1,1,0,0,0
ciara,promise,False,2006,0.629,0.671,0.608,0.729,0.035,0.419,0.0,0.073,0.429,123,267,Veloce (Allegro),A,Major,A Major,0,0,0,0,0,0,0,0,0,0,0,0,1,1,0,0,0
enrique iglesias,do you know? (the ping pong song),False,2007,0.506,0.738,0.746,0.775,0.046,0.054,0.0,0.006,0.714,115,219,Allegretto,G#,Major,G# Major,0,0,0,0,0,0,0,0,0,0,1,0,1,0,0,0,0
t2,heartbroken - edit,False,2017,0.663,0.694,0.744,0.745,0.018,0.026,0.004,0.167,0.897,140,178,Veloce (Allegro),B,Minor,B Minor,0,0,0,0,1,0,1,0,0,0,0,0,0,0,0,0,0
robyn,with every heartbeat,False,2005,0.404,0.411,0.858,0.793,0.03,0.009,0.0,0.3,0.401,121,254,Veloce (Allegro),E,Minor,E Minor,0,0,0,0,1,0,1,0,0,0,0,0,1,0,0,0,0
maroon 5,makes me wonder,True,2007,0.697,0.797,0.843,0.894,0.023,0.005,0.0,0.044,0.902,114,211,Allegretto,G,Major,G Major,0,0,0,0,0,0,0,0,0,0,0,0,1,0,0,0,0
fall out boy,"this ain't a scene, it's an arms race",False,2007,0.764,0.362,0.881,0.812,0.073,0.001,0.0,0.014,0.396,200,212,Frenetico (Presto),A,Major,A Major,0,0,0,0,0,0,0,0,0,0,0,0,0,0,1,0,0
paramore,misery business,False,2007,0.809,0.459,0.902,0.832,0.091,0.003,0.0,0.11,0.741,173,211,Vivace,C#,Major,C# Major,0,0,0,0,0,0,0,0,0,0,0,0,1,0,1,0,0
hinder,better than me,False,2019,0.337,0.381,0.664,0.752,0.01,0.21,0.0,0.185,0.231,140,223,Veloce (Allegro),D,Minor,D Minor,0,0,0,0,0,0,0,0,0,0,0,1,1,0,1,0,0
huey,"pop, lock & drop it - video edit",False,2006,0.584,0.702,0.624,0.674,0.36,0.003,0.0,0.398,0.649,144,261,Veloce (Allegro),B,Minor,B Minor,0,0,0,0,0,0,0,0,1,0,0,0,1,0,0,0,0
foo fighters,the pretender,False,2007,0.876,0.359,0.958,0.814,0.036,0.001,0.0,0.008,0.35,173,269,Vivace,A,Major,A Major,0,0,0,0,0,0,0,0,0,0,0,1,0,0,1,0,0
plies,shawty (feat. t pain),True,2007,0.685,0.372,0.692,0.721,0.186,0.043,0.0,0.067,0.237,105,255,Moderato,E,Minor,E Minor,0,0,0,0,0,0,0,0,1,0,0,0,1,1,0,0,0
kaiser chiefs,ruby,False,2007,0.753,0.381,0.936,0.874,0.051,0.007,0.0,0.067,0.438,93,204,Moderato,F,Minor,F Minor,0,0,0,0,0,0,0,0,0,0,0,0,0,0,1,0,0
mark ronson,stop me (feat. daniel merriweather),False,2007,0.517,0.588,0.902,0.8,0.031,0.001,0.0,0.139,0.329,118,232,Allegretto,C,Major,C Major,0,0,0,0,0,0,0,0,0,0,0,0,1,0,0,0,0
bow wow,outta my system (feat. t-pain & johntá austin),False,2006,0.64,0.76,0.567,0.67,0.289,0.094,0.0,0.096,0.754,84,238,Moderato,F#,Major,F# Major,0,0,0,0,0,0,0,0,1,0,0,0,1,1,0,0,0
jim jones,we fly high,True,2006,0.0,0.657,0.789,0.689,0.497,0.087,0.0,0.085,0.476,120,236,Allegretto,C#,Major,C# Major,0,0,0,0,0,0,0,0,1,0,0,0,1,0,0,0,0
red jumpsuit apparatus,face down,False,2006,0.832,0.492,0.929,0.906,0.03,0.001,0.0,0.127,0.456,93,192,Moderato,G,Minor,G Minor,0,0,0,0,0,0,0,0,0,0,0,0,1,0,0,0,0
mika,grace kelly,False,2006,0.775,0.645,0.819,0.727,0.04,0.025,0.01,0.412,0.675,122,187,Veloce (Allegro),C,Major,C Major,0,0,0,0,0,0,0,0,0,0,0,0,1,0,0,0,0
christina aguilera,candyman,False,2006,0.742,0.658,0.778,0.781,0.374,0.013,0.015,0.145,0.729,173,194,Vivace,G#,Minor,G# Minor,0,0,0,0,0,0,0,0,0,0,0,0,1,0,0,0,0
sean kingston,beautiful girls,False,2007,0.876,0.748,0.642,0.714,0.082,0.154,0.0,0.282,0.782,130,225,Veloce (Allegro),C#,Minor,C# Minor,0,0,0,0,0,0,0,0,1,0,0,0,1,1,0,0,0
akon,don't matter,True,2006,0.584,0.794,0.423,0.715,0.025,0.23,0.0,0.246,0.323,125,293,Veloce (Allegro),D,Major,D Major,0,0,0,0,0,0,0,0,0,0,0,0,1,0,0,0,0
james blunt,1973,False,2007,0.764,0.699,0.649,0.622,0.007,0.067,0.007,0.069,0.781,123,280,Veloce (Allegro),A,Major,A Major,0,0,0,0,0,0,0,0,0,0,0,0,1,0,0,0,0
carrie underwood,before he cheats,False,2005,0.854,0.461,0.735,0.85,0.031,0.278,0.0,0.117,0.269,148,199,Veloce (Allegro),F#,Minor,F# Minor,0,0,0,1,0,0,0,0,0,0,0,0,1,0,0,0,0
just jack,starz in their eyes,False,2006,0.584,0.64,0.789,0.681,0.076,0.002,0.0,0.535,0.661,124,295,Veloce (Allegro),D#,Major,D# Major,0,0,0,0,1,0,1,0,0,0,0,0,0,0,0,0,0
t-pain,buy u a drank (shawty snappin') (feat. yung joc),False,2007,0.022,0.381,0.524,0.612,0.432,0.011,0.0,0.063,0.595,80,227,Moderato,C#,Major,C# Major,0,0,0,0,0,0,0,0,1,0,0,0,1,1,0,0,0
bone thugs-n-harmony,i tried,True,2007,0.685,0.707,0.694,0.71,0.092,0.011,0.0,0.103,0.364,82,287,Moderato,E,Major,E Major,0,0,0,0,0,0,0,0,1,0,0,0,1,0,0,0,0
avril lavigne,when you're gone,False,2007,0.764,0.388,0.703,0.82,0.016,0.196,0.0,0.248,0.139,142,240,Veloce (Allegro),E,Minor,E Minor,0,0,0,0,0,0,0,0,0,0,0,0,1,0,0,0,0
rich boy,throw some d's,True,2007,0.64,0.671,0.853,0.758,0.736,0.038,0.0,0.061,0.422,161,263,Vivace,B,Major,B Major,0,0,0,0,0,0,0,0,1,0,0,0,1,0,0,0,0
mika,love today,False,2006,0.64,0.643,0.909,0.768,0.078,0.031,0.003,0.11,0.587,124,235,Veloce (Allegro),E,Major,E Major,0,0,0,0,0,0,0,0,0,0,0,0,1,0,0,0,0
manic street preachers,your love alone is not enough (feat. nina persson),False,2007,0.596,0.254,0.917,0.863,0.041,0.001,0.0,0.431,0.383,127,235,Veloce (Allegro),D,Major,D Major,0,0,0,0,0,0,0,0,0,0,0,0,1,0,1,0,0
elliott yamin,wait for you,False,2007,0.652,0.751,0.458,0.681,0.009,0.256,0.0,0.195,0.336,116,261,Allegretto,C,Major,C Major,0,0,0,0,0,0,0,0,0,0,0,0,1,1,0,0,0
wyclef jean,"sweetest girl (dollar bill) (feat. akon, lil' wayne & niia)",False,2007,0.629,0.714,0.73,0.84,0.058,0.079,0.0,0.384,0.525,93,241,Moderato,C#,Major,C# Major,0,0,0,0,0,0,0,0,1,0,0,0,0,1,0,0,0
boys like girls,the great escape,False,2007,0.697,0.348,0.938,0.815,0.073,0.002,0.0,0.188,0.499,150,206,Veloce (Allegro),C#,Minor,C# Minor,0,0,0,0,0,0,0,0,0,0,0,0,1,0,0,0,0
take that,rule the world - radio edit,False,2007,0.652,0.27,0.762,0.805,0.02,0.038,0.0,0.393,0.332,164,237,Vivace,D,Major,D Major,0,0,0,0,0,0,0,0,0,0,0,0,1,0,0,0,0
j. holiday,bed,False,2007,0.719,0.656,0.584,0.654,0.049,0.174,0.0,0.044,0.733,128,275,Veloce (Allegro),F,Minor,F Minor,0,0,0,0,1,0,1,0,1,0,0,0,1,1,0,0,0
red hot chili peppers,snow (hey oh),False,2006,0.888,0.352,0.895,0.832,0.048,0.119,0.0,0.117,0.6,105,334,Moderato,B,Major,B Major,0,0,0,0,0,0,0,0,0,0,0,0,0,0,1,0,0
ludacris,runaway love,True,2006,0.573,0.326,0.706,0.669,0.47,0.337,0.0,0.277,0.831,93,280,Moderato,C#,Major,C# Major,0,0,0,0,0,0,0,0,1,0,0,0,1,0,0,0,0
flo rida,low (feat. t-pain),False,2008,0.899,0.933,0.587,0.735,0.101,0.095,0.0,0.141,0.284,128,231,Veloce (Allegro),A#,Minor,A# Minor,0,0,0,0,0,0,0,0,1,0,0,0,1,0,0,0,0
katy perry,i kissed a girl,False,2008,0.82,0.674,0.747,0.857,0.08,0.002,0.0,0.133,0.704,130,179,Veloce (Allegro),F,Major,F Major,0,0,0,0,0,0,0,0,0,0,0,0,1,0,0,0,0
rihanna,take a bow,False,2008,0.832,0.671,0.436,0.641,0.087,0.254,0.0,0.087,0.571,82,229,Moderato,A,Major,A Major,0,0,0,0,0,0,0,0,1,0,0,0,1,1,0,0,0
alicia keys,no one,False,2007,0.865,0.609,0.523,0.746,0.01,0.021,0.0,0.135,0.138,90,253,Moderato,C#,Minor,C# Minor,0,0,0,0,0,0,0,0,0,0,0,0,1,1,0,0,0
timbaland,apologize,False,2007,0.832,0.619,0.582,0.716,0.008,0.03,0.0,0.091,0.067,118,184,Allegretto,G#,Major,G# Major,0,0,0,0,0,0,0,0,1,0,0,0,1,1,0,0,0
ne-yo,miss independent,False,2008,0.798,0.637,0.655,0.731,0.22,0.492,0.0,0.208,0.737,172,232,Vivace,C#,Major,C# Major,0,0,0,0,0,0,0,0,0,0,0,0,1,1,0,0,0
chris brown,with you,False,2007,0.786,0.63,0.676,0.801,0.084,0.137,0.0,0.148,0.66,86,252,Moderato,D#,Major,D# Major,0,0,0,0,0,0,0,0,1,0,0,0,1,1,0,0,0
beyonce,if i were a boy,False,2008,0.742,0.595,0.49,0.711,0.015,0.11,0.0,0.4,0.416,90,249,Moderato,F#,Major,F# Major,0,0,0,0,0,0,0,0,0,0,0,0,1,1,0,0,0
kardinal offishall,dangerous,True,2008,0.843,0.969,0.779,0.719,0.095,0.004,0.0,0.072,0.822,117,246,Allegretto,G#,Major,G# Major,0,0,0,0,0,0,0,0,1,0,0,0,1,1,0,0,0
madcon,beggin (original version),False,2007,0.786,0.693,0.789,0.76,0.061,0.028,0.0,0.052,0.435,129,216,Veloce (Allegro),E,Minor,E Minor,0,0,0,0,0,0,0,0,1,0,0,0,1,0,0,0,0
september,cry for you,False,2007,0.73,0.754,0.875,0.817,0.012,0.001,0.0,0.04,0.987,130,209,Veloce (Allegro),A,Major,A Major,0,0,0,0,1,0,1,0,0,0,0,0,1,0,0,0,0
rihanna,disturbia,False,2008,0.854,0.683,0.803,0.79,0.061,0.088,0.0,0.176,0.732,125,238,Veloce (Allegro),B,Minor,B Minor,0,0,0,0,0,0,0,0,1,0,0,0,1,1,0,0,0
guru josh project,infinity 2008,False,2011,0.011,0.43,0.841,0.71,0.062,0.0,0.007,0.401,0.476,128,190,Veloce (Allegro),G,Minor,G Minor,0,0,0,0,0,0,0,0,1,0,0,0,0,0,0,0,0
britney spears,break the ice,False,2007,0.685,0.689,0.907,0.823,0.038,0.706,0.0,0.103,0.868,118,196,Allegretto,F,Minor,F Minor,0,0,0,0,0,0,0,0,0,0,0,0,1,0,0,0,0
lil wayne,lollipop,True,2008,0.775,0.827,0.395,0.546,0.108,0.057,0.004,0.139,0.441,148,299,Veloce (Allegro),C,Major,C Major,0,0,0,0,0,0,0,0,1,0,0,0,1,0,0,0,0
basshunter,now you're gone - video edit,False,2008,0.708,0.603,0.976,0.742,0.598,0.022,0.0,0.077,0.338,148,148,Veloce (Allegro),C#,Major,C# Major,0,0,0,0,0,0,0,0,0,0,0,0,1,0,0,0,0
kanye west,flashing lights,True,2007,0.584,0.603,0.607,0.639,0.03,0.039,0.0,0.438,0.419,90,237,Moderato,F#,Minor,F# Minor,0,0,0,0,0,0,0,0,1,0,0,0,0,0,0,0,0
madonna,4 minutes (feat. justin timberlake & timbaland),False,2009,0.798,0.738,0.928,0.77,0.076,0.01,0.007,0.256,0.78,113,189,Allegretto,D,Major,D Major,0,0,0,0,0,0,0,0,0,0,0,0,1,0,0,0,0
katy perry,hot n cold,False,2008,0.82,0.682,0.833,0.818,0.034,0.0,0.0,0.057,0.88,132,220,Veloce (Allegro),G,Major,G Major,0,0,0,0,0,0,0,0,0,0,0,0,1,0,0,0,0
rihanna,don't stop the music,False,2008,0.865,0.834,0.65,0.738,0.074,0.034,0.0,0.038,0.539,123,267,Veloce (Allegro),F#,Minor,F# Minor,0,0,0,0,0,0,0,0,1,0,0,0,1,1,0,0,0
snoop dogg,sensual seduction,False,2007,0.629,0.741,0.82,0.817,0.081,0.003,0.0,0.044,0.498,120,245,Allegretto,B,Major,B Major,0,0,0,0,0,0,0,0,1,0,0,0,1,0,0,0,0
akon,right now (na na na),False,2008,0.775,0.829,0.85,0.806,0.233,0.268,0.0,0.471,0.608,138,240,Veloce (Allegro),G#,Minor,G# Minor,0,0,0,0,0,0,0,0,0,0,0,0,1,0,0,0,0
britney spears,womanizer,False,2008,0.854,0.703,0.678,0.755,0.07,0.075,0.0,0.081,0.211,139,224,Veloce (Allegro),B,Major,B Major,0,0,0,0,0,0,0,0,0,0,0,0,1,0,0,0,0
eric prydz,pjanoo - radio edit,False,2008,0.73,0.563,0.868,0.769,0.011,0.001,0.824,0.109,0.854,126,157,Veloce (Allegro),G,Minor,G Minor,0,0,0,0,1,0,1,0,0,0,0,0,1,0,0,0,0
kelly rowland,work,False,2010,0.382,0.897,0.814,0.7,0.055,0.005,0.0,0.324,0.626,103,207,Moderato,A#,Minor,A# Minor,0,0,0,0,0,0,0,0,1,0,0,0,1,1,0,0,0
jeezy,put on,True,2008,0.775,0.621,0.757,0.713,0.022,0.004,0.0,0.081,0.25,138,321,Veloce (Allegro),A,Minor,A Minor,0,0,0,0,0,0,0,0,1,0,0,0,1,0,0,0,0
madonna,give it 2 me,False,2008,0.64,0.837,0.952,0.84,0.033,0.096,0.0,0.146,0.999,127,287,Veloce (Allegro),G#,Minor,G# Minor,0,0,0,0,0,0,0,0,0,0,0,0,1,0,0,0,0
pussycat dolls,when i grow up,False,2008,0.809,0.641,0.667,0.729,0.048,0.002,0.0,0.453,0.353,118,245,Allegretto,B,Minor,B Minor,0,0,0,0,0,0,0,0,0,0,0,0,1,1,0,0,0
will.i.am,heartbreaker,True,2007,0.517,0.779,0.523,0.579,0.09,0.036,0.129,0.151,0.44,120,327,Allegretto,A,Minor,A Minor,0,0,0,0,0,0,0,0,1,0,0,0,1,0,0,0,0
soulja boy,crank that (soulja boy),False,2007,0.832,0.718,0.726,0.906,0.1,0.528,0.0,0.03,0.818,140,221,Veloce (Allegro),C,Major,C Major,0,0,0,0,0,0,0,0,1,0,0,0,1,0,0,0,0
britney spears,piece of me,False,2007,0.719,0.756,0.618,0.764,0.349,0.092,0.0,0.077,0.796,115,212,Allegretto,B,Major,B Major,0,0,0,0,0,0,0,0,0,0,0,0,1,0,0,0,0
t.i.,live your life,True,2008,0.843,0.291,0.855,0.848,0.419,0.073,0.0,0.228,0.47,160,338,Vivace,B,Minor,B Minor,0,0,0,0,0,0,0,0,1,0,0,0,1,0,0,0,0
ne-yo,closer,False,2008,0.73,0.686,0.731,0.696,0.092,0.023,0.0,0.159,0.575,126,234,Veloce (Allegro),E,Minor,E Minor,0,0,0,0,0,0,0,0,0,0,0,0,1,1,0,0,0
lil wayne,a milli,True,2008,0.775,0.644,0.678,0.587,0.461,0.04,0.002,0.208,0.786,151,221,Veloce (Allegro),F#,Minor,F# Minor,0,0,0,0,0,0,0,0,1,0,0,0,1,0,0,0,0
colby o'donis,what you got,False,2008,0.685,0.764,0.621,0.682,0.027,0.034,0.0,0.191,0.286,120,243,Allegretto,C#,Major,C# Major,0,0,0,0,0,0,0,0,1,0,0,0,1,1,0,0,0
miley cyrus,see you again,False,2007,0.0,0.666,0.907,0.762,0.278,0.015,0.0,0.109,0.816,139,190,Veloce (Allegro),A,Minor,A Minor,0,0,0,0,0,0,0,0,0,0,0,0,1,0,0,0,0
basshunter,all i ever wanted - radio edit,False,2008,0.73,0.61,0.984,0.665,0.05,0.168,0.007,0.171,0.551,145,176,Veloce (Allegro),E,Major,E Major,0,0,0,0,0,0,0,0,0,0,0,0,1,0,0,0,0
chris brown,kiss kiss (feat. t-pain),False,2007,0.764,0.709,0.639,0.846,0.365,0.052,0.0,0.058,0.549,140,250,Veloce (Allegro),A#,Minor,A# Minor,0,0,0,0,0,0,0,0,1,0,0,0,1,1,0,0,0
finger eleven,paralyzer,False,2007,0.82,0.609,0.936,0.841,0.04,0.161,0.0,0.254,0.88,106,208,Moderato,B,Minor,B Minor,0,0,0,0,0,0,0,0,0,0,0,1,0,0,1,0,0
alesha dixon,the boy does nothing,False,2008,0.573,0.595,0.971,0.894,0.177,0.124,0.0,0.012,0.863,87,210,Moderato,D#,Minor,D# Minor,0,0,0,0,0,0,0,0,0,0,0,0,1,0,0,0,0
dizzee rascal,dance wiv me - radio edit,False,2011,0.764,0.885,0.732,0.802,0.04,0.049,0.0,0.159,0.806,112,204,Allegretto,B,Major,B Major,0,0,0,0,1,0,1,0,1,0,0,0,1,0,0,0,0
gabriella cilmi,sweet about me,False,2008,0.629,0.641,0.684,0.765,0.01,0.062,0.0,0.17,0.585,132,202,Veloce (Allegro),F#,Major,F# Major,0,0,0,0,0,0,0,0,0,0,0,0,0,1,0,0,0
jack white,another way to die,False,2007,0.629,0.422,0.752,0.805,0.19,0.024,0.0,0.106,0.372,142,262,Veloce (Allegro),E,Minor,E Minor,0,1,0,0,0,0,0,0,0,0,0,0,0,0,1,0,0
plies,hypnotized (feat. akon),True,2007,0.742,0.84,0.547,0.647,0.102,0.164,0.0,0.462,0.619,117,188,Allegretto,A#,Major,A# Major,0,0,0,0,0,0,0,0,1,0,0,0,1,1,0,0,0
pussycat dolls,i hate this part,False,2008,0.719,0.741,0.59,0.798,0.015,0.068,0.0,0.304,0.443,112,218,Allegretto,F,Major,F Major,0,0,0,0,0,0,0,0,0,0,0,0,1,1,0,0,0
sean kingston,take you there,False,2008,0.73,0.736,0.917,0.8,0.084,0.019,0.0,0.282,0.637,115,236,Allegretto,F,Minor,F Minor,0,0,0,0,0,0,0,0,1,0,0,0,1,1,0,0,0
natasha bedingfield,pocketful of sunshine,False,2008,0.697,0.706,0.875,0.821,0.029,0.208,0.0,0.104,0.689,110,203,Allegretto,A,Minor,A Minor,0,0,0,0,0,0,0,0,0,0,0,0,1,0,0,0,0
offspring,"you're gonna go far, kid",True,2008,0.876,0.498,0.913,0.858,0.073,0.004,0.0,0.211,0.602,126,177,Veloce (Allegro),C,Major,C Major,0,0,0,0,0,0,0,0,0,0,0,1,1,0,1,0,0
kanye west,homecoming,True,2007,0.528,0.636,0.733,0.665,0.3,0.345,0.0,0.112,0.941,87,203,Moderato,C#,Major,C# Major,0,0,0,0,0,0,0,0,1,0,0,0,0,0,0,0,0
estelle,american boy,True,2008,0.876,0.707,0.714,0.866,0.548,0.175,0.0,0.058,0.507,118,284,Allegretto,C,Major,C Major,0,0,0,0,0,0,0,0,0,0,0,0,0,1,0,0,0
saving abel,addicted,True,2008,0.775,0.453,0.857,0.809,0.019,0.001,0.0,0.092,0.523,138,222,Veloce (Allegro),G,Major,G Major,0,0,0,0,0,0,0,0,0,0,0,1,0,0,1,0,0
pendulum,propane nightmares,False,2008,0.64,0.268,0.965,0.81,0.107,0.0,0.15,0.205,0.189,174,313,Vivace,G,Minor,G Minor,0,0,0,0,1,0,1,0,0,0,0,0,0,0,0,0,0
game,my life,True,2008,0.674,0.643,0.753,0.766,0.589,0.074,0.0,0.042,0.368,148,320,Veloce (Allegro),B,Major,B Major,0,0,0,0,0,0,0,0,1,0,0,0,1,0,0,0,0
danity kane,damaged,False,2008,0.64,0.762,0.634,0.759,0.048,0.093,0.0,0.156,0.834,120,244,Allegretto,G#,Minor,G# Minor,0,0,0,0,0,0,0,0,0,0,0,0,1,1,0,0,0
p!nk,so what,True,2008,0.854,0.479,0.863,0.862,0.035,0.0,0.0,0.264,0.453,126,215,Veloce (Allegro),B,Minor,B Minor,0,0,0,0,0,0,0,0,0,0,0,0,1,0,0,0,0
kanye west,love lockdown,False,2008,0.742,0.746,0.497,0.635,0.016,0.056,0.508,0.109,0.079,120,270,Allegretto,C#,Minor,C# Minor,0,0,0,0,0,0,0,0,1,0,0,0,0,0,0,0,0
gym class heroes,cookie jar (feat. the-dream),True,2008,0.607,0.66,0.649,0.813,0.009,0.026,0.0,0.869,0.406,113,216,Allegretto,F,Major,F Major,0,0,0,0,0,0,0,0,1,0,0,0,1,0,0,0,0
m.i.a.,paper planes,False,2007,0.011,0.376,0.84,0.708,0.36,0.034,0.0,0.756,0.478,172,205,Vivace,D,Major,D Major,0,0,0,0,0,0,0,0,0,0,0,0,1,0,1,0,0
3 doors down,it's not my time,False,2008,0.629,0.473,0.931,0.776,0.067,0.002,0.0,0.116,0.261,128,241,Veloce (Allegro),C,Major,C Major,0,0,0,0,0,0,0,0,0,0,0,1,1,0,1,0,0
kylie minogue,wow,False,2007,0.528,0.621,0.878,0.744,0.323,0.155,0.0,0.43,0.87,124,190,Veloce (Allegro),A,Major,A Major,0,0,0,0,1,0,1,0,0,0,0,0,1,0,0,0,0
mariah carey,touch my body,False,2008,0.0,0.693,0.646,0.631,0.049,0.102,0.0,0.244,0.858,79,204,Moderato,E,Minor,E Minor,0,0,0,0,0,0,0,0,0,0,0,0,1,1,0,0,0
mgmt,kids,False,2007,0.865,0.381,0.928,0.822,0.088,0.001,0.005,0.408,0.143,123,302,Veloce (Allegro),A,Major,A Major,0,0,0,0,0,0,0,0,0,0,0,0,0,0,1,0,0
ting tings,shut up and let me go,False,2007,0.618,0.855,0.924,0.791,0.063,0.011,0.003,0.039,0.908,108,171,Moderato,G,Major,G Major,0,0,0,0,1,0,1,0,0,0,0,0,1,0,1,0,0
lil wayne,got money,True,2008,0.652,0.668,0.642,0.774,0.172,0.002,0.0,0.787,0.71,82,244,Moderato,G,Major,G Major,0,0,0,0,0,0,0,0,1,0,0,0,1,0,0,0,0
santana,into the night (feat. chad kroeger),False,2007,0.64,0.551,0.836,0.782,0.018,0.014,0.0,0.256,0.604,128,222,Veloce (Allegro),G,Major,G Major,0,1,0,0,0,0,0,0,0,0,1,0,0,0,1,0,0
the-dream,i luv your girl,True,2007,0.697,0.702,0.283,0.534,0.02,0.014,0.0,0.117,0.003,90,267,Moderato,G#,Major,G# Major,0,0,0,0,0,0,0,0,1,0,0,0,1,1,0,0,0
wiley,wearing my rolex - radio edit,False,2008,0.663,0.883,0.7,0.674,0.202,0.048,0.0,0.054,0.767,132,170,Veloce (Allegro),C#,Major,C# Major,0,0,0,0,1,0,1,0,1,0,0,0,0,0,0,0,0
usher,love in this club (feat. young jeezy),False,2008,0.798,0.525,0.696,0.718,0.09,0.059,0.0,0.175,0.329,140,259,Veloce (Allegro),C,Major,C Major,0,0,0,0,0,0,0,0,1,0,0,0,1,1,0,0,0
sam sparro,black & gold - radio edit,False,2008,0.596,0.3,0.686,0.734,0.096,0.001,0.0,0.109,0.408,136,212,Veloce (Allegro),E,Minor,E Minor,0,0,0,0,1,0,1,0,0,0,0,0,1,0,0,0,0
"h ""two"" o",what's it gonna be (feat. platnum),False,2008,0.618,0.714,0.895,0.778,0.02,0.009,0.022,0.156,0.962,140,207,Veloce (Allegro),A,Major,A Major,0,0,0,0,1,0,1,0,0,0,0,0,0,0,0,0,0
ting tings,that's not my name,False,2008,0.573,0.74,0.896,0.858,0.12,0.046,0.038,0.411,0.985,145,310,Veloce (Allegro),A,Major,A Major,0,0,0,0,1,0,1,0,0,0,0,0,1,0,1,0,0
plies,"bust it baby, pt. 2 (feat. ne-yo)",True,2008,0.685,0.614,0.79,0.656,0.26,0.158,0.0,0.382,0.822,79,240,Moderato,F,Minor,F Minor,0,0,0,0,0,0,0,0,1,0,0,0,1,1,0,0,0
james morrison,broken strings,False,2008,0.786,0.521,0.701,0.771,0.01,0.01,0.0,0.074,0.303,112,250,Allegretto,C#,Major,C# Major,0,0,0,0,0,0,0,0,0,0,0,0,1,1,0,0,0
leona lewis,run,False,2007,0.697,0.184,0.431,0.709,0.011,0.438,0.0,0.121,0.058,142,314,Veloce (Allegro),F,Minor,F Minor,0,0,0,0,0,0,0,0,0,0,0,0,1,1,0,0,0
metro station,shake it,False,2007,0.753,0.578,0.953,0.824,0.102,0.002,0.0,0.559,0.804,150,179,Veloce (Allegro),E,Major,E Major,0,0,0,0,0,0,0,0,0,0,0,0,1,0,1,0,0
t.i.,whatever you like,True,2008,0.832,0.651,0.67,0.709,0.086,0.016,0.0,0.288,0.459,150,249,Veloce (Allegro),A,Minor,A Minor,0,0,0,0,0,0,0,0,1,0,0,0,1,0,0,0,0
trey songz,can't help but wait,False,2007,0.697,0.674,0.682,0.739,0.091,0.367,0.0,0.084,0.613,95,206,Moderato,G#,Minor,G# Minor,0,0,0,0,0,0,0,0,1,0,0,0,1,1,0,0,0
onerepublic,stop and stare,False,2007,0.663,0.429,0.852,0.802,0.018,0.068,0.0,0.065,0.228,92,223,Moderato,E,Major,E Major,0,0,0,0,0,0,0,0,0,0,0,0,1,0,0,0,0
alexandra burke,hallelujah,False,2009,0.708,0.057,0.392,0.707,0.011,0.67,0.0,0.209,0.06,183,217,Frenetico (Presto),D,Minor,D Minor,0,0,0,0,0,0,0,0,0,0,0,0,1,0,0,0,0
mary j. blige,just fine,False,2007,0.719,0.938,0.784,0.835,0.17,0.04,0.001,0.096,0.588,123,242,Veloce (Allegro),B,Minor,B Minor,0,0,0,0,0,0,0,0,0,0,0,0,1,1,0,0,0
jordin sparks,one step at a time,False,2007,0.629,0.753,0.675,0.783,0.01,0.084,0.0,0.02,0.698,102,205,Moderato,C#,Major,C# Major,0,0,0,0,0,0,0,0,0,0,0,0,1,1,0,0,0
coldplay,viva la vida,False,2008,0.899,0.422,0.595,0.662,0.01,0.098,0.0,0.105,0.405,138,242,Veloce (Allegro),F,Minor,F Minor,0,0,0,0,0,0,0,0,0,0,0,0,1,0,1,0,0
kings of leon,sex on fire,False,2008,0.899,0.488,0.9,0.734,0.056,0.002,0.011,0.138,0.359,153,203,Veloce (Allegro),A,Major,A Major,0,0,0,0,0,0,0,0,0,0,0,0,0,0,1,0,0
kanye west,good life,True,2007,0.506,0.366,0.798,0.674,0.584,0.003,0.0,0.502,0.48,83,207,Moderato,C#,Major,C# Major,0,0,0,0,0,0,0,0,1,0,0,0,0,0,0,0,0
duffy,mercy,False,2008,0.775,0.785,0.852,0.827,0.018,0.272,0.0,0.134,0.99,130,219,Veloce (Allegro),C,Major,C Major,0,0,0,0,0,0,0,0,0,0,0,0,1,1,0,0,0
david archuleta,crush,False,2008,0.753,0.521,0.645,0.78,0.016,0.008,0.0,0.061,0.48,162,213,Vivace,C,Minor,C Minor,0,0,0,0,0,0,0,0,0,0,0,0,1,0,0,0,0
j. holiday,suffocate - superclean,False,2007,0.652,0.389,0.413,0.599,0.611,0.656,0.0,0.116,0.437,83,220,Moderato,A,Minor,A Minor,0,0,0,0,1,0,1,0,1,0,0,0,1,1,0,0,0
gavin degraw,in love with a girl,False,2008,0.573,0.365,0.902,0.776,0.037,0.02,0.0,0.423,0.691,162,206,Vivace,D#,Major,D# Major,1,0,0,0,0,0,0,1,0,0,0,0,1,0,0,0,0
jordin sparks,tattoo,False,2007,0.607,0.516,0.753,0.765,0.03,0.442,0.0,0.096,0.544,168,233,Vivace,D,Major,D Major,0,0,0,0,0,0,0,0,0,0,0,0,1,1,0,0,0
coldplay,violet hill,False,2008,0.708,0.238,0.556,0.624,0.026,0.063,0.001,0.112,0.077,76,222,Lento (Adagio),C#,Minor,C# Minor,0,0,0,0,0,0,0,0,0,0,0,0,1,0,1,0,0
ray j,sexy can i feat. yung berg,True,2008,0.011,0.527,0.666,0.717,0.546,0.306,0.0,0.713,0.95,172,204,Vivace,C#,Major,C# Major,0,0,0,0,0,0,0,0,1,0,0,0,1,1,0,0,0
jennifer hudson,spotlight,False,2008,0.674,0.683,0.709,0.822,0.05,0.046,0.0,0.061,0.664,109,250,Allegretto,B,Minor,B Minor,0,0,0,0,0,1,0,0,0,0,0,0,1,1,0,0,0
john legend,green light (feat. andré 3000),False,2008,0.618,0.583,0.876,0.737,0.173,0.093,0.0,0.234,0.774,78,284,Moderato,A,Minor,A Minor,0,0,0,0,0,0,0,0,0,0,0,0,1,1,0,0,0
jonas brothers,burnin' up,False,2008,0.764,0.636,0.952,0.843,0.106,0.03,0.0,0.372,0.822,114,175,Allegretto,D,Major,D Major,0,0,0,0,0,0,0,0,0,0,0,0,1,0,0,0,0
lupe fiasco,superstar (feat. matthew santos),False,2007,0.719,0.524,0.812,0.716,0.611,0.212,0.0,0.406,0.464,95,289,Moderato,B,Minor,B Minor,0,0,0,0,0,0,0,0,1,0,0,0,1,0,0,0,0
chris brown,forever,False,2008,0.832,0.642,0.81,0.794,0.041,0.038,0.0,0.195,0.428,120,278,Allegretto,B,Major,B Major,0,0,0,0,0,0,0,0,1,0,0,0,1,1,0,0,0
adele,chasing pavements,False,2008,0.011,0.573,0.44,0.713,0.004,0.298,0.0,0.108,0.311,80,210,Moderato,F,Minor,F Minor,0,0,0,0,0,0,0,0,0,0,0,0,1,1,0,0,0
leona lewis,better in time,False,2007,0.753,0.538,0.683,0.804,0.05,0.525,0.0,0.13,0.546,164,234,Vivace,F#,Major,F# Major,0,0,0,0,0,0,0,0,0,0,0,0,1,1,0,0,0
fergie,clumsy,False,2006,0.652,0.712,0.538,0.814,0.195,0.196,0.0,0.33,0.443,184,240,Frenetico (Presto),D,Major,D Major,0,0,0,0,0,0,0,0,0,0,0,0,1,1,0,0,0
t-pain,can't believe it (feat. lil' wayne),False,2008,0.0,0.614,0.488,0.575,0.047,0.002,0.0,0.067,0.04,90,273,Moderato,A#,Minor,A# Minor,0,0,0,0,0,0,0,0,1,0,0,0,1,1,0,0,0
black eyed peas,i gotta feeling,False,2009,0.899,0.726,0.753,0.699,0.006,0.089,0.0,0.586,0.612,128,289,Veloce (Allegro),C,Major,C Major,0,0,0,0,0,0,0,0,1,0,0,0,1,0,0,0,0
lady gaga,poker face,False,2008,0.865,0.853,0.796,0.785,0.1,0.121,0.0,0.12,0.801,119,237,Allegretto,E,Major,E Major,0,0,0,0,0,0,0,0,0,0,0,0,1,0,0,0,0
beyonce,halo,False,2008,0.832,0.448,0.704,0.722,0.072,0.279,0.0,0.042,0.464,80,261,Moderato,B,Minor,B Minor,0,0,0,0,0,0,0,0,0,0,0,0,1,1,0,0,0
david guetta,sexy bitch (feat. akon),True,2010,0.843,0.808,0.606,0.766,0.046,0.079,0.001,0.132,0.816,130,195,Veloce (Allegro),B,Minor,B Minor,0,0,0,0,1,0,1,0,1,0,0,0,1,0,0,0,0
flo rida,right round,False,2009,0.832,0.699,0.654,0.675,0.058,0.009,0.0,0.253,0.713,125,204,Veloce (Allegro),G,Major,G Major,0,0,0,0,0,0,0,0,1,0,0,0,1,0,0,0,0
taylor swift,love story,False,2008,0.832,0.577,0.727,0.818,0.014,0.134,0.0,0.067,0.287,119,236,Allegretto,D,Major,D Major,0,0,0,0,0,0,0,0,0,0,0,0,1,0,0,0,0
pitbull,hotel room service,False,2009,0.708,0.851,0.576,0.61,0.369,0.003,0.0,0.066,0.773,126,238,Veloce (Allegro),F#,Major,F# Major,0,0,0,0,0,0,0,0,1,0,1,0,1,0,0,0,0
britney spears,circus,False,2008,0.832,0.782,0.718,0.756,0.052,0.151,0.0,0.06,0.773,115,192,Allegretto,F#,Minor,F# Minor,0,0,0,0,0,0,0,0,0,0,0,0,1,0,0,0,0
lady gaga,lovegame,False,2008,0.775,0.904,0.66,0.736,0.053,0.006,0.0,0.355,0.862,105,216,Moderato,F#,Minor,F# Minor,0,0,0,0,0,0,0,0,0,0,0,0,1,0,0,0,0
skillet,monster,False,2009,0.843,0.604,0.956,0.898,0.092,0.044,0.0,0.069,0.699,135,178,Veloce (Allegro),G#,Major,G# Major,0,0,0,0,0,0,0,0,0,0,0,1,1,0,1,0,0
prodigy,omen,False,2009,0.64,0.492,0.951,0.758,0.038,0.001,0.119,0.312,0.556,140,216,Veloce (Allegro),G,Major,G Major,0,0,0,0,1,0,1,0,0,0,0,0,1,0,1,0,0
black eyed peas,meet me halfway,False,2009,0.809,0.791,0.608,0.675,0.091,0.005,0.0,0.364,0.387,130,284,Veloce (Allegro),B,Minor,B Minor,0,0,0,0,0,0,0,0,1,0,0,0,1,0,0,0,0
kanye west,heartless,False,2008,0.921,0.781,0.627,0.718,0.204,0.053,0.0,0.272,0.659,88,211,Moderato,A#,Minor,A# Minor,0,0,0,0,0,0,0,0,1,0,0,0,0,0,0,0,0
kid cudi,day 'n' nite (nightmare),False,2009,0.809,0.888,0.411,0.699,0.076,0.473,0.0,0.121,0.818,138,221,Veloce (Allegro),B,Minor,B Minor,0,0,0,0,0,0,0,0,1,0,0,0,0,0,0,0,0
lady gaga,just dance,False,2008,0.854,0.819,0.725,0.789,0.014,0.027,0.0,0.192,0.756,119,241,Allegretto,C#,Minor,C# Minor,0,0,0,0,0,0,0,0,0,0,0,0,1,0,0,0,0
britney spears,if u seek amy,False,2008,0.775,0.695,0.564,0.653,0.019,0.02,0.0,0.037,0.541,130,216,Veloce (Allegro),E,Minor,E Minor,0,0,0,0,0,0,0,0,0,0,0,0,1,0,0,0,0
pitbull,i know you want me (calle ocho),False,2009,0.663,0.823,0.729,0.717,0.228,0.014,0.0,0.259,0.815,127,237,Veloce (Allegro),D,Major,D Major,0,0,0,0,0,0,0,0,1,0,1,0,1,0,0,0,0
mariah carey,obsessed,False,2009,0.742,0.725,0.438,0.739,0.071,0.048,0.0,0.968,0.354,86,242,Moderato,A#,Minor,A# Minor,0,0,0,0,0,0,0,0,0,0,0,0,1,1,0,0,0
beyonce,sweet dreams,False,2008,0.539,0.668,0.816,0.718,0.159,0.092,0.0,0.048,0.802,122,208,Veloce (Allegro),C#,Major,C# Major,0,0,0,0,0,0,0,0,0,0,0,0,1,1,0,0,0
agnes,release me,False,2009,0.73,0.582,0.92,0.859,0.016,0.007,0.0,0.104,0.725,128,256,Veloce (Allegro),D,Minor,D Minor,0,0,0,0,1,0,1,0,0,0,0,0,1,0,0,0,0
black eyed peas,boom boom pow,True,2009,0.764,0.872,0.85,0.722,0.078,0.133,0.002,0.13,0.389,130,251,Veloce (Allegro),A,Major,A Major,0,0,0,0,0,0,0,0,1,0,0,0,1,0,0,0,0
shakira,she wolf,False,2009,0.764,0.87,0.673,0.646,0.038,0.292,0.016,0.245,0.887,122,188,Veloce (Allegro),G,Major,G Major,0,0,0,0,0,0,0,0,0,0,1,0,1,0,0,0,0
lady gaga,paparazzi,False,2008,0.786,0.748,0.675,0.817,0.037,0.116,0.0,0.087,0.384,115,208,Allegretto,F,Minor,F Minor,0,0,0,0,0,0,0,0,0,0,0,0,1,0,0,0,0
jay-z,empire state of mind,True,2009,0.921,0.428,0.954,0.938,0.667,0.03,0.0,0.527,0.827,174,276,Vivace,B,Major,B Major,0,0,0,0,0,0,0,0,1,0,0,0,0,0,0,0,0
onerepublic,all the right moves,False,2009,0.73,0.473,0.946,0.839,0.044,0.264,0.0,0.314,0.654,146,238,Veloce (Allegro),C,Major,C Major,0,0,0,0,0,0,0,0,0,0,0,0,1,0,0,0,0
jeremih,birthday sex,False,2009,0.753,0.648,0.496,0.737,0.037,0.302,0.0,0.154,0.436,60,226,Lento (Adagio),G,Minor,G Minor,0,0,0,0,0,0,0,0,1,0,0,0,1,1,0,0,0
cascada,evacuate the dancefloor,False,2009,0.708,0.748,0.685,0.724,0.036,0.017,0.0,0.352,0.92,127,207,Veloce (Allegro),C,Major,C Major,0,0,0,0,1,0,1,0,1,0,0,0,1,0,0,0,0
linkin park,new divide,False,2009,0.764,0.43,0.798,0.847,0.024,0.0,0.0,0.092,0.366,118,268,Allegretto,F,Minor,F Minor,0,0,0,0,0,0,0,0,0,0,0,1,0,0,1,0,0
kevin rudolf,let it rock,True,2008,0.742,0.565,0.771,0.796,0.03,0.001,0.0,0.056,0.424,113,231,Allegretto,G,Major,G Major,0,0,0,0,0,0,0,0,1,0,0,0,1,0,0,0,0
jay-z,run this town,True,2009,0.843,0.595,0.921,0.925,0.483,0.288,0.0,0.29,0.431,87,267,Moderato,C#,Major,C# Major,0,0,0,0,0,0,0,0,1,0,0,0,0,0,0,0,0
lady gaga,bad romance,True,2009,0.899,0.67,0.917,0.828,0.024,0.003,0.0,0.075,0.723,119,294,Allegretto,C,Major,C Major,0,0,0,0,0,0,0,0,0,0,0,0,1,0,0,0,0
t.i.,live your life,True,2008,0.843,0.291,0.855,0.848,0.419,0.073,0.0,0.228,0.47,160,338,Vivace,B,Minor,B Minor,0,0,0,0,0,0,0,0,1,0,0,0,1,0,0,0,0
eminem,we made you,False,2009,0.708,0.94,0.845,0.954,0.101,0.11,0.0,0.129,0.676,114,269,Allegretto,D,Major,D Major,0,0,0,0,0,0,0,0,1,0,0,0,0,0,0,0,0
dizzee rascal,bonkers,False,2011,0.427,0.585,0.977,0.849,0.356,0.006,0.0,0.278,0.751,126,177,Veloce (Allegro),B,Minor,B Minor,0,0,0,0,1,0,1,0,1,0,0,0,1,0,0,0,0
ciara,love sex magic (feat. justin timberlake),False,2009,0.652,0.903,0.647,0.762,0.208,0.021,0.0,0.385,0.894,107,220,Moderato,A#,Minor,A# Minor,0,0,0,0,0,0,0,0,0,0,0,0,1,1,0,0,0
rihanna,russian roulette,True,2009,0.719,0.415,0.457,0.729,0.039,0.047,0.0,0.103,0.243,80,227,Moderato,F#,Minor,F# Minor,0,0,0,0,0,0,0,0,1,0,0,0,1,1,0,0,0
soulja boy,turn my swag on,False,2008,0.663,0.493,0.696,0.86,0.007,0.001,0.0,0.462,0.482,150,206,Veloce (Allegro),D#,Minor,D# Minor,0,0,0,0,0,0,0,0,1,0,0,0,1,0,0,0,0
xx,intro,False,2009,0.022,0.577,0.766,0.575,0.007,0.47,0.939,0.128,0.122,100,127,Moderato,A,Minor,A Minor,0,0,0,0,0,0,0,0,0,0,0,0,0,0,1,0,0
jay sean,down,False,2009,0.034,0.624,0.678,0.792,0.016,0.011,0.0,0.073,0.69,66,212,Lento (Adagio),D,Major,D Major,0,0,0,0,0,0,0,0,1,0,0,0,1,1,0,0,0
keri hilson,turnin me on - original dirty,True,2008,0.461,0.629,0.56,0.762,0.068,0.003,0.0,0.135,0.061,160,248,Vivace,C#,Major,C# Major,0,0,0,0,0,0,0,0,0,0,0,0,1,1,0,0,0
david guetta,when love takes over (feat. kelly rowland),False,2010,0.775,0.645,0.855,0.786,0.004,0.017,0.0,0.177,0.492,130,191,Veloce (Allegro),B,Major,B Major,0,0,0,0,1,0,1,0,1,0,0,0,1,0,0,0,0
cheryl,fight for this love,False,2009,0.73,0.721,0.727,0.723,0.123,0.013,0.0,0.056,0.737,123,223,Veloce (Allegro),G,Major,G Major,0,0,0,0,1,0,1,0,0,0,0,0,1,0,0,0,0
soulja boy,kiss me thru the phone,True,2008,0.854,0.744,0.696,0.827,0.161,0.019,0.0,0.056,0.81,150,193,Veloce (Allegro),G,Major,G Major,0,0,0,0,0,0,0,0,1,0,0,0,1,0,0,0,0
eminem,crack a bottle,True,2009,0.786,0.457,0.868,0.887,0.294,0.088,0.0,0.182,0.378,170,297,Vivace,A,Major,A Major,0,0,0,0,0,0,0,0,1,0,0,0,0,0,0,0,0
p!nk,sober,False,2010,0.517,0.573,0.781,0.771,0.012,0.067,0.0,0.209,0.395,91,251,Moderato,F#,Major,F# Major,0,0,0,0,0,0,0,0,0,0,0,0,1,0,0,0,0
tinchy stryder,number 1,False,2009,0.663,0.534,0.815,0.82,0.026,0.011,0.0,0.555,0.758,115,212,Allegretto,C,Minor,C Minor,0,0,0,0,1,0,1,0,0,0,0,0,1,0,0,0,0
pixie lott,"mama do (uh oh, uh oh)",False,2009,0.607,0.381,0.866,0.781,0.302,0.175,0.0,0.367,0.589,120,196,Allegretto,D#,Minor,D# Minor,0,0,0,0,1,0,1,0,0,0,0,0,1,0,0,0,0
jls,beat again - radio edit,False,2009,0.0,0.904,0.927,0.788,0.087,0.036,0.0,0.065,0.995,120,196,Allegretto,B,Major,B Major,0,0,0,0,0,0,0,0,0,0,0,0,1,0,0,0,0
3oh!3,donttrustme,True,2008,0.786,0.782,0.697,0.829,0.418,0.017,0.0,0.201,0.509,130,192,Veloce (Allegro),F,Minor,F Minor,0,0,0,0,0,0,0,0,1,0,0,0,1,0,1,0,0
a.r. rahman,jai ho! (you are my destiny),False,2009,0.73,0.624,0.939,0.82,0.068,0.049,0.0,0.07,0.9,136,222,Veloce (Allegro),G#,Minor,G# Minor,0,0,0,0,0,0,0,0,0,0,0,0,0,0,0,0,1
pussycat dolls,i hate this part,False,2008,0.719,0.741,0.59,0.798,0.015,0.068,0.0,0.304,0.443,112,218,Allegretto,F,Major,F Major,0,0,0,0,0,0,0,0,0,0,0,0,1,1,0,0,0
akon,beautiful,False,2008,0.73,0.722,0.943,0.794,0.119,0.126,0.0,0.109,0.632,130,312,Veloce (Allegro),C,Minor,C Minor,0,0,0,0,0,0,0,0,0,0,0,0,1,0,0,0,0
alexandra burke,bad boys (feat. flo rida),False,2009,0.64,0.64,0.859,0.832,0.055,0.012,0.0,0.405,0.64,140,206,Veloce (Allegro),C#,Major,C# Major,0,0,0,0,0,0,0,0,0,0,0,0,1,0,0,0,0
mario,break up,True,2009,0.573,0.368,0.49,0.65,0.615,0.438,0.0,0.182,0.467,74,249,Lento (Adagio),C,Major,C Major,0,0,0,0,0,0,0,0,0,0,0,0,1,1,0,0,0
drake,forever,True,2009,0.82,0.388,0.902,0.901,0.577,0.255,0.0,0.193,0.537,104,357,Moderato,F,Minor,F Minor,0,0,0,0,0,0,0,0,1,0,0,0,1,1,0,0,0
selena gomez & the scene,naturally,False,2009,0.708,0.563,0.897,0.746,0.05,0.019,0.0,0.038,0.895,133,202,Veloce (Allegro),A#,Minor,A# Minor,0,0,0,0,1,0,1,0,0,0,0,0,1,0,0,0,0
kanye west,love lockdown,False,2008,0.742,0.746,0.497,0.635,0.016,0.056,0.508,0.109,0.079,120,270,Allegretto,C#,Minor,C# Minor,0,0,0,0,0,0,0,0,1,0,0,0,0,0,0,0,0
veronicas,untouched,False,2005,0.652,0.506,0.771,0.772,0.381,0.018,0.018,0.156,0.432,177,255,Frenetico (Presto),F#,Minor,F# Minor,0,0,0,0,1,0,1,0,0,0,0,0,1,0,0,0,0
fabolous,throw it in the bag,True,2009,0.663,0.78,0.524,0.647,0.044,0.178,0.0,0.048,0.704,172,231,Vivace,B,Minor,B Minor,0,0,0,0,0,0,0,0,1,0,0,0,1,1,0,0,0
jason derulo,whatcha say,False,2010,0.786,0.574,0.695,0.742,0.099,0.046,0.0,0.148,0.72,144,221,Veloce (Allegro),B,Major,B Major,0,0,0,0,0,0,0,0,1,0,0,0,1,0,0,0,0
lily allen,not fair,True,2009,0.607,0.697,0.854,0.669,0.031,0.046,0.01,0.238,0.973,121,201,Veloce (Allegro),F,Major,F Major,0,0,0,0,0,0,0,0,0,0,0,0,1,0,0,0,0
t.i.,dead and gone,True,2008,0.764,0.69,0.732,0.767,0.427,0.041,0.0,0.697,0.462,135,299,Veloce (Allegro),C,Major,C Major,0,0,0,0,0,0,0,0,1,0,0,0,1,0,0,0,0
sean kingston,fire burning,False,2009,0.798,0.839,0.794,0.89,0.018,0.02,0.0,0.372,0.909,123,239,Veloce (Allegro),C#,Major,C# Major,0,0,0,0,0,0,0,0,1,0,0,0,1,1,0,0,0
empire of the sun,walking on a dream,False,2008,0.865,0.877,0.684,0.737,0.041,0.263,0.0,0.045,0.725,127,198,Veloce (Allegro),F,Minor,F Minor,0,0,0,0,1,0,1,0,0,0,0,0,1,0,1,0,0
cobra starship,good girls go bad (feat. leighton meester),False,2009,0.73,0.55,0.868,0.83,0.106,0.012,0.0,0.634,0.631,120,196,Allegretto,C,Major,C Major,0,0,0,0,1,0,1,0,0,0,0,0,1,0,0,0,0
nickelback,if today was your last day,False,2008,0.742,0.421,0.907,0.73,0.022,0.0,0.0,0.085,0.567,90,249,Moderato,D#,Major,D# Major,0,0,0,0,0,0,0,0,0,0,0,1,0,0,1,0,0
la roux,bulletproof,False,2009,0.798,0.644,0.876,0.877,0.044,0.0,0.0,0.056,0.689,123,205,Veloce (Allegro),D#,Minor,D# Minor,0,0,0,0,1,0,1,0,0,0,0,0,1,0,0,0,0
kasabian,fire,False,2009,0.719,0.468,0.728,0.735,0.014,0.09,0.151,0.115,0.151,117,252,Allegretto,A#,Major,A# Major,0,0,0,0,0,0,0,0,0,0,0,0,0,0,1,0,0
calvin harris,i'm not alone - radio edit,False,2009,0.618,0.553,0.666,0.687,0.016,0.005,0.107,0.355,0.424,131,210,Veloce (Allegro),G,Major,G Major,0,0,0,0,1,0,1,0,1,0,0,0,1,0,0,0,0
justin bieber,one time,False,2009,0.798,0.664,0.845,0.889,0.025,0.065,0.0,0.073,0.774,146,215,Veloce (Allegro),C#,Minor,C# Minor,0,0,0,0,0,0,0,0,0,0,0,0,1,0,0,0,0
jamie foxx,blame it,True,2008,0.73,0.643,0.592,0.746,0.144,0.08,0.0,0.141,0.346,176,289,Vivace,G,Major,G Major,0,0,0,0,0,0,0,0,1,0,0,0,1,1,0,0,0
la roux,in for the kill,False,2009,0.663,0.591,0.968,1.0,0.04,0.002,0.0,0.121,0.927,150,248,Veloce (Allegro),G#,Minor,G# Minor,0,0,0,0,1,0,1,0,0,0,0,0,1,0,0,0,0
muse,uprising,False,2009,0.843,0.559,0.9,0.814,0.098,0.0,0.065,0.115,0.399,128,304,Veloce (Allegro),D,Major,D Major,0,0,0,0,0,0,0,0,0,0,0,0,0,0,1,0,0
nickelback,gotta be somebody,False,2008,0.697,0.481,0.884,0.756,0.067,0.0,0.002,0.134,0.178,116,252,Allegretto,C,Major,C Major,0,0,0,0,0,0,0,0,0,0,0,1,0,0,1,0,0
james morrison,broken strings,False,2008,0.786,0.521,0.701,0.771,0.01,0.01,0.0,0.074,0.303,112,250,Allegretto,C#,Major,C# Major,0,0,0,0,0,0,0,0,0,0,0,0,1,1,0,0,0
t.i.,whatever you like,True,2008,0.832,0.651,0.67,0.709,0.086,0.016,0.0,0.288,0.459,150,249,Veloce (Allegro),A,Minor,A Minor,0,0,0,0,0,0,0,0,1,0,0,0,1,0,0,0,0
dizzee rascal,holiday,False,2011,0.674,0.492,0.914,0.918,0.039,0.058,0.0,0.024,0.874,118,220,Allegretto,C,Major,C Major,0,0,0,0,1,0,1,0,1,0,0,0,1,0,0,0,0
beyonce,single ladies (put a ring on it),False,2008,0.753,0.351,0.56,0.752,0.494,0.039,0.0,0.2,0.25,193,193,Frenetico (Presto),C#,Major,C# Major,0,0,0,0,0,0,0,0,0,0,0,0,1,1,0,0,0
boys like girls,love drunk,False,2009,0.719,0.368,0.976,0.857,0.213,0.002,0.0,0.167,0.4,150,226,Veloce (Allegro),A#,Major,A# Major,0,0,0,0,0,0,0,0,0,0,0,0,1,0,0,0,0
the-dream,rockin' that shit,True,2009,0.697,0.642,0.599,0.773,0.034,0.126,0.0,0.41,0.63,78,221,Moderato,G#,Major,G# Major,0,0,0,0,0,0,0,0,1,0,0,0,1,1,0,0,0
onerepublic,secrets,False,2009,0.832,0.457,0.751,0.706,0.024,0.073,0.0,0.112,0.361,148,224,Veloce (Allegro),D,Major,D Major,0,0,0,0,0,0,0,0,0,0,0,0,1,0,0,0,0
jls,everybody in love,False,2013,0.438,0.681,0.771,0.719,0.017,0.072,0.0,0.407,0.661,140,195,Veloce (Allegro),F,Minor,F Minor,0,0,0,0,0,0,0,0,0,0,0,0,1,0,0,0,0
jason aldean,big green tractor,False,2009,0.562,0.576,0.573,0.765,0.01,0.67,0.0,0.236,0.58,137,204,Veloce (Allegro),E,Major,E Major,0,0,0,1,0,0,0,0,0,0,0,0,0,0,0,0,0
fray,never say never,False,2009,0.753,0.119,0.463,0.729,0.015,0.582,0.0,0.186,0.24,160,256,Vivace,G#,Major,G# Major,0,0,0,0,0,0,0,0,0,0,0,0,1,0,0,0,0
lily allen,the fear,True,2009,0.596,0.629,0.839,0.67,0.031,0.429,0.0,0.103,0.518,134,207,Veloce (Allegro),A#,Major,A# Major,0,0,0,0,0,0,0,0,0,0,0,0,1,0,0,0,0
kings of leon,sex on fire,False,2008,0.899,0.488,0.9,0.734,0.056,0.002,0.011,0.138,0.359,153,203,Veloce (Allegro),A,Major,A Major,0,0,0,0,0,0,0,0,0,0,0,0,0,0,1,0,0
drake,best i ever had,True,2010,0.607,0.357,0.889,0.882,0.555,0.097,0.0,0.2,0.606,162,258,Vivace,F,Minor,F Minor,0,0,0,0,0,0,0,0,1,0,0,0,1,1,0,0,0
kelly clarkson,already gone,False,2009,0.629,0.095,0.866,0.866,0.095,0.222,0.0,0.066,0.274,78,281,Moderato,A,Major,A Major,0,0,0,0,0,0,0,0,0,0,0,0,1,1,0,0,0
miley cyrus,party in the u.s.a.,False,2009,0.888,0.618,0.681,0.783,0.034,0.001,0.0,0.081,0.462,96,202,Moderato,A#,Minor,A# Minor,0,0,0,0,0,0,0,0,0,0,0,0,1,0,0,0,0
jordin sparks,battlefield,False,2009,0.64,0.572,0.613,0.842,0.019,0.018,0.0,0.051,0.355,145,241,Veloce (Allegro),D,Major,D Major,0,0,0,0,0,0,0,0,0,0,0,0,1,1,0,0,0
ne-yo,mad,False,2008,0.719,0.712,0.624,0.749,0.02,0.681,0.0,0.106,0.698,130,254,Veloce (Allegro),C,Major,C Major,0,0,0,0,0,0,0,0,0,0,0,0,1,1,0,0,0
green day,21 guns,False,2009,0.82,0.164,0.728,0.77,0.022,0.053,0.0,0.727,0.404,160,321,Vivace,F,Major,F Major,0,0,0,0,0,0,0,0,0,0,0,0,0,0,1,0,0
keri hilson,knock you down,False,2009,0.64,0.543,0.871,0.777,0.248,0.01,0.0,0.18,0.649,155,326,Veloce (Allegro),G#,Major,G# Major,0,0,0,0,0,0,0,0,0,0,0,0,1,1,0,0,0
taylor swift,you belong with me,False,2008,0.618,0.66,0.758,0.795,0.028,0.168,0.0,0.109,0.435,130,231,Veloce (Allegro),F#,Major,F# Major,0,0,0,0,0,0,0,0,0,0,0,0,1,0,0,0,0
shinedown,second chance,False,2008,0.753,0.391,0.785,0.791,0.018,0.001,0.0,0.102,0.154,100,222,Moderato,C,Minor,C Minor,0,0,0,0,0,0,0,0,0,0,0,1,0,0,1,0,0
asher roth,i love college,True,2009,0.697,0.69,0.817,0.812,0.398,0.092,0.0,0.48,0.67,86,241,Moderato,G#,Major,G# Major,0,0,0,0,0,0,0,0,1,0,0,0,1,0,0,0,0
katy perry,waking up in vegas,False,2008,0.551,0.467,0.872,0.86,0.021,0.001,0.0,0.092,0.59,131,199,Veloce (Allegro),F,Minor,F Minor,0,0,0,0,0,0,0,0,0,0,0,0,1,0,0,0,0
kelly clarkson,my life would suck without you,False,2009,0.764,0.469,0.876,0.816,0.05,0.001,0.0,0.147,0.413,145,211,Veloce (Allegro),A,Major,A Major,0,0,0,0,0,0,0,0,0,0,0,0,1,1,0,0,0
mumford & sons,little lion man,True,2009,0.764,0.459,0.463,0.616,0.007,0.028,0.0,0.079,0.446,139,245,Veloce (Allegro),F,Major,F Major,1,0,0,0,0,0,0,1,0,0,0,0,1,0,1,0,0
fray,you found me,False,2009,0.82,0.247,0.792,0.746,0.033,0.019,0.0,0.138,0.387,152,241,Veloce (Allegro),G#,Minor,G# Minor,0,0,0,0,0,0,0,0,0,0,0,0,1,0,0,0,0
bruno mars,just the way you are,False,2010,0.865,0.598,0.833,0.748,0.034,0.014,0.0,0.049,0.413,109,220,Allegretto,F,Major,F Major,0,0,0,0,0,0,0,0,0,0,0,0,1,0,0,0,0
eminem,love the way you lie,True,2010,0.91,0.733,0.922,0.765,0.369,0.247,0.0,0.6,0.645,87,263,Moderato,A#,Major,A# Major,0,0,0,0,0,0,0,0,1,0,0,0,0,0,0,0,0
lady gaga,bad romance,True,2009,0.899,0.67,0.917,0.828,0.024,0.003,0.0,0.075,0.723,119,294,Allegretto,C,Major,C Major,0,0,0,0,0,0,0,0,0,0,0,0,1,0,0,0,0
stromae,alors on danse - radio edit,False,2010,0.865,0.782,0.567,0.559,0.102,0.102,0.002,0.052,0.723,120,206,Allegretto,C#,Minor,C# Minor,0,0,0,0,0,0,0,0,0,0,0,0,1,0,0,0,0
kesha,tik tok,False,2010,0.899,0.74,0.828,0.879,0.215,0.102,0.0,0.322,0.723,120,199,Allegretto,D,Minor,D Minor,0,0,0,0,1,0,1,0,0,0,0,0,1,0,0,0,0
david guetta,memories (feat. kid cudi),False,2010,0.854,0.493,0.912,0.819,0.419,0.002,0.0,0.276,0.36,130,210,Veloce (Allegro),G#,Major,G# Major,0,0,0,0,1,0,1,0,1,0,0,0,1,0,0,0,0
taio cruz,dynamite,False,2010,0.899,0.735,0.771,0.83,0.113,0.004,0.0,0.017,0.832,120,202,Allegretto,E,Major,E Major,0,0,0,0,0,0,0,0,1,0,0,0,1,0,0,0,0
rihanna,only girl (in the world),False,2010,0.82,0.78,0.7,0.804,0.036,0.132,0.0,0.057,0.613,126,235,Veloce (Allegro),B,Minor,B Minor,0,0,0,0,0,0,0,0,1,0,0,0,1,1,0,0,0
katy perry,california gurls,False,2012,0.809,0.782,0.74,0.829,0.061,0.005,0.0,0.17,0.414,125,234,Veloce (Allegro),C,Major,C Major,0,0,0,0,0,0,0,0,0,0,0,0,1,0,0,0,0
kesha,take it off,False,2010,0.764,0.709,0.657,0.752,0.01,0.0,0.001,0.078,0.751,125,215,Veloce (Allegro),F,Minor,F Minor,0,0,0,0,1,0,1,0,0,0,0,0,1,0,0,0,0
inna,hot - play & win radio version,False,2010,0.472,0.813,0.936,0.713,0.464,0.082,0.448,0.492,0.6,128,217,Veloce (Allegro),G,Minor,G Minor,0,0,0,0,0,0,0,0,0,0,0,0,1,0,0,0,0
far east movement,like a g6,False,2010,0.82,0.362,0.828,0.612,0.77,0.007,0.0,0.115,0.791,125,216,Veloce (Allegro),D#,Major,D# Major,0,0,0,0,0,0,0,0,1,0,0,0,1,0,0,0,0
david guetta,gettin' over you (feat. fergie & lmfao),False,2010,0.697,0.574,0.909,0.763,0.106,0.182,0.0,0.067,0.441,130,188,Veloce (Allegro),A#,Minor,A# Minor,0,0,0,0,1,0,1,0,1,0,0,0,1,0,0,0,0
duck sauce,barbra streisand - radio edit,False,2010,0.517,0.756,0.918,0.916,0.153,0.001,0.2,0.254,0.5,128,196,Veloce (Allegro),C#,Major,C# Major,0,0,0,0,1,0,1,0,0,0,0,0,0,0,0,0,0
lucenzo,danza kuduro (feat. don omar),False,2011,0.0,0.583,0.94,0.699,0.161,0.007,0.0,0.06,0.786,130,213,Veloce (Allegro),G,Major,G Major,0,0,0,0,0,0,0,0,0,0,1,0,0,0,0,0,0
rihanna,te amo,True,2009,0.753,0.518,0.691,0.744,0.106,0.554,0.0,0.094,0.762,172,208,Vivace,G#,Minor,G# Minor,0,0,0,0,0,0,0,0,1,0,0,0,1,1,0,0,0
timbaland,carry out (featuring justin timberlake),False,2009,0.775,0.475,0.55,0.683,0.162,0.117,0.031,0.282,0.25,116,232,Allegretto,A#,Minor,A# Minor,0,0,0,0,0,0,0,0,1,0,0,0,1,1,0,0,0
dj fresh,gold dust - radio edit,False,2010,0.708,0.381,0.946,0.977,0.224,0.261,0.0,0.446,0.275,177,192,Frenetico (Presto),C,Major,C Major,0,0,0,0,1,0,1,0,0,0,0,0,1,0,0,0,0
edward maya,stereo love - radio edit,False,2010,0.742,0.792,0.771,0.821,0.016,0.035,0.019,0.065,0.586,127,184,Veloce (Allegro),C#,Minor,C# Minor,0,0,0,0,0,0,0,0,0,0,0,0,1,0,0,0,0
taio cruz,break your heart,False,2010,0.832,0.565,0.931,0.805,0.015,0.034,0.0,0.084,0.567,122,201,Veloce (Allegro),D#,Major,D# Major,0,0,0,0,0,0,0,0,1,0,0,0,1,0,0,0,0
black eyed peas,imma be,False,2009,0.685,0.553,0.49,0.67,0.618,0.183,0.0,0.343,0.4,92,257,Moderato,C,Major,C Major,0,0,0,0,0,0,0,0,1,0,0,0,1,0,0,0,0
sidney samson,riverside,True,2009,0.528,0.798,0.976,0.892,0.038,0.0,0.908,0.124,0.213,126,320,Veloce (Allegro),C#,Minor,C# Minor,0,0,0,0,1,0,1,0,0,0,0,0,0,0,0,0,0
eminem,not afraid,True,2010,0.888,0.858,0.952,0.955,0.436,0.542,0.0,0.221,0.674,115,248,Allegretto,C,Minor,C Minor,0,0,0,0,0,0,0,0,1,0,0,0,0,0,0,0,0
lady gaga,alejandro,False,2009,0.753,0.584,0.782,0.686,0.042,0.0,0.002,0.425,0.344,99,274,Moderato,B,Minor,B Minor,0,0,0,0,0,0,0,0,0,0,0,0,1,0,0,0,0
rihanna,rude boy,True,2009,0.832,0.513,0.736,0.792,0.188,0.116,0.0,0.069,0.828,174,222,Vivace,B,Major,B Major,0,0,0,0,0,0,0,0,1,0,0,0,1,1,0,0,0
ne-yo,beautiful monster,False,2010,0.64,0.684,0.758,0.668,0.195,0.214,0.0,0.307,0.488,128,251,Veloce (Allegro),F,Minor,F Minor,0,0,0,0,0,0,0,0,0,0,0,0,1,1,0,0,0
3oh!3,starstrukk,False,2010,0.36,0.563,0.784,0.713,0.087,0.002,0.0,0.223,0.241,140,203,Veloce (Allegro),B,Minor,B Minor,0,0,0,0,0,0,0,0,1,0,0,0,1,0,1,0,0
black eyed peas,the time (dirty bit),False,2010,0.775,0.812,0.803,0.628,0.078,0.068,0.0,0.698,0.426,128,307,Veloce (Allegro),F#,Minor,F# Minor,0,0,0,0,0,0,0,0,1,0,0,0,1,0,0,0,0
kelly rowland,commander,False,2011,0.663,0.314,0.87,0.823,0.208,0.018,0.0,0.41,0.566,125,218,Veloce (Allegro),B,Minor,B Minor,0,0,0,0,0,0,0,0,1,0,0,0,1,1,0,0,0
swedish house mafia,one (your name) - radio edit,False,2010,0.708,0.714,0.655,0.689,0.018,0.014,0.005,0.167,0.64,125,163,Veloce (Allegro),A,Minor,A Minor,0,0,0,0,1,0,1,0,0,0,0,0,1,0,0,0,0
chris brown,deuces (feat. tyga & kevin mccall),True,2011,0.764,0.666,0.721,0.761,0.157,0.033,0.0,0.069,0.191,74,276,Lento (Adagio),C#,Major,C# Major,0,0,0,0,0,0,0,0,1,0,0,0,1,1,0,0,0
usher,dj got us fallin' in love (feat. pitbull),False,2010,0.888,0.631,0.854,0.846,0.155,0.035,0.0,0.073,0.659,120,220,Allegretto,G,Minor,G Minor,0,0,0,0,0,0,0,0,1,0,0,0,1,1,0,0,0
iyaz,replay,False,2009,0.843,0.682,0.737,0.701,0.086,0.177,0.0,0.176,0.168,91,182,Moderato,A,Major,A Major,0,0,0,0,0,0,0,0,1,0,0,0,1,0,0,0,0
flo rida,club can't handle me (feat. david guetta),False,2010,0.854,0.576,0.862,0.82,0.017,0.029,0.0,0.051,0.465,128,234,Veloce (Allegro),C,Major,C Major,0,0,0,0,0,0,0,0,1,0,0,0,1,0,0,0,0
sean kingston,eenie meenie,False,2010,0.832,0.699,0.585,0.808,0.016,0.056,0.0,0.11,0.845,121,201,Veloce (Allegro),C#,Major,C# Major,0,0,0,0,0,0,0,0,1,0,0,0,1,1,0,0,0
waka flocka flame,no hands (feat. roscoe dash & wale),True,2010,0.652,0.746,0.572,0.699,0.029,0.006,0.0,0.264,0.345,131,263,Veloce (Allegro),C#,Major,C# Major,0,0,0,0,0,0,0,0,1,0,0,0,1,0,0,0,0
tinie tempah,written in the stars (feat. eric turner),False,2010,0.64,0.623,0.928,0.807,0.136,0.063,0.0,0.238,0.53,92,207,Moderato,G,Major,G Major,0,0,0,0,1,0,1,0,1,0,0,0,1,0,0,0,0
bruno mars,talking to the moon,False,2010,0.854,0.436,0.567,0.78,0.016,0.524,0.0,0.103,0.043,146,217,Veloce (Allegro),C#,Minor,C# Minor,0,0,0,0,0,0,0,0,0,0,0,0,1,0,0,0,0
miley cyrus,can't be tamed,False,2010,0.0,0.592,0.906,0.869,0.218,0.029,0.0,0.21,0.754,117,168,Allegretto,B,Minor,B Minor,0,0,0,0,0,0,0,0,0,0,0,0,1,0,0,0,0
mike posner,cooler than me - single mix,False,2010,0.843,0.755,0.81,0.785,0.044,0.183,0.0,0.803,0.628,130,213,Veloce (Allegro),G,Minor,G Minor,0,0,0,0,1,0,1,0,1,0,0,0,1,0,0,0,0
lady gaga,telephone,False,2009,0.775,0.822,0.827,0.722,0.031,0.005,0.001,0.109,0.725,122,220,Veloce (Allegro),D#,Major,D# Major,0,0,0,0,0,0,0,0,0,0,0,0,1,0,0,0,0
yolanda be cool,we no speak americano (jt radio edit),False,2010,0.011,0.912,0.794,0.766,0.042,0.073,0.082,0.085,0.748,125,157,Veloce (Allegro),F#,Major,F# Major,0,0,0,0,1,0,1,0,0,0,0,0,0,0,0,0,0
rihanna,hard,True,2009,0.618,0.214,0.732,0.836,0.159,0.012,0.0,0.755,0.134,182,250,Frenetico (Presto),C#,Major,C# Major,0,0,0,0,0,0,0,0,1,0,0,0,1,1,0,0,0
tinie tempah,pass out,True,2010,0.596,0.667,0.886,0.852,0.494,0.029,0.0,0.146,0.528,91,268,Moderato,C#,Major,C# Major,0,0,0,0,1,0,1,0,1,0,0,0,1,0,0,0,0
adam lambert,whataya want from me,False,2009,0.64,0.365,0.654,0.781,0.036,0.006,0.0,0.044,0.448,186,227,Frenetico (Presto),B,Minor,B Minor,0,0,0,0,0,0,0,0,0,0,0,0,1,0,0,0,0
trey songz,bottoms up (feat. nicki minaj),True,2010,0.0,0.846,0.578,0.753,0.249,0.021,0.0,0.437,0.311,74,242,Lento (Adagio),C#,Major,C# Major,0,0,0,0,0,0,0,0,1,0,0,0,1,1,0,0,0
timbaland,if we ever meet again (featuring katy perry),False,2009,0.764,0.618,0.583,0.649,0.029,0.005,0.0,0.047,0.381,126,292,Veloce (Allegro),G#,Major,G# Major,0,0,0,0,0,0,0,0,1,0,0,0,1,1,0,0,0
enrique iglesias,i like it,False,2010,0.708,0.614,0.94,0.871,0.117,0.022,0.0,0.046,0.74,129,231,Veloce (Allegro),A#,Minor,A# Minor,0,0,0,0,0,0,0,0,0,0,1,0,1,0,0,0,0
tim berg,seek bromance - avicii’s vocal edit,False,2010,0.0,0.456,0.828,0.888,0.031,0.089,0.0,0.023,0.516,126,203,Veloce (Allegro),B,Major,B Major,0,0,0,0,1,0,1,0,0,0,0,0,1,0,0,0,0
usher,omg (feat. will.i.am),False,2010,0.82,0.771,0.731,0.727,0.018,0.203,0.0,0.407,0.308,130,269,Veloce (Allegro),E,Minor,E Minor,0,0,0,0,0,0,0,0,1,0,0,0,1,1,0,0,0
maroon 5,misery,False,2010,0.753,0.678,0.8,0.773,0.035,0.0,0.0,0.234,0.736,103,216,Moderato,E,Minor,E Minor,0,0,0,0,0,0,0,0,0,0,0,0,1,0,0,0,0
jay sean,down,False,2009,0.034,0.624,0.678,0.792,0.016,0.011,0.0,0.073,0.69,66,212,Lento (Adagio),D,Major,D Major,0,0,0,0,0,0,0,0,1,0,0,0,1,1,0,0,0
rihanna,man down,True,2010,0.764,0.403,0.899,0.815,0.278,0.045,0.0,0.033,0.555,156,267,Veloce (Allegro),C,Minor,C Minor,0,0,0,0,0,0,0,0,1,0,0,0,1,1,0,0,0
3oh!3,my first kiss (feat. ke$ha),False,2010,0.697,0.654,0.884,0.808,0.104,0.006,0.0,0.407,0.844,138,192,Veloce (Allegro),C,Major,C Major,0,0,0,0,0,0,0,0,1,0,0,0,1,0,1,0,0
justin bieber,baby,False,2010,0.91,0.708,0.852,0.755,0.206,0.041,0.0,0.108,0.532,65,214,Lento (Adagio),F,Minor,F Minor,0,0,0,0,0,0,0,0,0,0,0,0,1,0,0,0,0
cali swag district,teach me how to dougie,True,2011,0.742,0.848,0.406,0.768,0.213,0.205,0.0,0.087,0.507,85,237,Moderato,B,Major,B Major,0,0,0,0,0,0,0,0,1,0,0,0,1,0,0,0,0
swedish house mafia,miami 2 ibiza - swedish house mafia vs. tinie tempah,True,2010,0.607,0.718,0.926,0.723,0.08,0.002,0.0,0.458,0.663,125,206,Veloce (Allegro),G,Minor,G Minor,0,0,0,0,1,0,1,0,0,0,0,0,1,0,0,0,0
k'naan,wavin' flag,False,2009,0.64,0.586,0.682,0.697,0.09,0.133,0.0,0.26,0.726,76,220,Lento (Adagio),C,Major,C Major,0,0,0,0,0,0,0,0,1,0,0,0,0,0,0,0,1
ludacris,how low,True,2010,0.708,0.775,0.469,0.669,0.054,0.002,0.0,0.244,0.406,144,201,Veloce (Allegro),C#,Major,C# Major,0,0,0,0,0,0,0,0,1,0,0,0,1,0,0,0,0
kesha,blah blah blah (feat. 3oh!3),True,2010,0.685,0.736,0.827,0.857,0.166,0.086,0.0,0.484,0.514,120,172,Allegretto,A#,Major,A# Major,0,0,0,0,1,0,1,0,0,0,0,0,1,0,0,0,0
dj khaled,"all i do is win (feat. t-pain, ludacris, snoop dogg & rick ross)",True,2010,0.573,0.49,0.769,0.835,0.3,0.014,0.0,0.168,0.256,150,232,Veloce (Allegro),A#,Major,A# Major,0,0,0,0,0,0,0,0,1,0,0,0,1,0,0,0,0
jason derulo,in my head,False,2010,0.73,0.748,0.734,0.809,0.018,0.027,0.0,0.393,0.87,110,199,Allegretto,C,Minor,C Minor,0,0,0,0,0,0,0,0,1,0,0,0,1,0,0,0,0
aloe blacc,i need a dollar,False,2010,0.011,0.84,0.452,0.662,0.018,0.207,0.0,0.079,0.983,95,243,Moderato,F#,Minor,F# Minor,0,0,0,0,0,0,0,0,0,0,0,0,0,1,0,0,0
b.o.b,airplanes (feat. hayley williams of paramore),True,2010,0.832,0.628,0.86,0.802,0.168,0.113,0.0,0.018,0.362,93,180,Moderato,F#,Minor,F# Minor,0,0,0,0,0,0,0,0,1,0,0,0,1,0,0,0,0
ludacris,my chick bad,True,2010,0.764,0.585,0.708,0.678,0.642,0.176,0.0,0.555,0.769,85,216,Moderato,C#,Major,C# Major,0,0,0,0,0,0,0,0,1,0,0,0,1,0,0,0,0
nelly,just a dream,False,2010,0.82,0.475,0.738,0.709,0.013,0.043,0.0,0.118,0.069,90,237,Moderato,C#,Major,C# Major,0,0,0,0,0,0,0,0,1,0,0,0,1,1,0,0,0
rihanna,what's my name?,False,2010,0.742,0.666,0.774,0.867,0.083,0.236,0.0,0.07,0.583,100,263,Moderato,D,Major,D Major,0,0,0,0,0,0,0,0,1,0,0,0,1,1,0,0,0
shontelle,impossible,False,2010,0.393,0.556,0.603,0.834,0.02,0.394,0.0,0.124,0.536,90,226,Moderato,G#,Major,G# Major,0,0,0,0,0,0,0,0,0,0,0,0,1,1,0,0,0
take that,the flood,False,2010,0.64,0.455,0.821,0.713,0.038,0.039,0.0,0.121,0.107,101,289,Moderato,B,Minor,B Minor,0,0,0,0,0,0,0,0,0,0,0,0,1,0,0,0,0
trey songz,say aah (feat. fabolous),False,2009,0.607,0.703,0.863,0.835,0.162,0.005,0.0,0.976,0.826,93,207,Moderato,C#,Minor,C# Minor,0,0,0,0,0,0,0,0,1,0,0,0,1,1,0,0,0
jason derulo,whatcha say,False,2010,0.786,0.574,0.695,0.742,0.099,0.046,0.0,0.148,0.72,144,221,Veloce (Allegro),B,Major,B Major,0,0,0,0,0,0,0,0,1,0,0,0,1,0,0,0,0
drake,over,True,2010,0.64,0.232,0.84,0.736,0.463,0.011,0.0,0.123,0.422,100,233,Moderato,G,Major,G Major,0,0,0,0,0,0,0,0,1,0,0,0,1,1,0,0,0
example,kickstarts,False,2010,0.708,0.569,0.827,0.794,0.062,0.004,0.0,0.405,0.662,126,181,Veloce (Allegro),F,Major,F Major,0,0,0,0,1,0,1,0,0,0,0,0,1,0,0,0,0
plan b,she said,False,2010,0.697,0.699,0.512,0.725,0.213,0.308,0.0,0.147,0.831,147,208,Veloce (Allegro),D#,Minor,D# Minor,0,0,0,0,1,0,1,0,0,0,0,0,0,0,0,0,0
saturdays,higher,False,2010,0.685,0.603,0.855,0.851,0.02,0.05,0.0,0.292,0.597,117,207,Allegretto,A#,Major,A# Major,0,0,0,0,1,0,1,0,0,0,0,0,1,0,0,0,0
jay sean,do you remember,False,2009,0.022,0.858,0.649,0.772,0.074,0.025,0.0,0.097,0.818,126,210,Veloce (Allegro),B,Major,B Major,0,0,0,0,0,0,0,0,1,0,0,0,1,1,0,0,0
usher,hey daddy (daddy's home),False,2010,0.674,0.545,0.681,0.803,0.01,0.0,0.0,0.103,0.336,96,224,Moderato,B,Major,B Major,0,0,0,0,0,0,0,0,1,0,0,0,1,1,0,0,0
lil wayne,right above it,True,2010,0.764,0.292,0.833,0.799,0.602,0.045,0.0,0.669,0.454,76,271,Lento (Adagio),D#,Minor,D# Minor,0,0,0,0,0,0,0,0,1,0,0,0,1,0,0,0,0
wanted,all time low,False,2010,0.202,0.662,0.593,0.766,0.06,0.361,0.0,0.069,0.797,134,205,Veloce (Allegro),G#,Minor,G# Minor,0,0,0,0,1,0,1,0,0,0,0,0,1,0,0,0,0
kesha,your love is my drug,False,2010,0.775,0.824,0.59,0.821,0.136,0.007,0.0,0.081,0.768,120,187,Allegretto,C#,Major,C# Major,0,0,0,0,1,0,1,0,0,0,0,0,1,0,0,0,0
ellie goulding,starry eyed,False,2010,0.607,0.443,0.804,0.75,0.028,0.138,0.0,0.364,0.597,150,176,Veloce (Allegro),F,Minor,F Minor,0,0,0,0,1,0,1,0,0,0,0,0,1,0,1,0,0
drake,find your love,False,2010,0.629,0.586,0.591,0.717,0.271,0.021,0.0,0.008,0.749,96,208,Moderato,F#,Minor,F# Minor,0,0,0,0,0,0,0,0,1,0,0,0,1,1,0,0,0
jason derulo,ridin' solo,False,2010,0.742,0.37,0.821,0.815,0.222,0.131,0.0,0.129,0.578,89,215,Moderato,A,Major,A Major,0,0,0,0,0,0,0,0,1,0,0,0,1,0,0,0,0
two door cinema club,what you know,False,2010,0.0,0.498,0.739,0.816,0.032,0.001,0.0,0.085,0.859,139,189,Veloce (Allegro),F#,Minor,F# Minor,0,0,0,0,0,0,0,0,0,0,0,0,1,0,1,1,1
jay-z,young forever,True,2009,0.73,0.6,0.673,0.855,0.083,0.427,0.0,0.228,0.069,140,253,Veloce (Allegro),A,Minor,A Minor,0,0,0,0,0,0,0,0,1,0,0,0,0,0,0,0,0
young money,bedrock,True,2009,0.798,0.714,0.645,0.709,0.492,0.104,0.0,0.204,0.555,148,288,Veloce (Allegro),G#,Major,G# Major,0,0,0,0,0,0,0,0,1,0,0,0,1,0,0,0,0
b.o.b,nothin' on you (feat. bruno mars),False,2010,0.832,0.661,0.845,0.726,0.047,0.396,0.0,0.078,0.754,104,268,Moderato,A#,Major,A# Major,0,0,0,0,0,0,0,0,1,0,0,0,1,0,0,0,0
katy perry,teenage dream,False,2010,0.775,0.697,0.787,0.787,0.023,0.017,0.0,0.135,0.591,120,227,Allegretto,A#,Major,A# Major,0,0,0,0,0,0,0,0,0,0,0,0,1,0,0,0,0
scouting for girls,this ain't a love song,False,2017,0.584,0.389,0.9,0.808,0.04,0.0,0.0,0.429,0.551,177,210,Frenetico (Presto),C,Major,C Major,0,0,0,0,0,0,0,0,0,0,0,0,1,0,1,0,0
travie mccoy,billionaire (feat. bruno mars),True,2010,0.809,0.596,0.655,0.697,0.425,0.304,0.0,0.222,0.664,87,211,Moderato,F#,Minor,F# Minor,0,0,0,0,0,0,0,0,1,0,0,0,1,0,0,0,0
owl city,fireflies,False,2009,0.876,0.453,0.643,0.678,0.037,0.028,0.0,0.116,0.464,180,228,Frenetico (Presto),D#,Major,D# Major,0,0,0,0,0,0,0,0,0,0,0,0,1,0,1,0,0
alicia keys,empire state of mind (part ii) broken down,False,2009,0.798,0.42,0.332,0.629,0.02,0.758,0.0,0.116,0.111,93,216,Moderato,F#,Major,F# Major,0,0,0,0,0,0,0,0,0,0,0,0,1,1,0,0,0
lady a,need you now,False,2010,0.82,0.534,0.701,0.795,0.016,0.03,0.0,0.266,0.297,108,236,Moderato,E,Major,E Major,0,0,0,1,0,0,0,0,0,0,0,0,1,0,0,0,0
taylor swift,back to december,False,2010,0.73,0.473,0.652,0.783,0.013,0.12,0.0,0.376,0.265,142,293,Veloce (Allegro),D,Major,D Major,0,0,0,0,0,0,0,0,0,0,0,0,1,0,0,0,0
neon trees,animal,False,2010,0.719,0.417,0.82,0.738,0.037,0.0,0.0,0.429,0.75,148,212,Veloce (Allegro),F,Major,F Major,0,0,0,0,0,0,0,0,0,0,0,0,1,0,1,0,0
kris allen,live like we're dying,False,2009,0.573,0.544,0.888,0.868,0.03,0.028,0.0,0.387,0.965,92,212,Moderato,C,Major,C Major,0,0,0,0,0,0,0,0,0,0,0,0,1,0,0,0,0
matt cardle,when we collide,False,2011,0.517,0.371,0.665,0.741,0.02,0.02,0.0,0.351,0.437,82,226,Moderato,D,Major,D Major,0,0,0,0,0,0,0,0,0,0,0,0,1,0,0,0,0
robyn,dancing on my own,False,2010,0.0,0.66,0.858,0.783,0.021,0.076,0.228,0.09,0.238,117,288,Allegretto,F#,Major,F# Major,0,0,0,0,1,0,1,0,0,0,0,0,1,0,0,0,0
band perry,if i die young,False,2010,0.719,0.564,0.468,0.687,0.008,0.356,0.0,0.305,0.346,131,222,Veloce (Allegro),E,Major,E Major,0,0,0,1,0,0,0,0,0,0,0,0,0,0,0,0,0
b.o.b,magic (feat. rivers cuomo),False,2010,0.73,0.496,0.929,0.811,0.578,0.013,0.0,0.392,0.801,82,196,Moderato,G#,Minor,G# Minor,0,0,0,0,0,0,0,0,1,0,0,0,1,0,0,0,0
adele,rolling in the deep,True,2011,0.022,0.71,0.757,0.761,0.012,0.141,0.0,0.031,0.502,105,228,Moderato,G#,Major,G# Major,0,0,0,0,0,0,0,0,0,0,0,0,1,1,0,0,0
maroon 5,"moves like jagger - studio recording from ""the voice"" performance",False,2010,0.865,0.701,0.748,0.793,0.044,0.012,0.0,0.353,0.627,128,201,Veloce (Allegro),B,Minor,B Minor,0,0,0,0,0,0,0,0,0,0,0,0,1,0,0,0,0
lmfao,party rock anthem,False,2011,0.82,0.735,0.721,0.808,0.24,0.021,0.0,0.293,0.336,130,262,Veloce (Allegro),F,Minor,F Minor,0,0,0,0,1,0,1,0,1,0,0,0,1,0,0,0,0
katy perry,firework,False,2010,0.809,0.602,0.823,0.765,0.047,0.144,0.0,0.11,0.652,124,227,Veloce (Allegro),G#,Major,G# Major,0,0,0,0,0,0,0,0,0,0,0,0,1,0,0,0,0
bruno mars,grenade,False,2010,0.876,0.68,0.533,0.654,0.056,0.152,0.0,0.103,0.221,110,222,Allegretto,D,Minor,D Minor,0,0,0,0,0,0,0,0,0,0,0,0,1,0,0,0,0
pitbull,hey baby (drop it to the floor) (feat. t-pain),False,2011,0.798,0.551,0.908,0.844,0.118,0.044,0.0,0.286,0.774,128,234,Veloce (Allegro),A#,Minor,A# Minor,0,0,0,0,0,0,0,0,1,0,1,0,1,0,0,0,0
alexandra stan,mr. saxobeat,False,2011,0.0,0.706,0.928,0.808,0.043,0.022,0.0,0.146,0.812,127,195,Veloce (Allegro),B,Minor,B Minor,0,0,0,0,1,0,1,0,0,0,0,0,1,0,0,0,0
david guetta,who's that chick? (feat. rihanna),False,2010,0.798,0.645,0.58,0.78,0.168,0.004,0.0,0.029,0.957,128,201,Veloce (Allegro),B,Minor,B Minor,0,0,0,0,1,0,1,0,1,0,0,0,1,0,0,0,0
jennifer lopez,on the floor,False,2011,0.888,0.71,0.765,0.757,0.048,0.108,0.0,0.057,0.574,130,284,Veloce (Allegro),D#,Minor,D# Minor,0,0,0,0,0,0,0,0,1,0,0,0,1,1,0,0,0
rihanna,s&m,False,2010,0.82,0.754,0.664,0.766,0.034,0.012,0.0,0.099,0.85,128,243,Veloce (Allegro),C#,Major,C# Major,0,0,0,0,0,0,0,0,1,0,0,0,1,1,0,0,0
kesha,blow,False,2010,0.775,0.738,0.714,0.823,0.029,0.003,0.0,0.062,0.828,120,219,Allegretto,B,Minor,B Minor,0,0,0,0,1,0,1,0,0,0,0,0,1,0,0,0,0
snoop dogg,sweat - remix,False,2011,0.764,0.808,0.717,0.735,0.012,0.061,0.001,0.074,0.741,130,195,Veloce (Allegro),G,Major,G Major,0,0,0,0,0,0,0,0,1,0,0,0,1,0,0,0,0
taio cruz,higher,False,2010,0.685,0.642,0.903,0.763,0.088,0.005,0.0,0.162,0.757,128,187,Veloce (Allegro),G#,Minor,G# Minor,0,0,0,0,0,0,0,0,1,0,0,0,1,0,0,0,0
usher,more - redone jimmy joker remix,False,2010,0.753,0.499,0.888,0.884,0.056,0.002,0.0,0.393,0.808,125,219,Veloce (Allegro),G,Major,G Major,0,0,0,0,0,0,0,0,1,0,0,0,1,1,0,0,0
example,changed the way you kiss me - radio edit,False,2011,0.472,0.531,0.85,0.827,0.032,0.006,0.002,0.088,0.16,127,195,Veloce (Allegro),E,Minor,E Minor,0,0,0,0,1,0,1,0,0,0,0,0,1,0,0,0,0
black eyed peas,just can’t get enough,False,2010,0.854,0.626,0.607,0.584,0.282,0.191,0.0,0.1,0.24,94,219,Moderato,C,Minor,C Minor,0,0,0,0,0,0,0,0,1,0,0,0,1,0,0,0,0
david guetta,where them girls at (feat. nicki minaj & flo rida),True,2012,0.809,0.635,0.87,0.862,0.033,0.056,0.0,0.286,0.55,130,194,Veloce (Allegro),D#,Major,D# Major,0,0,0,0,1,0,1,0,1,0,0,0,1,0,0,0,0
lykke li,i follow rivers - the magician remix,False,2011,0.573,0.777,0.693,0.73,0.03,0.02,0.001,0.076,0.264,122,281,Veloce (Allegro),A,Minor,A Minor,0,0,0,0,1,0,1,0,0,0,0,0,1,0,0,0,0
pitbull,"give me everything (feat. ne-yo, afrojack & nayer)",False,2011,0.91,0.641,0.936,0.855,0.249,0.196,0.0,0.332,0.526,129,252,Veloce (Allegro),G#,Major,G# Major,0,0,0,0,0,0,0,0,1,0,1,0,1,0,0,0,0
selena gomez & the scene,love you like a love song,False,2011,0.888,0.862,0.66,0.822,0.043,0.078,0.0,0.063,0.945,117,188,Allegretto,C#,Minor,C# Minor,0,0,0,0,1,0,1,0,0,0,0,0,1,0,0,0,0
wiz khalifa,black and yellow,True,2011,0.843,0.656,0.825,0.79,0.08,0.066,0.0,0.3,0.535,164,217,Vivace,D,Minor,D Minor,0,0,0,0,0,0,0,0,1,0,0,0,1,0,0,0,0
katy perry,e.t.,False,2012,0.73,0.58,0.862,0.754,0.275,0.018,0.0,0.418,0.772,152,229,Veloce (Allegro),C#,Major,C# Major,0,0,0,0,0,0,0,0,0,0,0,0,1,0,0,0,0
britney spears,i wanna go,False,2011,0.742,0.67,0.52,0.69,0.033,0.004,0.0,0.373,0.801,130,210,Veloce (Allegro),F,Major,F Major,0,0,0,0,0,0,0,0,0,0,0,0,1,0,0,0,0
gym class heroes,stereo hearts (feat. adam levine),False,2011,0.91,0.611,0.784,0.851,0.135,0.033,0.0,0.295,0.811,90,210,Moderato,A,Major,A Major,0,0,0,0,0,0,0,0,1,0,0,0,1,0,0,0,0
edward maya,stereo love - radio edit,False,2010,0.742,0.792,0.771,0.821,0.016,0.035,0.019,0.065,0.586,127,184,Veloce (Allegro),C#,Minor,C# Minor,0,0,0,0,0,0,0,0,0,0,0,0,1,0,0,0,0
enrique iglesias,tonight (i'm fuckin' you),True,2010,0.708,0.614,0.884,0.817,0.053,0.03,0.0,0.114,0.303,126,232,Veloce (Allegro),C,Minor,C Minor,0,0,0,0,0,0,0,0,0,0,1,0,1,0,0,0,0
jeremih,down on me,False,2010,0.809,0.675,0.575,0.629,0.164,0.038,0.0,0.108,0.595,160,228,Vivace,D,Major,D Major,0,0,0,0,0,0,0,0,1,0,0,0,1,1,0,0,0
sak noel,loca people - radio edit,True,2011,0.551,0.942,0.798,0.858,0.066,0.001,0.003,0.036,0.709,128,215,Veloce (Allegro),B,Minor,B Minor,0,0,0,0,1,0,1,0,0,0,0,0,0,0,0,0,0
olly murs,heart skips a beat (feat. rizzle kicks),False,2011,0.685,0.844,0.875,0.818,0.063,0.143,0.0,0.066,0.896,111,202,Allegretto,A,Major,A Major,0,0,0,0,1,0,1,0,0,0,0,0,1,0,0,0,0
lmfao,sexy and i know it,False,2011,0.753,0.683,0.854,0.805,0.53,0.102,0.0,0.204,0.81,130,199,Veloce (Allegro),G,Major,G Major,0,0,0,0,1,0,1,0,1,0,0,0,1,0,0,0,0
cobra starship,you make me feel... (feat. sabi),False,2011,0.786,0.637,0.85,0.868,0.055,0.02,0.0,0.02,0.759,132,215,Veloce (Allegro),G,Minor,G Minor,0,0,0,0,1,0,1,0,0,0,0,0,1,0,0,0,0
jessie j,do it like a dude,True,2011,0.64,0.631,0.835,0.832,0.047,0.05,0.0,0.412,0.36,140,195,Veloce (Allegro),D,Major,D Major,0,0,0,0,0,0,0,0,1,0,0,0,1,0,0,0,0
dj fresh,louder (feat. sian evans) - radio edit,False,2012,0.618,0.214,0.923,0.958,0.042,0.019,0.008,0.555,0.487,140,206,Veloce (Allegro),F#,Minor,F# Minor,0,0,0,0,1,0,1,0,0,0,0,0,1,0,0,0,0
waka flocka flame,no hands (feat. roscoe dash & wale),True,2010,0.854,0.746,0.572,0.699,0.029,0.006,0.0,0.264,0.345,131,263,Veloce (Allegro),C#,Major,C# Major,0,0,0,0,0,0,0,0,1,0,0,0,1,0,0,0,0
nickelback,when we stand together,False,2011,0.73,0.375,0.895,0.839,0.046,0.0,0.0,0.023,0.9,188,190,Frenetico (Presto),A#,Minor,A# Minor,0,0,0,0,0,0,0,0,0,0,0,1,0,0,1,0,0
m83,midnight city,False,2011,0.854,0.447,0.714,0.747,0.029,0.019,0.0,0.053,0.25,105,243,Moderato,B,Minor,B Minor,0,0,0,0,1,0,1,0,0,0,0,1,1,0,1,0,0
britney spears,till the world ends,False,2011,0.73,0.667,0.689,0.73,0.078,0.023,0.0,0.217,0.441,132,237,Veloce (Allegro),G#,Major,G# Major,0,0,0,0,0,0,0,0,0,0,0,0,1,0,0,0,0
labrinth,earthquake (feat. tinie tempah),True,2012,0.697,0.486,0.848,0.818,0.139,0.112,0.0,0.306,0.235,153,274,Veloce (Allegro),C,Minor,C Minor,0,0,0,0,0,0,0,0,0,0,0,0,1,0,0,0,0
jason derulo,don't wanna go home,False,2011,0.708,0.641,0.798,0.773,0.076,0.02,0.0,0.135,0.641,122,206,Veloce (Allegro),D,Minor,D Minor,0,0,0,0,0,0,0,0,1,0,0,0,1,0,0,0,0
coldplay,paradise,False,2011,0.921,0.378,0.562,0.68,0.006,0.052,0.0,0.074,0.186,140,278,Veloce (Allegro),F,Major,F Major,0,0,0,0,0,0,0,0,0,0,0,0,1,0,1,0,0
katy perry,last friday night (t.g.i.f.),False,2012,0.832,0.615,0.805,0.826,0.033,0.001,0.0,0.781,0.778,126,230,Veloce (Allegro),D#,Minor,D# Minor,0,0,0,0,0,0,0,0,0,0,0,0,1,0,0,0,0
adele,set fire to the rain,False,2011,0.022,0.56,0.652,0.822,0.003,0.004,0.0,0.109,0.435,108,242,Moderato,D,Minor,D Minor,0,0,0,0,0,0,0,0,0,0,0,0,1,1,0,0,0
dr. dre,i need a doctor,True,2011,0.798,0.55,0.944,0.79,0.776,0.089,0.0,0.342,0.384,156,283,Veloce (Allegro),D#,Major,D# Major,0,0,0,0,0,0,0,0,1,0,0,0,0,0,0,0,0
lil wayne,6 foot 7 foot,True,2011,0.011,0.278,0.738,0.745,0.508,0.001,0.0,0.357,0.607,79,248,Moderato,D,Major,D Major,0,0,0,0,0,0,0,0,1,0,0,0,1,0,0,0,0
dj khaled,i'm on one,True,2011,0.786,0.336,0.797,0.841,0.533,0.055,0.0,0.733,0.428,149,296,Veloce (Allegro),B,Minor,B Minor,0,0,0,0,0,0,0,0,1,0,0,0,1,0,0,0,0
chris brown,look at me now (feat. lil' wayne & busta rhymes),True,2011,0.798,0.754,0.659,0.711,0.291,0.035,0.0,0.147,0.535,146,222,Veloce (Allegro),B,Minor,B Minor,0,0,0,0,0,0,0,0,1,0,0,0,1,1,0,0,0
far east movement,rocketeer,False,2010,0.685,0.632,0.837,0.712,0.041,0.185,0.0,0.295,0.341,96,211,Moderato,E,Minor,E Minor,0,0,0,0,0,0,0,0,1,0,0,0,1,0,0,0,0
wanted,glad you came,False,2011,0.865,0.701,0.843,0.822,0.074,0.033,0.0,0.104,0.443,127,197,Veloce (Allegro),G,Minor,G Minor,0,0,0,0,1,0,1,0,0,0,0,0,1,0,0,0,0
kesha,we r who we r,False,2010,0.798,0.718,0.807,0.772,0.032,0.01,0.002,0.115,0.658,120,204,Allegretto,G#,Major,G# Major,0,0,0,0,1,0,1,0,0,0,0,0,1,0,0,0,0
kelly rowland,motivation,False,2011,0.73,0.727,0.654,0.738,0.034,0.192,0.0,0.1,0.244,141,230,Veloce (Allegro),A,Minor,A Minor,0,0,0,0,0,0,0,0,1,0,0,0,1,1,0,0,0
rihanna,we found love,False,2011,0.843,0.716,0.753,0.792,0.027,0.026,0.001,0.104,0.601,128,215,Veloce (Allegro),C#,Major,C# Major,0,0,0,0,0,0,0,0,1,0,0,0,1,1,0,0,0
nicole scherzinger,don't hold your breath,False,2011,0.697,0.628,0.786,0.712,0.005,0.007,0.0,0.199,0.68,111,197,Allegretto,F,Minor,F Minor,0,0,0,0,1,0,1,0,0,0,0,0,1,0,0,0,0
mann,buzzin remix,True,2011,0.539,0.66,0.936,0.798,0.222,0.091,0.0,0.314,0.536,104,224,Moderato,A#,Minor,A# Minor,0,0,0,0,0,0,0,0,1,0,0,0,1,0,0,0,0
chris brown,yeah 3x,True,2011,0.775,0.681,0.876,0.856,0.038,0.0,0.0,0.086,0.708,130,241,Veloce (Allegro),B,Minor,B Minor,0,0,0,0,0,0,0,0,1,0,0,0,1,1,0,0,0
swedish house mafia,save the world,False,2011,0.73,0.447,0.646,0.638,0.044,0.015,0.0,0.065,0.387,127,213,Veloce (Allegro),C,Major,C Major,0,0,0,0,1,0,1,0,0,0,0,0,1,0,0,0,0
kanye west,all of the lights,True,2010,0.854,0.475,0.792,0.851,0.088,0.082,0.0,0.186,0.196,142,299,Veloce (Allegro),C#,Major,C# Major,0,0,0,0,0,0,0,0,1,0,0,0,0,0,0,0,0
miguel,sure thing,False,2010,0.876,0.656,0.585,0.612,0.139,0.027,0.0,0.204,0.492,81,195,Moderato,B,Minor,B Minor,0,0,0,0,0,0,0,0,0,0,0,0,1,1,0,0,0
diddy - dirty money,coming home,False,2010,0.775,0.311,0.83,0.919,0.307,0.162,0.0,0.335,0.207,168,238,Vivace,G,Major,G Major,0,0,0,0,0,0,0,0,1,0,0,0,1,1,0,0,0
rihanna,what's my name?,False,2010,0.742,0.666,0.774,0.867,0.083,0.236,0.0,0.07,0.583,100,263,Moderato,D,Major,D Major,0,0,0,0,0,0,0,0,1,0,0,0,1,1,0,0,0
chris brown,beautiful people,False,2019,0.596,0.338,0.763,0.699,0.249,0.067,0.004,0.076,0.533,128,225,Veloce (Allegro),F,Minor,F Minor,0,0,0,0,0,0,0,0,1,0,0,0,1,1,0,0,0
avril lavigne,what the hell,False,2011,0.832,0.531,0.923,0.831,0.057,0.005,0.013,0.142,0.897,150,220,Veloce (Allegro),F#,Minor,F# Minor,0,0,0,0,0,0,0,0,0,0,0,0,1,0,0,0,0
professor green,read all about it,True,2011,0.438,0.623,0.738,0.741,0.036,0.344,0.0,0.242,0.435,101,235,Moderato,B,Minor,B Minor,0,0,0,0,1,0,1,0,0,0,0,0,0,0,0,0,0
chase & status,blind faith,False,2011,0.674,0.379,0.838,0.781,0.043,0.005,0.0,0.248,0.389,140,233,Veloce (Allegro),A,Minor,A Minor,0,0,0,0,1,0,1,0,0,0,0,0,0,0,0,0,0
chip,champion (feat. chris brown),True,2011,0.539,0.338,0.931,0.87,0.392,0.08,0.0,0.148,0.516,190,237,Frenetico (Presto),F#,Minor,F# Minor,0,0,0,0,1,0,1,0,1,0,0,0,0,0,0,0,0
selena gomez & the scene,who says,False,2011,0.854,0.654,0.924,0.87,0.045,0.086,0.0,0.153,0.755,101,195,Moderato,E,Major,E Major,0,0,0,0,1,0,1,0,0,0,0,0,1,0,0,0,0
rizzle kicks,down with the trumpets,False,2011,0.663,0.738,0.874,0.782,0.104,0.089,0.0,0.263,0.808,115,186,Allegretto,E,Minor,E Minor,0,0,0,0,0,0,0,0,1,0,0,0,0,0,0,0,0
lady gaga,born this way,False,2011,0.809,0.541,0.819,0.761,0.249,0.003,0.0,0.372,0.488,124,260,Veloce (Allegro),B,Major,B Major,0,0,0,0,0,0,0,0,0,0,0,0,1,0,0,0,0
nicki minaj,super bass,True,2010,0.0,0.699,0.854,0.799,0.336,0.276,0.0,0.697,0.675,127,200,Veloce (Allegro),B,Major,B Major,0,0,0,0,0,0,0,0,1,0,0,0,1,0,0,0,0
mac miller,donald trump,True,2011,0.685,0.599,0.896,0.663,0.172,0.122,0.0,0.444,0.854,163,165,Vivace,C#,Minor,C# Minor,0,0,0,0,0,0,0,0,1,0,0,0,0,0,0,0,0
calvin harris,bounce (feat. kelis) - radio edit,False,2012,0.697,0.768,0.962,0.909,0.03,0.034,0.5,0.773,0.771,128,222,Veloce (Allegro),D,Minor,D Minor,0,0,0,0,1,0,1,0,1,0,0,0,1,0,0,0,0
david guetta,without you (feat. usher),False,2012,0.786,0.566,0.592,0.83,0.01,0.233,0.0,0.163,0.389,128,208,Veloce (Allegro),D,Major,D Major,0,0,0,0,1,0,1,0,1,0,0,0,1,0,0,0,0
foster the people,pumped up kicks,False,2011,0.921,0.714,0.694,0.725,0.011,0.148,0.117,0.089,0.991,128,239,Veloce (Allegro),F,Minor,F Minor,0,0,0,0,0,0,0,0,0,0,0,0,1,0,1,0,0
drake,headlines,True,2011,0.832,0.599,0.541,0.66,0.15,0.374,0.0,0.084,0.414,152,235,Veloce (Allegro),F#,Minor,F# Minor,0,0,0,0,0,0,0,0,1,0,0,0,1,1,0,0,0
jessie j,price tag,False,2011,0.82,0.599,0.822,0.819,0.287,0.03,0.0,0.301,0.674,175,223,Vivace,F,Major,F Major,0,0,0,0,0,0,0,0,1,0,0,0,1,0,0,0,0
jason aldean,dirt road anthem,False,2010,0.596,0.649,0.725,0.763,0.022,0.328,0.0,0.114,0.663,127,229,Veloce (Allegro),D,Major,D Major,0,0,0,1,0,0,0,0,0,0,0,0,0,0,0,0,0
wiz khalifa,roll up,True,2011,0.708,0.466,0.794,0.743,0.305,0.054,0.0,0.084,0.603,125,227,Veloce (Allegro),D#,Major,D# Major,0,0,0,0,0,0,0,0,1,0,0,0,1,0,0,0,0
onerepublic,good life,True,2009,0.809,0.597,0.673,0.628,0.052,0.079,0.0,0.133,0.649,95,253,Moderato,F#,Major,F# Major,0,0,0,0,0,0,0,0,0,0,0,0,1,0,0,0,0
bad meets evil,lighters,True,2011,0.764,0.647,0.678,0.602,0.401,0.361,0.0,0.117,0.113,90,303,Moderato,C,Major,C Major,0,0,0,0,0,0,0,0,1,0,0,0,1,0,0,0,0
bruno mars,the lazy song,False,2010,0.843,0.786,0.695,0.76,0.084,0.307,0.0,0.089,0.981,175,189,Vivace,G#,Minor,G# Minor,0,0,0,0,0,0,0,0,0,0,0,0,1,0,0,0,0
lupe fiasco,the show goes on,True,2011,0.786,0.546,0.884,0.824,0.166,0.019,0.0,0.161,0.654,143,239,Veloce (Allegro),G,Major,G Major,0,0,0,0,0,0,0,0,1,0,0,0,1,0,0,0,0
james morrison,i won't let you go,False,2011,0.719,0.482,0.589,0.696,0.013,0.235,0.0,0.15,0.132,106,229,Moderato,C,Major,C Major,0,0,0,0,0,0,0,0,0,0,0,0,1,1,0,0,0
jason derulo,it girl,False,2011,0.786,0.637,0.702,0.78,0.068,0.017,0.0,0.099,0.328,92,192,Moderato,C#,Minor,C# Minor,0,0,0,0,0,0,0,0,1,0,0,0,1,0,0,0,0
adele,someone like you,False,2011,0.045,0.502,0.282,0.606,0.009,0.915,0.0,0.094,0.267,135,285,Veloce (Allegro),A,Major,A Major,0,0,0,0,0,0,0,0,0,0,0,0,1,1,0,0,0
red hot chili peppers,the adventures of rain dance maggie,False,2011,0.73,0.655,0.719,0.79,0.01,0.001,0.014,0.284,0.575,106,282,Moderato,E,Minor,E Minor,0,0,0,0,0,0,0,0,0,0,0,0,0,0,1,0,0
keri hilson,pretty girl rock,False,2010,0.753,0.635,0.863,0.766,0.403,0.208,0.0,0.076,0.922,160,243,Vivace,B,Minor,B Minor,0,0,0,0,0,0,0,0,0,0,0,0,1,1,0,0,0
p!nk,f**kin' perfect,True,2010,0.674,0.513,0.653,0.777,0.026,0.043,0.0,0.407,0.441,92,213,Moderato,G,Major,G Major,0,0,0,0,0,0,0,0,0,0,0,0,1,0,0,0,0
blake shelton,honey bee,False,2011,0.562,0.416,0.841,0.76,0.028,0.002,0.0,0.12,0.733,206,210,Frenetico (Presto),E,Major,E Major,0,0,0,1,0,0,0,0,0,0,0,0,0,0,0,0,0
lady gaga,the edge of glory,False,2011,0.753,0.537,0.755,0.694,0.032,0.0,0.016,0.105,0.341,128,320,Veloce (Allegro),A,Major,A Major,0,0,0,0,0,0,0,0,0,0,0,0,1,0,0,0,0
lady a,just a kiss,False,2011,0.708,0.548,0.619,0.726,0.014,0.457,0.0,0.094,0.314,143,218,Veloce (Allegro),C#,Major,C# Major,0,0,0,1,0,0,0,0,0,0,0,0,1,0,0,0,0
hot chelle rae,tonight tonight,False,2011,0.82,0.658,0.771,0.768,0.173,0.078,0.0,0.17,0.83,100,200,Moderato,E,Major,E Major,0,0,0,0,0,0,0,0,1,0,0,0,1,0,1,0,0
grouplove,tongue tied,False,2011,0.888,0.509,0.933,0.725,0.037,0.009,0.0,0.168,0.356,113,218,Allegretto,D#,Major,D# Major,1,0,0,0,0,0,0,1,0,0,0,0,1,0,1,0,0
coldplay,every teardrop is a waterfall,False,2011,0.775,0.35,0.717,0.674,0.03,0.002,0.01,0.18,0.315,118,240,Allegretto,A,Major,A Major,0,0,0,0,0,0,0,0,0,0,0,0,1,0,1,0,0
beyonce,best thing i never had,False,2011,0.775,0.492,0.629,0.813,0.017,0.146,0.0,0.082,0.277,99,253,Moderato,F#,Major,F# Major,0,0,0,0,0,0,0,0,0,0,0,0,1,1,0,0,0
p!nk,raise your glass,True,2010,0.854,0.675,0.693,0.766,0.11,0.005,0.0,0.009,0.627,122,202,Veloce (Allegro),G,Major,G Major,0,0,0,0,0,0,0,0,0,0,0,0,1,0,0,0,0
christina perri,jar of hearts,False,2011,0.809,0.26,0.31,0.71,0.015,0.744,0.0,0.118,0.054,75,246,Lento (Adagio),D#,Major,D# Major,0,0,0,0,0,0,0,0,0,0,0,0,1,0,0,0,0
bruno mars,marry you,False,2010,0.843,0.582,0.81,0.773,0.024,0.34,0.0,0.099,0.443,145,230,Veloce (Allegro),A#,Major,A# Major,0,0,0,0,0,0,0,0,0,0,0,0,1,0,0,0,0
band perry,if i die young,False,2010,0.719,0.564,0.468,0.687,0.008,0.356,0.0,0.305,0.346,131,222,Veloce (Allegro),E,Major,E Major,0,0,0,1,0,0,0,0,0,0,0,0,0,0,0,0,0
lil wayne,how to love,False,2011,0.0,0.609,0.642,0.713,0.034,0.0,0.0,0.104,0.25,154,240,Veloce (Allegro),B,Major,B Major,0,0,0,0,0,0,0,0,1,0,0,0,1,0,0,0,0
charlene soraia,wherever you will go,False,2011,0.674,0.553,0.064,0.558,0.018,0.84,0.0,0.108,0.096,111,197,Allegretto,A,Major,A Major,0,0,0,0,0,0,0,0,0,0,0,0,1,0,0,0,0
christina perri,a thousand years,False,2011,0.786,0.345,0.373,0.646,0.006,0.317,0.001,0.106,0.132,139,285,Veloce (Allegro),A#,Major,A# Major,0,0,0,0,0,0,0,0,0,0,0,0,1,0,0,0,0
rihanna,we found love,False,2011,0.843,0.716,0.753,0.792,0.027,0.026,0.001,0.104,0.601,128,215,Veloce (Allegro),C#,Major,C# Major,0,0,0,0,0,0,0,0,1,0,0,0,1,1,0,0,0
carly rae jepsen,call me maybe,False,2012,0.876,0.773,0.556,0.69,0.032,0.012,0.0,0.104,0.665,120,193,Allegretto,G,Major,G Major,0,0,0,0,1,0,1,0,0,0,0,0,1,0,0,0,0
fun.,we are young (feat. janelle monáe),False,2012,0.854,0.294,0.618,0.738,0.094,0.02,0.0,0.076,0.745,184,250,Frenetico (Presto),A#,Major,A# Major,0,0,0,0,0,0,0,0,0,0,0,0,1,0,1,0,0
sean paul,she doesn't mind,False,2012,0.786,0.696,0.764,0.756,0.083,0.001,0.0,0.223,0.625,120,227,Allegretto,G,Minor,G Minor,0,0,0,0,0,0,0,0,1,0,0,0,1,0,0,0,0
pitbull,international love (feat. chris brown),False,2011,0.832,0.64,0.848,0.864,0.048,0.013,0.0,0.377,0.652,120,227,Allegretto,C,Minor,C Minor,0,0,0,0,0,0,0,0,1,0,1,0,1,0,0,0,0
dev,in the dark,False,2012,0.584,0.718,0.815,0.805,0.08,0.004,0.001,0.37,0.433,125,226,Veloce (Allegro),G#,Major,G# Major,0,0,0,0,1,0,1,0,0,0,0,0,1,0,0,0,0
adele,skyfall,False,2012,0.832,0.256,0.526,0.674,0.009,0.427,0.0,0.111,0.044,76,286,Lento (Adagio),C,Minor,C Minor,0,0,0,0,0,0,0,0,0,0,0,0,1,1,0,0,0
david guetta,turn me on (feat. nicki minaj),False,2012,0.73,0.68,0.782,0.902,0.065,0.05,0.0,0.666,0.4,128,199,Veloce (Allegro),G#,Major,G# Major,0,0,0,0,1,0,1,0,1,0,0,0,1,0,0,0,0
rihanna,where have you been,False,2011,0.798,0.697,0.839,0.7,0.124,0.002,0.021,0.242,0.434,128,242,Veloce (Allegro),C,Minor,C Minor,0,0,0,0,0,0,0,0,1,0,0,0,1,1,0,0,0
jay-z,ni**as in paris,True,2011,0.921,0.78,0.851,0.74,0.521,0.13,0.0,0.394,0.788,140,219,Veloce (Allegro),C#,Major,C# Major,0,0,0,0,0,0,0,0,1,0,0,0,0,0,0,0,0
maroon 5,one more night,False,2012,0.832,0.694,0.812,0.844,0.015,0.057,0.0,0.076,0.62,93,219,Moderato,F,Minor,F Minor,0,0,0,0,0,0,0,0,0,0,0,0,1,0,0,0,0
skrillex,bangarang (feat. sirah),True,2011,0.786,0.694,0.971,0.9,0.313,0.015,0.0,0.355,0.575,110,215,Allegretto,G,Major,G Major,0,0,0,0,1,0,1,0,1,0,0,0,1,0,0,0,0
wanted,chasing the sun,False,2012,0.775,0.6,0.717,0.707,0.133,0.25,0.0,0.573,0.687,128,198,Veloce (Allegro),G,Minor,G Minor,0,0,0,0,1,0,1,0,0,0,0,0,1,0,0,0,0
flo rida,whistle,False,2012,0.865,0.73,0.934,0.73,0.04,0.021,0.0,0.323,0.75,104,224,Moderato,C,Major,C Major,0,0,0,0,0,0,0,0,1,0,0,0,1,0,0,0,0
will.i.am,this is love,False,2013,0.697,0.48,0.785,0.843,0.038,0.005,0.0,0.148,0.261,129,279,Veloce (Allegro),C,Minor,C Minor,0,0,0,0,0,0,0,0,1,0,0,0,1,0,0,0,0
david guetta,she wolf (falling to pieces) [feat. sia],False,2012,0.742,0.429,0.85,0.884,0.076,0.086,0.0,0.388,0.38,130,222,Veloce (Allegro),G,Major,G Major,0,0,0,0,1,0,1,0,1,0,0,0,1,0,0,0,0
nicki minaj,pound the alarm,True,2012,0.719,0.708,0.851,0.832,0.068,0.041,0.0,0.003,0.591,125,205,Veloce (Allegro),A,Major,A Major,0,0,0,0,0,0,0,0,1,0,0,0,1,0,0,0,0
kendrick lamar,swimming pools (drank) - extended version,True,2012,0.708,0.694,0.456,0.631,0.689,0.126,0.0,0.7,0.237,74,313,Lento (Adagio),C#,Major,C# Major,0,0,0,0,0,0,0,0,1,0,0,0,0,0,0,0,0
marina,primadonna,False,2012,0.876,0.628,0.672,0.882,0.019,0.091,0.0,0.085,0.416,128,221,Veloce (Allegro),E,Minor,E Minor,0,0,0,0,1,0,1,0,0,0,0,0,1,0,0,0,0
kanye west,mercy,True,2012,0.82,0.513,0.467,0.55,0.692,0.07,0.0,0.182,0.415,140,329,Veloce (Allegro),F#,Minor,F# Minor,0,0,0,0,0,0,0,0,1,0,0,0,0,0,0,0,0
dj fresh,hot right now (feat. rita ora) - radio edit,False,2012,0.652,0.467,0.971,0.936,0.036,0.007,0.001,0.244,0.468,175,182,Vivace,E,Minor,E Minor,0,0,0,0,1,0,1,0,0,0,0,0,1,0,0,0,0
lmfao,sexy and i know it,False,2011,0.753,0.683,0.854,0.805,0.53,0.102,0.0,0.204,0.81,130,199,Veloce (Allegro),G,Major,G Major,0,0,0,0,1,0,1,0,1,0,0,0,1,0,0,0,0
psy,gangnam style (강남스타일),False,2012,0.809,0.707,0.934,0.872,0.475,0.004,0.0,0.084,0.76,132,219,Veloce (Allegro),B,Minor,B Minor,0,0,0,0,0,0,0,0,0,0,0,0,1,0,0,0,0
kesha,die young,False,2012,0.876,0.688,0.683,0.776,0.041,0.005,0.0,0.233,0.816,128,211,Veloce (Allegro),C#,Minor,C# Minor,0,0,0,0,1,0,1,0,0,0,0,0,1,0,0,0,0
usher,scream,False,2012,0.742,0.576,0.855,0.758,0.134,0.001,0.0,0.189,0.568,128,234,Veloce (Allegro),G,Minor,G Minor,0,0,0,0,0,0,0,0,1,0,0,0,1,1,0,0,0
olly murs,troublemaker (feat. flo rida),False,2012,0.0,0.748,0.856,0.831,0.06,0.015,0.0,0.124,0.991,106,185,Moderato,C,Minor,C Minor,0,0,0,0,1,0,1,0,0,0,0,0,1,0,0,0,0
linkin park,burn it down,False,2012,0.82,0.539,0.971,0.794,0.055,0.015,0.0,0.059,0.585,110,230,Allegretto,A,Minor,A Minor,0,0,0,0,0,0,0,0,0,0,0,1,0,0,1,0,0
bruno mars,locked out of heaven,False,2012,0.955,0.706,0.681,0.808,0.036,0.05,0.0,0.346,0.887,144,233,Veloce (Allegro),F,Major,F Major,0,0,0,0,0,0,0,0,0,0,0,0,1,0,0,0,0
avicii,levels - radio edit,False,2011,0.865,0.538,0.884,0.72,0.02,0.047,0.841,0.346,0.456,126,199,Veloce (Allegro),C#,Minor,C# Minor,0,0,0,0,1,0,1,0,0,0,0,0,1,0,0,0,0
flo rida,good feeling,False,2012,0.854,0.682,0.884,0.794,0.082,0.06,0.003,0.342,0.691,128,248,Veloce (Allegro),C#,Minor,C# Minor,0,0,0,0,0,0,0,0,1,0,0,0,1,0,0,0,0
rihanna,diamonds,False,2012,0.843,0.514,0.694,0.77,0.041,0.001,0.0,0.105,0.38,92,225,Moderato,B,Minor,B Minor,0,0,0,0,0,0,0,0,1,0,0,0,1,1,0,0,0
wiz khalifa,"work hard, play hard",True,2012,0.697,0.778,0.647,0.792,0.046,0.042,0.0,0.33,0.478,140,219,Veloce (Allegro),B,Major,B Major,0,0,0,0,0,0,0,0,1,0,0,0,1,0,0,0,0
katy perry,part of me,False,2012,0.82,0.649,0.914,0.785,0.022,0.0,0.0,0.064,0.782,130,216,Veloce (Allegro),F,Major,F Major,0,0,0,0,0,0,0,0,0,0,0,0,1,0,0,0,0
nicki minaj,starships,True,2012,0.843,0.73,0.7,0.892,0.094,0.138,0.0,0.276,0.762,125,210,Veloce (Allegro),B,Minor,B Minor,0,0,0,0,0,0,0,0,1,0,0,0,1,0,0,0,0
kendrick lamar,m.a.a.d city,True,2012,0.753,0.423,0.714,0.677,0.448,0.055,0.0,0.503,0.191,91,350,Moderato,D,Major,D Major,0,0,0,0,0,0,0,0,1,0,0,0,0,0,0,0,0
asaf avidan & the mojos,one day / reckoning song (wankelmut remix) [radio edit],False,2012,0.0,0.818,0.658,0.699,0.057,0.192,0.0,0.086,0.557,119,212,Allegretto,D#,Minor,D# Minor,0,0,0,0,0,0,0,0,0,0,0,0,1,0,0,0,0
florence + the machine,spectrum (say my name) - calvin harris remix,False,2011,0.764,0.531,0.944,0.823,0.045,0.002,0.004,0.09,0.588,126,218,Veloce (Allegro),B,Minor,B Minor,0,0,0,0,1,0,1,0,0,0,0,0,1,0,1,0,0
azealia banks,212,True,2014,0.0,0.849,0.756,0.729,0.425,0.015,0.0,0.066,0.629,126,204,Veloce (Allegro),B,Minor,B Minor,0,0,0,0,0,0,0,0,1,0,0,0,1,1,0,0,0
maroon 5,payphone,True,2012,0.921,0.726,0.738,0.776,0.033,0.019,0.0,0.319,0.542,110,231,Allegretto,E,Major,E Major,0,0,0,0,0,0,0,0,0,0,0,0,1,0,0,0,0
james arthur,impossible,False,2013,0.843,0.292,0.678,0.777,0.127,0.138,0.0,0.106,0.282,170,209,Vivace,C,Minor,C Minor,0,0,0,0,0,0,0,0,0,0,0,0,1,0,0,0,0
michel telo,ai se eu te pego - live,False,2012,0.0,0.647,0.932,0.789,0.083,0.366,0.0,1.0,0.868,96,166,Moderato,B,Major,B Major,0,0,0,1,0,0,0,0,0,0,1,0,0,0,0,0,0
otto knows,million voices - radio edit,False,2012,0.0,0.536,0.889,0.702,0.032,0.002,0.023,0.054,0.034,126,192,Veloce (Allegro),G#,Major,G# Major,0,0,0,0,1,0,1,0,0,0,0,0,1,0,0,0,0
icona pop,i love it,True,2012,0.573,0.687,0.896,0.881,0.012,0.008,0.0,0.181,0.879,126,156,Veloce (Allegro),C#,Major,C# Major,0,0,0,0,1,0,1,0,0,0,0,0,1,0,0,0,0
tyga,rack city,True,2012,0.685,0.946,0.301,0.476,0.629,0.038,0.0,0.199,0.251,99,203,Moderato,C#,Major,C# Major,0,0,0,0,0,0,0,0,1,0,0,0,1,0,0,0,0
calvin harris,feel so close - radio edit,False,2012,0.888,0.683,0.921,0.873,0.014,0.001,0.007,0.22,0.942,128,206,Veloce (Allegro),G,Major,G Major,0,0,0,0,1,0,1,0,1,0,0,0,1,0,0,0,0
jennifer lopez,dance again,False,2012,0.0,0.79,0.86,0.755,0.084,0.016,0.0,0.078,0.725,128,237,Veloce (Allegro),B,Minor,B Minor,0,0,0,0,0,0,0,0,1,0,0,0,1,1,0,0,0
grimes,oblivion,False,2012,0.0,0.671,0.502,0.577,0.019,0.118,0.915,0.082,0.479,156,251,Veloce (Allegro),D,Major,D Major,0,0,0,0,1,0,1,0,0,0,0,0,1,0,1,0,0
adele,rumour has it,False,2011,0.0,0.571,0.734,0.766,0.038,0.632,0.0,0.175,0.573,120,223,Allegretto,C,Major,C Major,0,0,0,0,0,0,0,0,0,0,0,0,1,1,0,0,0
coldplay,paradise,False,2011,0.921,0.378,0.562,0.68,0.006,0.052,0.0,0.074,0.186,140,278,Veloce (Allegro),F,Major,F Major,0,0,0,0,0,0,0,0,0,0,0,0,1,0,1,0,0
chris brown,turn up the music,False,2012,0.719,0.55,0.833,0.727,0.142,0.0,0.0,0.162,0.647,130,227,Veloce (Allegro),C#,Major,C# Major,0,0,0,0,0,0,0,0,1,0,0,0,1,1,0,0,0
frank ocean,lost,True,2012,0.719,0.927,0.581,0.772,0.367,0.028,0.0,0.175,0.491,123,234,Veloce (Allegro),G#,Major,G# Major,0,0,0,0,0,0,0,0,1,0,0,0,1,1,0,0,0
calvin harris,let's go (feat. ne-yo),False,2012,0.742,0.687,0.876,0.869,0.066,0.008,0.008,0.328,0.895,128,232,Veloce (Allegro),E,Minor,E Minor,0,0,0,0,1,0,1,0,1,0,0,0,1,0,0,0,0
script,hall of fame (feat. will.i.am),False,2012,0.876,0.345,0.866,0.799,0.06,0.067,0.0,0.122,0.632,85,202,Moderato,A#,Major,A# Major,0,0,0,0,0,0,0,0,0,0,0,0,1,0,1,0,0
swedish house mafia,don't you worry child - radio edit,False,2012,0.854,0.571,0.832,0.858,0.05,0.115,0.0,0.114,0.428,129,212,Veloce (Allegro),B,Minor,B Minor,0,0,0,0,1,0,1,0,0,0,0,0,1,0,0,0,0
marina,how to be a heartbreaker,False,2012,0.562,0.663,0.892,0.782,0.05,0.014,0.0,0.104,0.867,140,221,Veloce (Allegro),B,Minor,B Minor,0,0,0,0,1,0,1,0,0,0,0,0,1,0,0,0,0
justin bieber,boyfriend,False,2012,0.708,0.695,0.524,0.716,0.052,0.037,0.002,0.126,0.313,97,171,Moderato,A#,Minor,A# Minor,0,0,0,0,0,0,0,0,0,0,0,0,1,0,0,0,0
david guetta,titanium (feat. sia),False,2012,0.888,0.562,0.775,0.832,0.144,0.07,0.152,0.127,0.281,126,245,Veloce (Allegro),C,Minor,C Minor,0,0,0,0,1,0,1,0,1,0,0,0,1,0,0,0,0
jessie j,domino,False,2011,0.832,0.744,0.532,0.788,0.02,0.012,0.0,0.024,0.795,127,231,Veloce (Allegro),G,Major,G Major,0,0,0,0,0,0,0,0,1,0,0,0,1,0,0,0,0
taylor swift,i knew you were trouble.,False,2012,0.663,0.583,0.439,0.678,0.024,0.005,0.0,0.014,0.686,77,219,Moderato,D#,Minor,D# Minor,0,0,0,0,0,0,0,0,0,0,0,0,1,0,0,0,0
schoolboy q,hands on the wheel (feat. asap rocky),True,2012,0.685,0.611,0.772,0.644,0.153,0.017,0.0,0.061,0.151,128,197,Veloce (Allegro),C#,Minor,C# Minor,0,0,0,0,0,0,0,0,1,0,0,0,1,0,0,0,0
p!nk,try,False,2012,0.854,0.644,0.607,0.664,0.012,0.002,0.0,0.088,0.55,104,247,Moderato,D,Major,D Major,0,0,0,0,0,0,0,0,0,0,0,0,1,0,0,0,0
robbie williams,candy,False,2012,0.764,0.693,0.78,0.686,0.033,0.038,0.0,0.058,0.9,116,201,Allegretto,A#,Major,A# Major,0,0,0,0,0,0,0,0,0,0,0,0,1,0,1,0,0
snoop dogg,"young, wild & free (feat. bruno mars)",True,2011,0.865,0.693,0.636,0.696,0.206,0.054,0.0,0.112,0.527,95,207,Moderato,C,Major,C Major,0,0,0,0,0,0,0,0,1,0,0,0,1,0,0,0,0
justin bieber,as long as you love me,False,2012,0.753,0.522,0.866,0.846,0.139,0.083,0.0,0.408,0.615,140,229,Veloce (Allegro),C,Minor,C Minor,0,0,0,0,0,0,0,0,0,0,0,0,1,0,0,0,0
rita ora,r.i.p. (feat. tinie tempah),False,2012,0.517,0.56,0.822,0.844,0.045,0.028,0.0,0.758,0.342,72,228,Lento (Adagio),B,Minor,B Minor,0,0,0,0,1,0,1,0,1,0,0,0,1,0,0,0,0
alex clare,too close,False,2011,0.674,0.543,0.677,0.802,0.028,0.01,0.0,0.11,0.249,126,256,Veloce (Allegro),B,Minor,B Minor,0,0,0,0,0,0,0,0,0,0,0,0,0,0,1,0,0
tyga,faded,True,2012,0.652,0.83,0.648,0.597,0.298,0.01,0.0,0.395,0.322,95,206,Moderato,C#,Major,C# Major,0,0,0,0,0,0,0,0,1,0,0,0,1,0,0,0,0
alesso,years - ラジオ・エディット,False,2012,0.0,0.285,0.814,0.705,0.104,0.002,0.0,0.183,0.305,128,195,Veloce (Allegro),D,Major,D Major,0,0,0,0,1,0,1,0,0,0,0,0,1,0,0,0,0
guy sebastian,battle scars (feat. lupe fiasco),False,2012,0.0,0.569,0.856,0.884,0.331,0.191,0.0,0.091,0.503,84,250,Moderato,F,Minor,F Minor,0,0,0,0,0,0,0,0,0,0,0,0,1,0,0,0,0
katy perry,the one that got away,False,2012,0.809,0.66,0.781,0.815,0.022,0.001,0.0,0.215,0.883,134,227,Veloce (Allegro),C#,Minor,C# Minor,0,0,0,0,0,0,0,0,0,0,0,0,1,0,0,0,0
avicii,silhouettes - original radio edit,False,2012,0.596,0.563,0.789,0.706,0.057,0.159,0.057,0.12,0.854,128,211,Veloce (Allegro),F,Minor,F Minor,0,0,0,0,1,0,1,0,0,0,0,0,1,0,0,0,0
gotye,somebody that i used to know,False,2011,0.64,0.868,0.5,0.673,0.023,0.622,0.0,0.103,0.68,129,244,Veloce (Allegro),C,Major,C Major,0,0,0,0,0,0,0,0,0,0,0,0,1,0,0,0,0
flo rida,wild ones (feat. sia),False,2012,0.865,0.566,0.853,0.751,0.058,0.102,0.0,0.289,0.427,127,232,Veloce (Allegro),F,Minor,F Minor,0,0,0,0,0,0,0,0,1,0,0,0,1,0,0,0,0
one direction,what makes you beautiful,False,2012,0.921,0.706,0.775,0.89,0.091,0.009,0.0,0.046,0.909,125,199,Veloce (Allegro),E,Major,E Major,0,0,0,0,0,0,0,0,0,0,0,0,1,0,0,0,0
lana del rey,born to die,False,2012,0.596,0.06,0.616,0.688,0.037,0.214,0.0,0.235,0.376,75,286,Lento (Adagio),E,Minor,E Minor,0,0,0,0,0,0,0,0,0,0,0,0,1,0,0,0,0
kesha,c'mon,False,2012,0.0,0.507,0.769,0.744,0.132,0.007,0.002,0.097,0.265,126,214,Veloce (Allegro),C#,Minor,C# Minor,0,0,0,0,1,0,1,0,0,0,0,0,1,0,0,0,0
owl city,good time,False,2012,0.865,0.509,0.866,0.803,0.211,0.024,0.0,0.42,0.689,126,205,Veloce (Allegro),D#,Major,D# Major,0,0,0,0,0,0,0,0,0,0,0,0,1,0,1,0,0
calvin harris,we'll be coming back (feat. example),False,2012,0.697,0.552,0.95,0.798,0.116,0.001,0.0,0.693,0.57,128,234,Veloce (Allegro),G,Major,G Major,0,0,0,0,1,0,1,0,1,0,0,0,1,0,0,0,0
emeli sande,"read all about it, pt. iii",False,2012,0.73,0.592,0.408,0.659,0.003,0.842,0.0,0.086,0.326,98,283,Moderato,D,Major,D Major,0,0,0,0,0,0,0,0,0,0,0,0,1,1,0,0,0
ellie goulding,lights - single version,False,2010,0.708,0.654,0.784,0.709,0.024,0.03,0.04,0.132,0.794,120,210,Allegretto,G#,Minor,G# Minor,0,0,0,0,1,0,1,0,0,0,0,0,1,0,1,0,0
train,drive by,False,2012,0.865,0.752,0.828,0.86,0.016,0.001,0.0,0.07,0.73,122,195,Veloce (Allegro),C#,Minor,C# Minor,0,0,0,0,0,0,0,0,0,0,0,0,1,0,0,0,0
disclosure,latch,False,2013,0.832,0.442,0.712,0.744,0.26,0.016,0.0,0.082,0.516,122,255,Veloce (Allegro),C#,Major,C# Major,0,0,0,0,1,0,1,0,0,0,0,0,1,0,0,0,0
coldplay,princess of china,False,2011,0.742,0.344,0.673,0.706,0.021,0.004,0.015,0.319,0.213,85,239,Moderato,A,Minor,A Minor,0,0,0,0,0,0,0,0,0,0,0,0,1,0,1,0,0
one direction,live while we're young,False,2012,0.0,0.625,0.828,0.912,0.056,0.064,0.0,0.091,0.96,126,200,Veloce (Allegro),D,Major,D Major,0,0,0,0,0,0,0,0,0,0,0,0,1,0,0,0,0
gym class heroes,ass back home (feat. neon hitch),True,2011,0.685,0.694,0.83,0.802,0.051,0.137,0.0,0.152,0.65,130,222,Veloce (Allegro),A#,Major,A# Major,0,0,0,0,0,0,0,0,1,0,0,0,1,0,0,0,0
carrie underwood,blown away,False,2012,0.708,0.475,0.835,0.887,0.036,0.093,0.0,0.008,0.378,137,240,Veloce (Allegro),A,Minor,A Minor,0,0,0,1,0,0,0,0,0,0,0,0,1,0,0,0,0
alt-j,breezeblocks,False,2012,0.798,0.576,0.637,0.653,0.02,0.098,0.001,0.221,0.265,150,227,Veloce (Allegro),F,Major,F Major,0,0,0,0,0,0,0,0,0,0,0,0,0,0,1,0,0
chris brown,don't wake me up,False,2012,0.697,0.559,0.674,0.757,0.05,0.056,0.0,0.147,0.18,128,222,Veloce (Allegro),G,Minor,G Minor,0,0,0,0,0,0,0,0,1,0,0,0,1,1,0,0,0
kelly clarkson,stronger (what doesn't kill you),False,2011,0.832,0.512,0.936,0.802,0.044,0.047,0.0,0.109,0.691,116,221,Allegretto,C,Major,C Major,0,0,0,0,0,0,0,0,0,0,0,0,1,1,0,0,0
drake,the motto,True,2011,0.832,0.753,0.41,0.591,0.602,0.0,0.0,0.108,0.376,202,181,Frenetico (Presto),C#,Major,C# Major,0,0,0,0,0,0,0,0,1,0,0,0,1,1,0,0,0
katy perry,wide awake,False,2012,0.73,0.455,0.665,0.762,0.024,0.077,0.0,0.446,0.574,160,220,Vivace,F,Major,F Major,0,0,0,0,0,0,0,0,0,0,0,0,1,0,0,0,0
rita ora,how we do (party),True,2012,0.539,0.72,0.918,0.819,0.109,0.004,0.0,0.093,0.696,116,247,Allegretto,G,Major,G Major,0,0,0,0,1,0,1,0,1,0,0,0,1,0,0,0,0
rudimental,feel the love (feat. john newman),False,2013,0.719,0.307,0.69,0.675,0.065,0.003,0.0,0.799,0.214,180,245,Frenetico (Presto),C#,Major,C# Major,0,0,0,0,1,0,1,0,0,0,0,0,1,0,0,0,0
lana del rey,ride,True,2012,0.742,0.288,0.668,0.741,0.02,0.131,0.0,0.435,0.161,94,289,Moderato,C,Major,C Major,0,0,0,0,0,0,0,0,0,0,0,0,1,0,0,0,0
ne-yo,let me love you (until you learn to love yourself),False,2012,0.775,0.625,0.659,0.686,0.029,0.254,0.0,0.417,0.224,125,251,Veloce (Allegro),F,Major,F Major,0,0,0,0,0,0,0,0,0,0,0,0,1,1,0,0,0
demi lovato,give your heart a break,False,2011,0.798,0.617,0.678,0.855,0.046,0.236,0.0,0.147,0.568,123,205,Veloce (Allegro),F#,Major,F# Major,0,0,0,0,0,0,0,0,0,0,0,0,1,0,0,0,0
drake,take care,True,2011,0.843,0.591,0.487,0.502,0.437,0.027,0.0,0.081,0.279,122,277,Veloce (Allegro),C,Minor,C Minor,0,0,0,0,0,0,0,0,1,0,0,0,1,1,0,0,0
little mix,wings,False,2012,0.0,0.72,0.869,0.858,0.188,0.001,0.001,0.317,0.535,115,219,Allegretto,G,Major,G Major,0,0,0,0,0,0,0,0,0,0,0,0,1,0,0,0,0
bruno mars,it will rain,False,2011,0.832,0.528,0.826,0.676,0.046,0.345,0.0,0.073,0.468,150,257,Veloce (Allegro),D,Major,D Major,0,0,0,0,0,0,0,0,0,0,0,0,1,0,0,0,0
cher lloyd,want u back,False,2011,0.753,0.67,0.888,0.867,0.096,0.068,0.0,0.543,0.572,98,214,Moderato,A,Major,A Major,0,0,0,0,1,0,1,0,0,0,0,0,1,0,0,0,0
lorde,royals,False,2013,0.865,0.644,0.395,0.544,0.179,0.124,0.0,0.133,0.32,85,190,Moderato,G,Major,G Major,0,0,0,0,1,0,1,0,0,0,0,0,1,0,0,0,0
robin thicke,blurred lines,False,2013,0.618,0.865,0.476,0.633,0.046,0.004,0.0,0.068,0.902,120,263,Allegretto,G,Major,G Major,0,0,0,0,0,0,0,0,0,0,0,0,1,1,0,0,0
imagine dragons,radioactive,False,2012,0.865,0.377,0.772,0.832,0.072,0.109,0.0,0.778,0.212,136,186,Veloce (Allegro),A,Major,A Major,0,0,0,0,0,0,0,0,0,0,0,0,0,0,1,0,0
avicii,wake me up,False,2013,0.067,0.476,0.771,0.732,0.053,0.004,0.001,0.168,0.647,124,247,Veloce (Allegro),D,Major,D Major,0,0,0,0,1,0,1,0,0,0,0,0,1,0,0,0,0
bruno mars,locked out of heaven,False,2012,0.955,0.706,0.681,0.808,0.036,0.05,0.0,0.346,0.887,144,233,Veloce (Allegro),F,Major,F Major,0,0,0,0,0,0,0,0,0,0,0,0,1,0,0,0,0
macklemore & ryan lewis,thrift shop (feat. wanz),True,2012,0.011,0.771,0.499,0.668,0.488,0.063,0.0,0.029,0.667,95,235,Moderato,F#,Minor,F# Minor,0,0,0,0,0,0,0,0,1,0,0,0,1,0,0,0,0
daft punk,get lucky (feat. pharrell williams & nile rodgers) - radio edit,False,2013,0.933,0.786,0.801,0.571,0.027,0.044,0.0,0.096,0.881,116,248,Allegretto,F#,Minor,F# Minor,0,0,0,0,1,0,1,0,1,0,0,0,0,0,0,0,0
will.i.am,scream & shout,True,2013,0.876,0.76,0.667,0.675,0.084,0.019,0.0,0.132,0.495,130,283,Veloce (Allegro),F,Major,F Major,0,0,0,0,0,0,0,0,1,0,0,0,1,0,0,0,0
stromae,papaoutai,False,2013,0.0,0.714,0.808,0.657,0.113,0.025,0.0,0.051,0.23,116,232,Allegretto,A#,Minor,A# Minor,0,0,0,0,0,0,0,0,0,0,0,0,1,0,0,0,0
bingo players,get up (rattle) - vocal edit,False,2013,0.011,0.794,0.985,0.881,0.075,0.021,0.0,0.33,0.732,128,166,Veloce (Allegro),G,Major,G Major,0,0,0,0,1,0,1,0,0,0,0,0,1,0,0,0,0
naughty boy,la la la,False,2013,0.652,0.739,0.659,0.796,0.015,0.115,0.0,0.108,0.231,125,220,Veloce (Allegro),F#,Minor,F# Minor,0,0,0,0,1,0,1,0,0,0,0,0,0,0,0,0,0
tom odell,another love,True,2013,0.989,0.374,0.511,0.592,0.03,0.712,0.0,0.088,0.099,123,244,Veloce (Allegro),E,Minor,E Minor,0,0,0,0,0,0,0,0,0,0,0,0,1,0,0,0,0
2 chainz,we own it (fast & furious),False,2013,0.775,0.513,0.897,0.787,0.685,0.056,0.0,0.037,0.557,172,227,Vivace,C#,Minor,C# Minor,0,0,0,0,0,0,0,0,1,0,0,0,1,0,0,0,0
david guetta,play hard (feat. ne-yo & akon),False,2012,0.775,0.664,0.917,0.93,0.054,0.177,0.0,0.372,0.815,130,201,Veloce (Allegro),G#,Minor,G# Minor,0,0,0,0,1,0,1,0,1,0,0,0,1,0,0,0,0
pitbull,feel this moment (feat. christina aguilera),False,2012,0.865,0.643,0.745,0.834,0.244,0.04,0.0,0.384,0.539,136,229,Veloce (Allegro),G,Major,G Major,0,0,0,0,0,0,0,0,1,0,1,0,1,0,0,0,0
will.i.am,#thatpower,False,2013,0.764,0.79,0.586,0.712,0.064,0.001,0.0,0.064,0.389,128,279,Veloce (Allegro),F#,Minor,F# Minor,0,0,0,0,0,0,0,0,1,0,0,0,1,0,0,0,0
lil wayne,love me,True,2013,0.764,0.638,0.613,0.694,0.017,0.013,0.0,0.088,0.49,125,255,Veloce (Allegro),B,Major,B Major,0,0,0,0,0,0,0,0,1,0,0,0,1,0,0,0,0
macklemore & ryan lewis,can't hold us (feat. ray dalton),False,2012,0.91,0.605,0.918,0.793,0.1,0.03,0.0,0.078,0.865,146,258,Veloce (Allegro),D,Major,D Major,0,0,0,0,0,0,0,0,1,0,0,0,1,0,0,0,0
martin garrix,animals - radio edit,False,2013,0.0,0.548,0.91,0.749,0.024,0.001,0.452,0.06,0.0,128,176,Veloce (Allegro),C#,Major,C# Major,0,0,0,0,1,0,1,0,0,0,0,0,1,0,0,0,0
jason derulo,talk dirty (feat. 2 chainz),True,2013,0.629,0.746,0.632,0.652,0.378,0.036,0.0,0.343,0.771,100,177,Moderato,F#,Major,F# Major,0,0,0,0,0,0,0,0,1,0,0,0,1,0,0,0,0
john newman,love me again,False,2013,0.832,0.433,0.889,0.776,0.038,0.005,0.001,0.098,0.187,126,239,Veloce (Allegro),D,Minor,D Minor,0,0,0,0,0,0,0,0,0,0,0,0,1,0,0,0,0
britney spears,work b**ch,True,2013,0.0,0.592,0.806,0.691,0.229,0.127,0.001,0.048,0.868,128,247,Veloce (Allegro),A,Major,A Major,0,0,0,0,0,0,0,0,0,0,0,0,1,0,0,0,0
neighbourhood,sweater weather,False,2013,1.0,0.571,0.797,0.875,0.019,0.051,0.018,0.096,0.385,124,240,Veloce (Allegro),A#,Major,A# Major,0,0,0,0,0,0,0,0,0,0,0,0,1,0,1,0,0
sebastian ingrosso,reload - radio edit,False,2013,0.764,0.421,0.709,0.785,0.052,0.075,0.0,0.05,0.422,128,221,Veloce (Allegro),A,Minor,A Minor,0,0,0,0,1,0,1,0,0,0,0,0,1,0,0,0,0
capital cities,safe and sound,False,2013,0.0,0.618,0.771,0.775,0.014,0.0,0.018,0.081,0.854,118,192,Allegretto,C,Major,C Major,0,0,0,0,0,0,0,0,0,0,0,0,1,0,0,0,0
demi lovato,heart attack,False,2013,0.888,0.443,0.773,0.776,0.146,0.076,0.0,0.262,0.496,174,210,Vivace,G#,Major,G# Major,0,0,0,0,0,0,0,0,0,0,0,0,1,0,0,0,0
arctic monkeys,why'd you only call me when you're high?,False,2013,0.944,0.664,0.61,0.694,0.025,0.05,0.0,0.099,0.815,92,161,Moderato,D,Major,D Major,0,0,0,0,0,0,0,0,0,0,0,0,0,0,1,0,0
justin bieber,beauty and a beat,False,2012,0.82,0.559,0.835,0.775,0.065,0.001,0.0,0.056,0.522,128,227,Veloce (Allegro),C,Major,C Major,0,0,0,0,0,0,0,0,0,0,0,0,1,0,0,0,0
eminem,the monster,True,2013,0.843,0.771,0.845,0.832,0.087,0.054,0.0,0.118,0.627,110,250,Allegretto,C#,Minor,C# Minor,0,0,0,0,0,0,0,0,1,0,0,0,0,0,0,0,0
pitbull,don't stop the party (feat. tjr),False,2012,0.719,0.701,0.957,0.835,0.123,0.007,0.0,0.425,0.978,127,206,Veloce (Allegro),E,Major,E Major,0,0,0,0,0,0,0,0,1,0,1,0,1,0,0,0,0
selena gomez,come & get it,False,2013,0.775,0.493,0.775,0.811,0.052,0.01,0.0,0.071,0.572,80,231,Moderato,G,Minor,G Minor,0,0,0,0,0,0,0,0,0,0,0,0,1,0,0,0,0
p!nk,true love (feat. lily allen),True,2012,0.798,0.388,0.814,0.778,0.521,0.002,0.0,0.104,0.578,192,230,Frenetico (Presto),A,Major,A Major,0,0,0,0,0,0,0,0,0,0,0,0,1,0,0,0,0
disclosure,white noise,False,2013,0.607,0.634,0.836,0.709,0.049,0.01,0.0,0.348,0.924,120,277,Allegretto,A#,Minor,A# Minor,0,0,0,0,1,0,1,0,0,0,0,0,1,0,0,0,0
flo rida,i cry,False,2012,0.674,0.667,0.812,0.745,0.037,0.006,0.0,0.353,0.775,126,223,Veloce (Allegro),E,Minor,E Minor,0,0,0,0,0,0,0,0,1,0,0,0,1,0,0,0,0
kanye west,black skinhead,True,2013,0.0,0.531,0.816,0.712,0.54,0.001,0.0,0.186,0.262,130,188,Veloce (Allegro),C#,Major,C# Major,0,0,0,0,0,0,0,0,1,0,0,0,0,0,0,0,0
lana del rey,summertime sadness (lana del rey vs. cedric gervais) - cedric gervais remix,False,2013,0.809,0.524,0.8,0.728,0.059,0.016,0.0,0.13,0.077,126,214,Veloce (Allegro),C#,Minor,C# Minor,0,0,0,0,0,0,0,0,0,0,0,0,1,0,0,0,0
eminem,berzerk,True,2013,0.742,0.721,0.866,0.813,0.56,0.022,0.0,0.287,0.691,95,238,Moderato,B,Minor,B Minor,0,0,0,0,0,0,0,0,1,0,0,0,0,0,0,0,0
icona pop,i love it (feat. charli xcx),True,2013,0.764,0.688,0.902,0.882,0.009,0.01,0.0,0.158,0.841,126,157,Veloce (Allegro),G#,Major,G# Major,0,0,0,0,1,0,1,0,0,0,0,0,1,0,0,0,0
fall out boy,my songs know what you did in the dark (light em up),False,2013,0.798,0.507,0.921,0.799,0.074,0.028,0.0,0.62,0.566,152,186,Veloce (Allegro),A,Minor,A Minor,0,0,0,0,0,0,0,0,0,0,0,0,0,0,1,0,0
lorde,team,False,2013,0.0,0.664,0.558,0.646,0.128,0.166,0.0,0.271,0.416,100,193,Moderato,F#,Major,F# Major,0,0,0,0,1,0,1,0,0,0,0,0,1,0,0,0,0
avicii,i could be the one (avicii vs. nicky romero) - radio edit,False,2012,0.764,0.449,0.779,0.827,0.026,0.34,0.0,0.354,0.642,128,208,Veloce (Allegro),F#,Minor,F# Minor,0,0,0,0,1,0,1,0,0,0,0,0,1,0,0,0,0
imagine dragons,demons,False,2012,0.91,0.444,0.694,0.865,0.016,0.195,0.0,0.298,0.417,90,177,Moderato,D#,Major,D# Major,0,0,0,0,0,0,0,0,0,0,0,0,0,0,1,0,0
one direction,one way or another (teenage kicks),False,2013,0.742,0.426,0.86,0.859,0.086,0.026,0.0,0.679,0.397,162,157,Vivace,E,Minor,E Minor,0,0,0,0,0,0,0,0,0,0,0,0,1,0,0,0,0
taylor swift,i knew you were trouble.,False,2012,0.854,0.583,0.439,0.678,0.024,0.005,0.0,0.014,0.686,77,219,Moderato,D#,Minor,D# Minor,0,0,0,0,0,0,0,0,0,0,0,0,1,0,0,0,0
arctic monkeys,do i wanna know?,False,2013,0.944,0.495,0.505,0.638,0.016,0.191,0.0,0.235,0.392,85,272,Moderato,F,Major,F Major,0,0,0,0,0,0,0,0,0,0,0,0,0,0,1,0,0
rudimental,waiting all night (feat. ella eyre),False,2013,0.742,0.49,0.713,0.749,0.048,0.003,0.01,0.488,0.26,175,292,Vivace,F#,Minor,F# Minor,0,0,0,0,1,0,1,0,0,0,0,0,1,0,0,0,0
klangkarussell,sonnentanz - sun don't shine,False,2014,0.764,0.532,0.523,0.605,0.122,0.106,0.02,0.09,0.125,120,238,Allegretto,F,Minor,F Minor,0,0,0,0,1,0,1,0,0,0,0,0,1,0,0,0,0
calvin harris,drinking from the bottle (feat. tinie tempah),False,2012,0.685,0.634,0.88,0.807,0.051,0.048,0.0,0.037,0.526,128,240,Veloce (Allegro),A,Minor,A Minor,0,0,0,0,1,0,1,0,1,0,0,0,1,0,0,0,0
a$ap rocky,"f**kin' problems (feat. drake, 2 chainz & kendrick lamar)",True,2013,0.854,0.856,0.676,0.674,0.456,0.024,0.0,0.106,0.667,96,233,Moderato,C#,Major,C# Major,0,0,0,0,0,0,0,0,1,0,0,0,0,0,0,0,0
p!nk,try,False,2012,0.854,0.644,0.607,0.664,0.012,0.002,0.0,0.088,0.55,104,247,Moderato,D,Major,D Major,0,0,0,0,0,0,0,0,0,0,0,0,1,0,0,0,0
ylvis,the fox (what does the fox say?),False,2013,0.708,0.678,0.86,0.802,0.04,0.11,0.0,0.117,0.543,128,213,Veloce (Allegro),F#,Major,F# Major,0,0,0,0,0,0,0,0,1,0,0,0,0,0,0,0,0
ellie goulding,burn,False,2014,0.786,0.508,0.765,0.765,0.036,0.318,0.0,0.1,0.311,87,231,Moderato,C#,Major,C# Major,0,0,0,0,1,0,1,0,0,0,0,0,1,0,1,0,0
baauer,harlem shake,False,2013,0.64,0.382,0.783,0.759,0.045,0.011,0.002,0.474,0.261,138,196,Veloce (Allegro),C,Major,C Major,0,0,0,0,1,0,1,0,0,0,0,0,0,0,0,0,0
calvin harris,i need your love (feat. ellie goulding),False,2012,0.786,0.669,0.862,0.763,0.045,0.42,0.0,0.259,0.58,125,234,Veloce (Allegro),G#,Major,G# Major,0,0,0,0,1,0,1,0,1,0,0,0,1,0,0,0,0
katy perry,this is how we do,False,2013,0.674,0.663,0.616,0.716,0.041,0.021,0.0,0.151,0.815,96,204,Moderato,A,Minor,A Minor,0,0,0,0,0,0,0,0,0,0,0,0,1,0,0,0,0
awolnation,sail,False,2011,0.022,0.823,0.403,0.54,0.061,0.463,0.618,0.089,0.219,119,259,Allegretto,C#,Major,C# Major,0,0,0,0,0,0,0,0,0,0,0,0,1,0,1,0,0
duke dumont,need u (100%) [feat. a*m*e] - radio edit,False,2013,0.303,0.652,0.826,0.732,0.047,0.002,0.002,0.4,0.461,124,174,Veloce (Allegro),C,Minor,C Minor,0,0,0,0,1,0,1,0,0,0,0,0,1,0,0,0,0
jason derulo,the other side,False,2013,0.562,0.511,0.827,0.819,0.139,0.054,0.0,0.138,0.512,128,226,Veloce (Allegro),A,Major,A Major,0,0,0,0,0,0,0,0,1,0,0,0,1,0,0,0,0
storm queen,look right through - mk vocal edit,False,2014,0.0,0.831,0.805,0.617,0.105,0.003,0.006,0.29,0.514,120,150,Allegretto,C,Minor,C Minor,0,0,0,0,1,0,1,0,0,0,0,0,0,0,0,0,0
calvin harris,sweet nothing (feat. florence welch),False,2012,0.798,0.525,0.926,0.819,0.155,0.202,0.0,0.042,0.582,128,212,Veloce (Allegro),G#,Minor,G# Minor,0,0,0,0,1,0,1,0,1,0,0,0,1,0,0,0,0
katy perry,unconditionally,False,2013,0.0,0.503,0.714,0.776,0.028,0.004,0.0,0.226,0.354,129,228,Veloce (Allegro),G,Major,G Major,0,0,0,0,0,0,0,0,0,0,0,0,1,0,0,0,0
wale,bad (feat. rihanna) - remix,True,2013,0.685,0.801,0.685,0.688,0.093,0.314,0.0,0.108,0.437,114,238,Allegretto,F#,Minor,F# Minor,0,0,0,0,0,0,0,0,1,0,0,0,1,1,0,0,0
ciara,body party,False,2013,0.719,0.53,0.552,0.702,0.06,0.015,0.0,0.698,0.088,134,234,Veloce (Allegro),D,Major,D Major,0,0,0,0,0,0,0,0,0,0,0,0,1,1,0,0,0
drake,started from the bottom,True,2013,0.73,0.786,0.496,0.627,0.249,0.034,0.0,0.162,0.558,86,174,Moderato,G#,Major,G# Major,0,0,0,0,0,0,0,0,1,0,0,0,1,1,0,0,0
birdy,wings,False,2013,0.539,0.408,0.691,0.79,0.004,0.085,0.0,0.169,0.199,83,252,Moderato,G,Major,G Major,0,0,0,0,0,0,0,0,0,0,0,0,1,0,0,0,0
bastille,of the night,False,2013,0.685,0.64,0.82,0.658,0.035,0.02,0.0,0.081,0.332,125,214,Veloce (Allegro),F,Minor,F Minor,0,0,0,0,0,0,0,0,0,0,0,0,1,0,1,0,0
olly murs,dear darlin',False,2012,0.663,0.453,0.819,0.783,0.04,0.006,0.0,0.117,0.323,124,206,Veloce (Allegro),B,Minor,B Minor,0,0,0,0,1,0,1,0,0,0,0,0,1,0,0,0,0
katy perry,roar,False,2013,0.82,0.502,0.76,0.775,0.034,0.005,0.0,0.4,0.446,180,223,Frenetico (Presto),G,Minor,G Minor,0,0,0,0,0,0,0,0,0,0,0,0,1,0,0,0,0
blake shelton,sure be cool if you did,False,2013,0.629,0.528,0.711,0.785,0.021,0.261,0.0,0.104,0.582,137,215,Veloce (Allegro),B,Major,B Major,0,0,0,1,0,0,0,0,0,0,0,0,0,0,0,0,0
calvin harris,thinking about you (feat. ayah marar),False,2012,0.73,0.704,0.868,0.83,0.03,0.003,0.0,0.089,0.759,128,247,Veloce (Allegro),C,Minor,C Minor,0,0,0,0,1,0,1,0,1,0,0,0,1,0,0,0,0
jay-z,holy grail,True,2013,0.697,0.647,0.507,0.673,0.108,0.061,0.0,0.282,0.126,145,338,Veloce (Allegro),D,Minor,D Minor,0,0,0,0,0,0,0,0,1,0,0,0,0,0,0,0,0
bridgit mendler,ready or not,False,2012,0.809,0.693,0.866,0.824,0.05,0.004,0.0,0.103,0.759,93,200,Moderato,D,Major,D Major,0,0,0,0,0,0,0,0,0,0,0,0,1,0,0,0,0
saturdays,what about us,False,2013,0.685,0.68,0.662,0.779,0.063,0.006,0.0,0.23,0.696,124,220,Veloce (Allegro),G,Major,G Major,0,0,0,0,1,0,1,0,0,0,0,0,1,0,0,0,0
bastille,pompeii,False,2013,0.832,0.65,0.699,0.698,0.032,0.077,0.0,0.3,0.57,127,214,Veloce (Allegro),A,Major,A Major,0,0,0,0,0,0,0,0,0,0,0,0,1,0,1,0,0
one direction,best song ever,False,2013,0.854,0.618,0.871,0.866,0.042,0.023,0.0,0.069,0.479,118,200,Allegretto,C#,Major,C# Major,0,0,0,0,0,0,0,0,0,0,0,0,1,0,0,0,0
nelly,hey porsche,True,2013,0.64,0.706,0.784,0.784,0.01,0.139,0.0,0.814,0.978,116,209,Allegretto,A,Major,A Major,0,0,0,0,0,0,0,0,1,0,0,0,1,1,0,0,0
zedd,clarity,False,2012,0.0,0.466,0.768,0.842,0.094,0.038,0.0,0.064,0.166,128,271,Veloce (Allegro),G#,Major,G# Major,0,0,0,0,1,0,1,0,1,0,0,0,1,0,0,0,0
miley cyrus,wrecking ball,False,2013,0.865,0.474,0.389,0.704,0.02,0.417,0.0,0.103,0.332,120,221,Allegretto,F,Major,F Major,0,0,0,0,0,0,0,0,0,0,0,0,1,0,0,0,0
chris brown,fine china,False,2013,0.0,0.626,0.72,0.778,0.059,0.048,0.0,0.108,0.611,104,213,Moderato,A#,Minor,A# Minor,0,0,0,0,0,0,0,0,1,0,0,0,1,1,0,0,0
daft punk,lose yourself to dance (feat. pharrell williams),False,2013,0.775,0.831,0.64,0.627,0.061,0.086,0.001,0.065,0.68,100,353,Moderato,A#,Minor,A# Minor,0,0,0,0,1,0,1,0,1,0,0,0,0,0,0,0,0
armin van buuren,this is what it feels like,False,2013,0.742,0.499,0.824,0.756,0.012,0.04,0.0,0.05,0.114,130,204,Veloce (Allegro),G#,Major,G# Major,0,0,0,0,1,0,1,0,0,0,0,0,1,0,0,0,0
justin timberlake,mirrors,False,2013,0.876,0.526,0.484,0.684,0.049,0.24,0.0,0.088,0.507,77,484,Moderato,F,Minor,F Minor,0,0,0,0,0,0,0,0,0,0,0,0,1,0,0,0,0
bruno mars,treasure,True,2012,0.876,0.881,0.675,0.753,0.036,0.042,0.0,0.364,0.962,116,178,Allegretto,F,Minor,F Minor,0,0,0,0,0,0,0,0,0,0,0,0,1,0,0,0,0
of monsters and men,little talks,False,2012,0.888,0.388,0.744,0.758,0.016,0.021,0.0,0.15,0.405,103,266,Moderato,C#,Major,C# Major,1,0,0,0,0,0,0,1,0,0,0,0,1,0,1,0,0
miley cyrus,we can't stop,False,2013,0.876,0.572,0.601,0.727,0.018,0.009,0.0,0.419,0.477,80,231,Moderato,C#,Minor,C# Minor,0,0,0,0,0,0,0,0,0,0,0,0,1,0,0,0,0
j. cole,power trip (feat. miguel),True,2013,0.0,0.636,0.588,0.665,0.351,0.33,0.0,0.486,0.457,100,241,Moderato,C#,Major,C# Major,0,0,0,0,0,0,0,0,1,0,0,0,0,0,0,0,0
paramore,still into you,False,2013,0.888,0.559,0.92,0.828,0.038,0.01,0.0,0.042,0.778,136,216,Veloce (Allegro),F,Major,F Major,0,0,0,0,0,0,0,0,0,0,0,0,1,0,1,0,0
christina perri,human,False,2013,0.663,0.366,0.46,0.703,0.025,0.135,0.001,0.111,0.23,144,250,Veloce (Allegro),G#,Major,G# Major,0,0,0,0,0,0,0,0,0,0,0,0,1,0,0,0,0
drake,"hold on, we're going home",False,2013,0.809,0.761,0.38,0.646,0.132,0.004,0.0,0.062,0.268,100,227,Moderato,F#,Minor,F# Minor,0,0,0,0,0,0,0,0,1,0,0,0,1,1,0,0,0
james blunt,bonfire heart,False,2013,0.0,0.527,0.812,0.732,0.053,0.185,0.0,0.123,0.44,118,238,Allegretto,C,Major,C Major,0,0,0,0,0,0,0,0,0,0,0,0,1,0,0,0,0
maroon 5,daylight,False,2012,0.742,0.623,0.656,0.743,0.007,0.002,0.0,0.281,0.354,120,225,Allegretto,G,Major,G Major,0,0,0,0,0,0,0,0,0,0,0,0,1,0,0,0,0
childish gambino,3005,True,2013,0.0,0.652,0.432,0.69,0.481,0.131,0.0,0.067,0.666,83,235,Moderato,F#,Minor,F# Minor,0,0,0,0,0,0,0,0,1,0,0,0,0,0,0,0,0
avril lavigne,here's to never growing up,True,2013,0.0,0.418,0.864,0.861,0.141,0.015,0.0,0.473,0.725,165,214,Vivace,C,Major,C Major,0,0,0,0,0,0,0,0,0,0,0,0,1,0,0,0,0
taylor swift,22,False,2012,0.764,0.629,0.714,0.689,0.026,0.002,0.001,0.032,0.674,104,232,Moderato,G,Major,G Major,0,0,0,0,0,0,0,0,0,0,0,0,1,0,0,0,0
passenger,let her go,False,2012,0.82,0.449,0.512,0.651,0.062,0.394,0.0,0.099,0.22,75,252,Lento (Adagio),G,Major,G Major,0,0,0,0,0,0,0,0,0,0,0,0,1,0,0,0,0
ariana grande,the way,False,2013,0.73,0.61,0.872,0.855,0.162,0.301,0.0,0.066,0.881,82,227,Moderato,F,Minor,F Minor,0,0,0,0,0,0,0,0,0,0,0,0,1,0,0,0,0
rihanna,stay,False,2012,0.854,0.582,0.27,0.511,0.009,0.968,0.0,0.115,0.093,112,240,Allegretto,A,Minor,A Minor,0,0,0,0,0,0,0,0,1,0,0,0,1,1,0,0,0
justin timberlake,suit & tie (feat. jay-z),True,2013,0.753,0.787,0.573,0.826,0.354,0.106,0.0,0.171,0.341,102,326,Moderato,B,Minor,B Minor,0,0,0,0,0,0,0,0,0,0,0,0,1,0,0,0,0
bruno mars,when i was your man,False,2012,0.933,0.571,0.238,0.586,0.036,0.955,0.0,0.08,0.373,73,213,Lento (Adagio),C,Major,C Major,0,0,0,0,0,0,0,0,0,0,0,0,1,0,0,0,0
florida georgia line,cruise,False,2012,0.64,0.388,0.946,0.847,0.022,0.02,0.0,0.039,0.898,148,208,Veloce (Allegro),A#,Major,A# Major,0,0,0,1,0,0,0,0,0,0,0,0,0,0,0,0,0
pharrell williams,"happy - from ""despicable me 2""",False,2014,0.888,0.612,0.812,0.783,0.289,0.224,0.0,0.083,0.988,160,232,Vivace,F,Minor,F Minor,0,0,0,0,0,0,0,0,1,0,0,0,1,0,0,0,0
katy perry,dark horse,False,2013,0.832,0.612,0.562,0.711,0.051,0.003,0.0,0.173,0.337,132,215,Veloce (Allegro),F#,Major,F# Major,0,0,0,0,0,0,0,0,0,0,0,0,1,0,0,0,0
schoolboy q,collard greens,True,2014,0.0,0.824,0.547,0.773,0.074,0.024,0.0,0.223,0.672,154,299,Veloce (Allegro),B,Major,B Major,0,0,0,0,0,0,0,0,1,0,0,0,1,0,0,0,0
iggy azalea,fancy,True,2014,0.775,0.926,0.7,0.809,0.084,0.093,0.0,0.033,0.362,95,199,Moderato,A#,Minor,A# Minor,0,0,0,0,0,0,0,0,1,0,0,0,1,0,0,0,0
maroon 5,animals,False,2014,0.888,0.177,0.728,0.694,0.12,0.0,0.0,0.687,0.31,190,231,Frenetico (Presto),E,Minor,E Minor,0,0,0,0,0,0,0,0,0,0,0,0,1,0,0,0,0
sam smith,stay with me,False,2014,0.899,0.342,0.387,0.695,0.033,0.602,0.0,0.106,0.156,84,172,Moderato,C,Major,C Major,0,0,0,0,0,0,0,0,0,0,0,0,1,0,0,0,0
magic!,rude,False,2014,0.899,0.761,0.745,0.767,0.027,0.043,0.0,0.341,0.949,144,224,Veloce (Allegro),C#,Major,C# Major,0,0,0,0,0,0,0,0,0,0,0,0,1,0,0,0,0
sia,chandelier,False,2014,0.876,0.319,0.775,0.871,0.048,0.02,0.0,0.056,0.571,117,216,Allegretto,C#,Major,C# Major,0,0,0,0,0,0,0,0,0,0,0,0,1,0,0,0,0
john legend,all of me,False,2013,0.944,0.346,0.222,0.665,0.016,0.945,0.0,0.133,0.313,120,269,Allegretto,G#,Major,G# Major,0,0,0,0,0,0,0,0,0,0,0,0,1,1,0,0,0
zhu,faded,False,2014,0.551,0.865,0.445,0.658,0.046,0.009,0.121,0.121,0.6,125,223,Veloce (Allegro),A,Minor,A Minor,0,0,0,0,1,0,1,0,0,0,0,0,0,0,0,0,0
meghan trainor,all about that bass,True,2015,0.809,0.801,0.881,0.83,0.049,0.059,0.0,0.123,0.987,134,187,Veloce (Allegro),A,Major,A Major,0,0,0,0,0,0,0,0,0,0,0,0,1,0,0,0,0
david guetta,lovers on the sun (feat. sam martin),False,2014,0.562,0.61,0.886,0.89,0.028,0.096,0.0,0.43,0.567,125,203,Veloce (Allegro),F#,Minor,F# Minor,0,0,0,0,1,0,1,0,1,0,0,0,1,0,0,0,0
iggy azalea,black widow,True,2014,0.753,0.726,0.704,0.828,0.182,0.197,0.0,0.105,0.514,164,209,Vivace,B,Major,B Major,0,0,0,0,0,0,0,0,1,0,0,0,1,0,0,0,0
tove lo,habits (stay high),False,2014,0.832,0.714,0.63,0.839,0.015,0.072,0.0,0.074,0.332,110,209,Allegretto,F,Major,F Major,0,0,0,0,1,0,1,0,0,0,0,0,1,0,0,0,0
oliver heldens,gecko (overdrive) - radio edit,False,2014,0.753,0.567,0.879,0.743,0.074,0.005,0.0,0.378,0.772,125,165,Veloce (Allegro),C,Major,C Major,0,0,0,0,1,0,1,0,0,0,0,0,1,0,0,0,0
dj snake,you know you like it,False,2014,0.775,0.329,0.71,0.75,0.298,0.014,0.0,0.342,0.223,196,247,Frenetico (Presto),F,Minor,F Minor,0,0,0,0,1,0,1,0,1,0,0,0,1,0,0,0,0
jason derulo,talk dirty (feat. 2 chainz),True,2013,0.629,0.746,0.632,0.652,0.378,0.036,0.0,0.343,0.771,100,177,Moderato,F#,Major,F# Major,0,0,0,0,0,0,0,0,1,0,0,0,1,0,0,0,0
maroon 5,maps,False,2014,0.0,0.719,0.708,0.741,0.011,0.018,0.0,0.055,0.914,120,189,Allegretto,C#,Minor,C# Minor,0,0,0,0,0,0,0,0,0,0,0,0,1,0,0,0,0
david guetta,bad (feat. vassy) - radio edit,False,2014,0.506,0.573,0.971,0.82,0.117,0.001,0.019,0.369,0.399,128,170,Veloce (Allegro),F,Minor,F Minor,0,0,0,0,1,0,1,0,1,0,0,0,1,0,0,0,0
tinashe,2 on (feat. schoolboy q),True,2014,0.798,0.725,0.572,0.643,0.152,0.154,0.0,0.108,0.42,101,227,Moderato,A,Major,A Major,0,0,0,0,1,0,1,0,1,0,0,0,1,1,0,0,0
route 94,my love (feat. jess glynne),False,2014,0.809,0.81,0.601,0.639,0.047,0.0,0.731,0.053,0.736,120,259,Allegretto,G#,Major,G# Major,0,0,0,0,1,0,1,0,0,0,0,0,1,0,0,0,0
taylor swift,bad blood,False,2014,0.607,0.611,0.783,0.712,0.302,0.091,0.0,0.216,0.266,170,211,Vivace,G,Major,G Major,0,0,0,0,0,0,0,0,0,0,0,0,1,0,0,0,0
trey songz,na na,False,2015,0.697,0.64,0.446,0.705,0.032,0.336,0.0,0.099,0.211,97,231,Moderato,A,Minor,A Minor,0,0,0,0,0,0,0,0,1,0,0,0,1,1,0,0,0
calvin harris,under control (feat. hurts),False,2014,0.809,0.49,0.911,0.845,0.11,0.132,0.001,0.112,0.505,126,184,Veloce (Allegro),G#,Major,G# Major,0,0,0,0,1,0,1,0,1,0,0,0,1,0,0,0,0
o.t. genasis,coco,True,2014,0.685,0.895,0.607,0.72,0.195,0.002,0.0,0.347,0.15,120,239,Allegretto,G#,Major,G# Major,0,0,0,0,0,0,0,0,1,0,0,0,1,0,0,0,0
jason derulo,wiggle (feat. snoop dogg),False,2013,0.742,0.671,0.6,0.673,0.41,0.082,0.0,0.169,0.73,82,193,Moderato,A,Minor,A Minor,0,0,0,0,0,0,0,0,1,0,0,0,1,0,0,0,0
lilly wood and the prick,prayer in c - robin schulz radio edit,False,2014,0.742,0.746,0.88,0.749,0.005,0.022,0.0,0.723,0.794,123,189,Veloce (Allegro),A,Minor,A Minor,0,0,0,0,0,0,0,0,0,0,0,0,1,0,1,0,0
jeremih,don't tell 'em,True,2015,0.832,0.859,0.5,0.756,0.138,0.402,0.0,0.106,0.372,98,266,Moderato,D,Major,D Major,0,0,0,0,0,0,0,0,1,0,0,0,1,1,0,0,0
nicki minaj,anaconda,True,2014,0.742,0.987,0.583,0.706,0.282,0.068,0.0,0.232,0.65,130,260,Veloce (Allegro),A,Major,A Major,0,0,0,0,0,0,0,0,1,0,0,0,1,0,0,0,0
calvin harris,blame (feat. john newman),False,2014,0.843,0.337,0.85,0.812,0.104,0.029,0.006,0.387,0.332,128,212,Veloce (Allegro),C,Minor,C Minor,0,0,0,0,1,0,1,0,1,0,0,0,1,0,0,0,0
dj snake,turn down for what,False,2013,0.786,0.814,0.788,0.811,0.24,0.001,0.13,0.043,0.046,100,213,Moderato,C#,Minor,C# Minor,0,0,0,0,1,0,1,0,1,0,0,0,1,0,0,0,0
pitbull,timber (feat. ke$ha),False,2012,0.899,0.534,0.962,0.812,0.136,0.03,0.0,0.141,0.802,130,204,Veloce (Allegro),B,Major,B Major,0,0,0,0,0,0,0,0,1,0,1,0,1,0,0,0,0
onerepublic,counting stars,False,2014,0.697,0.631,0.689,0.768,0.028,0.067,0.0,0.115,0.47,122,257,Veloce (Allegro),C#,Minor,C# Minor,0,0,0,0,0,0,0,0,0,0,0,0,1,0,0,0,0
bobby shmurda,hot n*gga,True,2014,0.82,0.786,0.482,0.652,0.718,0.052,0.0,0.042,0.152,168,194,Vivace,A,Major,A Major,0,0,0,0,0,0,0,0,1,0,0,0,1,0,0,0,0
calvin harris,summer,False,2014,0.236,0.56,0.854,0.838,0.017,0.022,0.044,0.094,0.729,128,224,Veloce (Allegro),E,Minor,E Minor,0,0,0,0,1,0,1,0,1,0,0,0,1,0,0,0,0
schoolboy q,man of the year,True,2014,0.0,0.726,0.854,0.755,0.036,0.005,0.0,0.192,0.378,112,216,Allegretto,D#,Major,D# Major,0,0,0,0,0,0,0,0,1,0,0,0,1,0,0,0,0
nico & vinz,am i wrong,False,2014,0.854,0.709,0.657,0.717,0.014,0.179,0.0,0.636,0.792,120,245,Allegretto,G#,Major,G# Major,0,0,0,0,0,0,0,0,1,0,0,0,1,0,0,0,0
becky g,shower,False,2014,0.876,0.674,0.502,0.641,0.046,0.032,0.0,0.317,0.089,120,206,Allegretto,D,Major,D Major,0,0,0,0,0,0,0,0,0,0,1,0,1,0,0,0,0
sigma,nobody to love - radio edit,False,2014,0.697,0.369,0.917,0.85,0.037,0.0,0.0,0.187,0.154,175,189,Vivace,G#,Major,G# Major,0,0,0,0,1,0,1,0,0,0,0,0,1,0,0,0,0
chainsmokers,#selfie - original mix,False,2014,0.0,0.78,0.911,0.852,0.407,0.014,0.0,0.072,0.665,128,183,Veloce (Allegro),C,Major,C Major,0,0,0,0,1,0,1,0,0,0,0,0,1,0,0,0,0
lorde,team,False,2013,0.854,0.663,0.554,0.646,0.126,0.171,0.0,0.341,0.404,100,193,Moderato,F#,Major,F# Major,0,0,0,0,1,0,1,0,0,0,0,0,1,0,0,0,0
rixton,me and my broken heart,False,2014,0.865,0.492,0.771,0.803,0.02,0.005,0.0,0.133,0.549,174,193,Vivace,F,Minor,F Minor,0,0,0,0,0,0,0,0,0,0,0,0,1,0,0,0,0
klingande,jubel - radio edit,False,2013,0.562,0.658,0.497,0.655,0.02,0.665,0.058,0.142,0.061,125,201,Veloce (Allegro),C,Major,C Major,0,0,0,0,1,0,1,0,0,0,0,0,1,0,0,0,0
mr. probz,waves - robin schulz radio edit,False,2014,0.022,0.827,0.482,0.552,0.025,0.008,0.001,0.074,0.441,120,208,Allegretto,F,Minor,F Minor,0,0,0,0,1,0,1,0,1,0,0,0,0,0,0,0,0
paloma faith,only love can hurt like this,False,2014,0.899,0.516,0.879,0.79,0.106,0.098,0.0,0.376,0.284,91,232,Moderato,G#,Major,G# Major,0,0,0,0,1,0,1,0,0,0,0,0,1,1,0,0,0
kiesza,hideaway,False,2014,0.719,0.838,0.704,0.809,0.045,0.088,0.007,0.067,0.176,123,251,Veloce (Allegro),G,Minor,G Minor,0,0,0,0,1,0,1,0,0,0,0,0,1,0,0,0,0
ellie goulding,burn,False,2014,0.786,0.508,0.765,0.765,0.036,0.318,0.0,0.1,0.311,87,231,Moderato,C#,Major,C# Major,0,0,0,0,1,0,1,0,0,0,0,0,1,0,1,0,0
ariana grande,break free,False,2014,0.0,0.66,0.685,0.751,0.04,0.006,0.0,0.22,0.263,130,214,Veloce (Allegro),G,Minor,G Minor,0,0,0,0,0,0,0,0,0,0,0,0,1,0,0,0,0
kid ink,show me (feat. chris brown),True,2014,0.764,0.688,0.48,0.653,0.049,0.036,0.0,0.144,0.668,98,217,Moderato,G,Major,G Major,0,0,0,0,0,0,0,0,1,0,0,0,1,0,0,0,0
tove lo,talking body,True,2014,0.742,0.718,0.748,0.744,0.019,0.099,0.0,0.073,0.081,120,238,Allegretto,E,Minor,E Minor,0,0,0,0,1,0,1,0,0,0,0,0,1,0,0,0,0
chris brown,loyal (feat. lil wayne & tyga),True,2014,0.809,0.842,0.495,0.719,0.047,0.017,0.0,0.2,0.618,99,264,Moderato,A#,Minor,A# Minor,0,0,0,0,0,0,0,0,1,0,0,0,1,1,0,0,0
onerepublic,love runs out,False,2014,0.663,0.697,0.932,0.828,0.065,0.171,0.0,0.091,0.749,120,224,Allegretto,G,Major,G Major,0,0,0,0,0,0,0,0,0,0,0,0,1,0,0,0,0
olly murs,up (feat. demi lovato),False,2014,0.0,0.663,0.837,0.783,0.019,0.02,0.0,0.096,0.642,115,224,Allegretto,A,Major,A Major,0,0,0,0,1,0,1,0,0,0,0,0,1,0,0,0,0
peking duk,high (feat. nicole millar),False,2014,0.539,0.468,0.792,0.813,0.047,0.001,0.001,0.323,0.369,100,228,Moderato,C,Minor,C Minor,0,0,0,0,1,0,1,0,0,0,0,0,0,0,0,0,0
milky chance,stolen dance,False,2014,0.82,0.894,0.557,0.578,0.026,0.438,0.0,0.065,0.738,114,313,Allegretto,B,Major,B Major,0,0,0,0,0,0,0,1,0,0,0,0,0,0,0,0,0
ed sheeran,don't,False,2014,0.809,0.8,0.586,0.667,0.077,0.012,0.0,0.738,0.867,95,219,Moderato,C#,Major,C# Major,0,0,0,0,0,0,0,0,0,0,0,0,1,0,0,0,0
ariana grande,love me harder,False,2014,0.832,0.405,0.698,0.797,0.018,0.01,0.0,0.066,0.216,99,236,Moderato,C#,Minor,C# Minor,0,0,0,0,0,0,0,0,0,0,0,0,1,0,0,0,0
enrique iglesias,bailando - spanish version,False,2014,0.742,0.696,0.781,0.84,0.148,0.048,0.0,0.022,0.986,91,243,Moderato,G,Major,G Major,0,0,0,0,0,0,0,0,0,0,1,0,1,0,0,0,0
avicii,hey brother,False,2013,0.022,0.492,0.768,0.773,0.037,0.032,0.0,0.074,0.449,125,255,Veloce (Allegro),G,Minor,G Minor,0,0,0,0,1,0,1,0,0,0,0,0,1,0,0,0,0
jessie j,bang bang,False,2014,0.865,0.682,0.774,0.845,0.123,0.266,0.0,0.431,0.762,150,199,Veloce (Allegro),C,Minor,C Minor,0,0,0,0,0,0,0,0,1,0,0,0,1,0,0,0,0
duke dumont,i got u,False,2014,0.753,0.599,0.748,0.631,0.021,0.004,0.008,0.076,0.454,121,285,Veloce (Allegro),A,Minor,A Minor,0,0,0,0,1,0,1,0,0,0,0,0,1,0,0,0,0
gorgon city,ready for your love,False,2014,0.685,0.648,0.739,0.666,0.237,0.054,0.013,0.375,0.463,122,198,Veloce (Allegro),F,Major,F Major,0,0,0,0,1,0,1,0,0,0,0,0,1,0,0,0,0
taylor swift,style,False,2014,0.685,0.543,0.78,0.737,0.031,0.002,0.003,0.116,0.48,95,231,Moderato,G,Major,G Major,0,0,0,0,0,0,0,0,0,0,0,0,1,0,0,0,0
mkto,classic,False,2012,0.921,0.699,0.78,0.782,0.182,0.039,0.0,0.163,0.768,102,175,Moderato,C#,Major,C# Major,0,0,0,0,0,0,0,0,1,0,0,0,1,0,0,0,0
disclosure,latch,False,2013,0.832,0.442,0.712,0.744,0.26,0.016,0.0,0.082,0.516,122,255,Veloce (Allegro),C#,Major,C# Major,0,0,0,0,1,0,1,0,0,0,0,0,1,0,0,0,0
ariana grande,problem,False,2014,0.82,0.628,0.794,0.749,0.235,0.02,0.0,0.165,0.628,103,193,Moderato,C#,Minor,C# Minor,0,0,0,0,0,0,0,0,0,0,0,0,1,0,0,0,0
charli xcx,boom clap,False,2014,0.551,0.626,0.907,0.901,0.1,0.158,0.0,0.204,0.575,92,169,Moderato,E,Major,E Major,0,0,0,0,1,0,1,0,0,0,0,0,1,0,0,0,0
one direction,steal my girl,False,2014,0.888,0.481,0.755,0.72,0.021,0.004,0.0,0.111,0.542,77,228,Moderato,A#,Minor,A# Minor,0,0,0,0,0,0,0,0,0,0,0,0,1,0,0,0,0
tiesto,red lights,False,2013,0.0,0.619,0.82,0.777,0.026,0.001,0.0,0.245,0.542,125,263,Veloce (Allegro),A#,Major,A# Major,0,0,0,0,1,0,1,0,0,0,0,0,1,0,0,0,0
selena gomez,the heart wants what it wants,False,2014,0.652,0.576,0.778,0.773,0.026,0.054,0.0,0.145,0.624,83,227,Moderato,G,Minor,G Minor,0,0,0,0,0,0,0,0,0,0,0,0,1,0,0,0,0
rita ora,i will never let you down,False,2014,0.73,0.738,0.79,0.855,0.012,0.413,0.0,0.128,0.808,128,203,Veloce (Allegro),E,Major,E Major,0,0,0,0,1,0,1,0,1,0,0,0,1,0,0,0,0
5 seconds of summer,she looks so perfect,False,2014,0.832,0.431,0.949,0.804,0.197,0.001,0.0,0.367,0.431,160,202,Vivace,A,Major,A Major,0,0,0,0,0,0,0,0,0,0,0,0,1,0,0,0,0
script,superheroes,False,2014,0.832,0.427,0.879,0.81,0.03,0.002,0.0,0.063,0.644,167,245,Vivace,D#,Major,D# Major,0,0,0,0,0,0,0,0,0,0,0,0,1,0,1,0,0
taylor swift,shake it off,False,2014,0.888,0.612,0.789,0.748,0.256,0.066,0.0,0.376,0.967,160,219,Vivace,G,Major,G Major,0,0,0,0,0,0,0,0,0,0,0,0,1,0,0,0,0
one direction,night changes,False,2014,0.933,0.642,0.493,0.631,0.022,0.88,0.0,0.112,0.355,120,226,Allegretto,G#,Major,G# Major,0,0,0,0,0,0,0,0,0,0,0,0,1,0,0,0,0
ed sheeran,sing,False,2014,0.775,0.814,0.652,0.794,0.043,0.312,0.0,0.046,0.964,120,235,Allegretto,G#,Minor,G# Minor,0,0,0,0,0,0,0,0,0,0,0,0,1,0,0,0,0
alesso,heroes (we could be),False,2014,0.584,0.463,0.74,0.809,0.073,0.038,0.0,0.262,0.336,126,209,Veloce (Allegro),F,Major,F Major,0,0,0,0,1,0,1,0,0,0,0,0,1,0,0,0,0
tiesto,wasted,False,2014,0.0,0.61,0.823,0.737,0.011,0.001,0.003,0.214,0.36,112,188,Allegretto,D,Major,D Major,0,0,0,0,1,0,1,0,0,0,0,0,1,0,0,0,0
g.r.l.,ugly heart,False,2014,0.719,0.616,0.774,0.742,0.042,0.019,0.0,0.363,0.436,125,198,Veloce (Allegro),A,Major,A Major,0,0,0,0,0,0,0,0,0,0,0,0,1,0,0,0,0
coldplay,a sky full of stars,False,2014,0.899,0.492,0.657,0.694,0.008,0.006,0.002,0.226,0.132,125,267,Veloce (Allegro),F#,Major,F# Major,0,0,0,0,0,0,0,0,0,0,0,0,1,0,1,0,0
clean bandit,rather be (feat. jess glynne),False,2014,0.809,0.792,0.562,0.681,0.026,0.166,0.0,0.206,0.546,121,227,Veloce (Allegro),B,Major,B Major,0,0,0,0,1,0,1,0,0,0,0,0,1,0,0,0,0
zedd,stay the night - featuring hayley williams of paramore,False,2014,0.708,0.552,0.724,0.86,0.032,0.112,0.0,0.088,0.452,128,217,Veloce (Allegro),G#,Major,G# Major,0,0,0,0,1,0,1,0,1,0,0,0,1,0,0,0,0
sia,elastic heart,False,2014,0.786,0.345,0.78,0.767,0.048,0.012,0.0,0.15,0.493,130,257,Veloce (Allegro),A,Major,A Major,0,0,0,0,0,0,0,0,0,0,0,0,1,0,0,0,0
one direction,story of my life,False,2013,0.91,0.557,0.644,0.727,0.044,0.23,0.0,0.117,0.265,121,245,Veloce (Allegro),D#,Major,D# Major,0,0,0,0,0,0,0,0,0,0,0,0,1,0,0,0,0
alex & sierra,little do you know,False,2014,0.843,0.438,0.251,0.591,0.016,0.764,0.0,0.2,0.355,146,185,Veloce (Allegro),C,Major,C Major,0,0,0,0,0,0,0,0,0,0,0,0,1,0,0,0,0
omarion,post to be (feat. chris brown & jhene aiko),True,2014,0.618,0.714,0.658,0.734,0.036,0.071,0.0,0.224,0.709,97,226,Moderato,A#,Minor,A# Minor,0,0,0,0,0,0,0,0,1,0,0,0,1,1,0,0,0
echosmith,cool kids,False,2013,0.798,0.697,0.653,0.703,0.019,0.038,0.0,0.118,0.8,130,237,Veloce (Allegro),G#,Major,G# Major,0,0,0,0,0,0,0,0,0,0,0,0,1,0,0,0,0
natalie la rose,somebody,False,2014,0.742,0.829,0.493,0.583,0.026,0.001,0.0,0.053,0.745,105,189,Moderato,C,Major,C Major,0,0,0,0,0,0,0,0,0,0,0,0,1,1,0,0,0
vance joy,riptide,False,2014,0.899,0.42,0.716,0.683,0.027,0.442,0.0,0.156,0.505,102,204,Moderato,C#,Major,C# Major,0,0,0,0,0,0,0,0,0,0,0,0,1,0,1,0,0
beyonce,drunk in love (feat. jay-z),True,2014,0.786,0.544,0.6,0.673,0.043,0.01,0.001,0.192,0.388,140,323,Veloce (Allegro),F,Minor,F Minor,0,0,0,0,0,0,0,0,0,0,0,0,1,1,0,0,0
maroon 5,sugar,True,2014,0.0,0.727,0.771,0.664,0.019,0.057,0.0,0.078,0.906,120,235,Allegretto,C#,Major,C# Major,0,0,0,0,0,0,0,0,0,0,0,0,1,0,0,0,0
ella henderson,ghost,False,2014,0.708,0.651,0.832,0.825,0.033,0.047,0.0,0.146,0.46,105,213,Moderato,A,Major,A Major,0,0,0,0,1,0,1,0,0,0,0,0,1,0,0,0,0
ed sheeran,"i see fire - from ""the hobbit - the desolation of smaug""",False,2013,0.798,0.534,0.0,0.0,0.03,0.573,0.0,0.06,0.21,152,300,Veloce (Allegro),A#,Minor,A# Minor,0,0,0,0,0,0,0,0,0,0,0,0,1,0,0,0,0
chris brown,new flame (feat. usher & rick ross),True,2014,0.753,0.677,0.608,0.802,0.032,0.052,0.0,0.09,0.436,142,244,Veloce (Allegro),C#,Major,C# Major,0,0,0,0,0,0,0,0,1,0,0,0,1,1,0,0,0
sheppard,geronimo,False,2014,0.0,0.683,0.758,0.704,0.1,0.445,0.001,0.112,0.427,142,218,Veloce (Allegro),G,Major,G Major,0,0,0,0,1,0,1,0,0,0,0,0,1,0,1,0,0
olly murs,wrapped up (feat. travie mccoy),False,2014,0.0,0.778,0.84,0.782,0.057,0.094,0.0,0.154,0.972,122,185,Veloce (Allegro),C#,Major,C# Major,0,0,0,0,1,0,1,0,0,0,0,0,1,0,0,0,0
sam smith,money on my mind,False,2014,0.697,0.661,0.833,0.756,0.282,0.209,0.0,0.25,0.754,134,192,Veloce (Allegro),D,Major,D Major,0,0,0,0,0,0,0,0,0,0,0,0,1,0,0,0,0
jason derulo,trumpets,False,2013,0.596,0.589,0.686,0.772,0.385,0.577,0.0,0.09,0.644,82,217,Moderato,C,Major,C Major,0,0,0,0,0,0,0,0,1,0,0,0,1,0,0,0,0
nicki minaj,bed of lies,True,2014,0.596,0.694,0.652,0.728,0.309,0.257,0.0,0.105,0.092,86,269,Moderato,B,Major,B Major,0,0,0,0,0,0,0,0,1,0,0,0,1,0,0,0,0
nick jonas,jealous - remix,True,2014,0.0,0.657,0.693,0.837,0.093,0.014,0.0,0.518,0.498,93,222,Moderato,B,Minor,B Minor,0,0,0,0,0,0,0,0,0,0,0,0,1,0,0,0,0
mark ronson,uptown funk (feat. bruno mars),True,2015,0.921,0.859,0.587,0.657,0.107,0.008,0.0,0.016,0.952,115,269,Allegretto,C,Major,C Major,0,0,0,0,0,0,0,0,0,0,0,0,1,0,0,0,0
ed sheeran,thinking out loud,False,2014,0.91,0.771,0.413,0.714,0.011,0.486,0.0,0.195,0.591,79,281,Moderato,D,Major,D Major,0,0,0,0,0,0,0,0,0,0,0,0,1,0,0,0,0
wiz khalifa,see you again (feat. charlie puth),False,2015,0.91,0.662,0.451,0.643,0.106,0.378,0.0,0.052,0.262,80,229,Moderato,A#,Major,A# Major,0,0,0,0,0,0,0,0,1,0,0,0,1,0,0,0,0
justin bieber,what do you mean?,False,2015,0.865,0.846,0.542,0.612,0.131,0.604,0.001,0.072,0.808,125,205,Veloce (Allegro),F,Minor,F Minor,0,0,0,0,0,0,0,0,0,0,0,0,1,0,0,0,0
major lazer,lean on (feat. mø & dj snake),False,2015,0.82,0.702,0.799,0.861,0.071,0.004,0.001,0.654,0.252,98,176,Moderato,G,Minor,G Minor,0,0,0,0,1,0,1,0,1,0,0,0,1,0,0,0,0
weeknd,"earned it (fifty shades of grey) - from the ""fifty shades of grey"" soundtrack",False,2014,0.854,0.626,0.345,0.721,0.013,0.394,0.0,0.091,0.415,120,252,Allegretto,D,Minor,D Minor,0,0,0,0,0,0,0,0,0,0,0,0,1,1,0,0,0
ellie goulding,"love me like you do - from ""fifty shades of grey""",False,2015,0.876,0.157,0.584,0.685,0.046,0.253,0.0,0.124,0.253,190,252,Frenetico (Presto),G#,Major,G# Major,0,0,0,0,1,0,1,0,0,0,0,0,1,0,1,0,0
calvin harris,outside (feat. ellie goulding),False,2014,0.876,0.611,0.814,0.81,0.029,0.218,0.0,0.361,0.406,128,227,Veloce (Allegro),D,Minor,D Minor,0,0,0,0,1,0,1,0,1,0,0,0,1,0,0,0,0
david guetta,"hey mama (feat. nicki minaj, bebe rexha & afrojack)",False,2014,0.843,0.552,0.715,0.812,0.231,0.246,0.0,0.365,0.521,86,192,Moderato,A,Major,A Major,0,0,0,0,1,0,1,0,1,0,0,0,1,0,0,0,0
demi lovato,cool for the summer,True,2015,0.0,0.54,0.591,0.737,0.028,0.004,0.0,0.077,0.3,114,214,Allegretto,F,Minor,F Minor,0,0,0,0,0,0,0,0,0,0,0,0,1,0,0,0,0
taylor swift,blank space,False,2014,0.921,0.746,0.686,0.746,0.056,0.106,0.0,0.084,0.569,96,231,Moderato,F,Major,F Major,0,0,0,0,0,0,0,0,0,0,0,0,1,0,0,0,0
weeknd,the hills,True,2015,0.944,0.539,0.539,0.665,0.051,0.069,0.0,0.136,0.106,113,242,Allegretto,C,Minor,C Minor,0,0,0,0,0,0,0,0,0,0,0,0,1,1,0,0,0
neighbourhood,daddy issues,False,2015,0.955,0.543,0.494,0.546,0.018,0.069,0.151,0.122,0.32,85,260,Moderato,A#,Major,A# Major,0,0,0,0,0,0,0,0,0,0,0,0,1,0,1,0,0
deorro,five more hours,False,2015,0.742,0.674,0.877,0.854,0.354,0.03,0.0,0.957,0.493,128,211,Veloce (Allegro),F,Minor,F Minor,0,0,0,0,1,0,1,0,0,0,0,0,1,0,0,0,0
avicii,the nights,False,2014,0.955,0.47,0.826,0.752,0.036,0.017,0.0,0.274,0.659,126,176,Veloce (Allegro),F#,Major,F# Major,0,0,0,0,1,0,1,0,0,0,0,0,1,0,0,0,0
dj snake,you know you like it,False,2014,0.775,0.329,0.71,0.75,0.298,0.014,0.0,0.342,0.223,196,247,Frenetico (Presto),F,Minor,F Minor,0,0,0,0,1,0,1,0,1,0,0,0,1,0,0,0,0
adam lambert,ghost town,True,2015,0.517,0.678,0.721,0.732,0.041,0.191,0.0,0.183,0.252,120,208,Allegretto,E,Minor,E Minor,0,0,0,0,0,0,0,0,0,0,0,0,1,0,0,0,0
rae sremmurd,no type,True,2015,0.798,0.901,0.457,0.628,0.246,0.016,0.0,0.085,0.215,125,200,Veloce (Allegro),F#,Major,F# Major,0,0,0,0,0,0,0,0,1,0,0,0,1,0,0,0,0
taylor swift,bad blood,False,2015,0.786,0.621,0.636,0.649,0.15,0.03,0.0,0.141,0.196,170,200,Vivace,B,Minor,B Minor,0,0,0,0,0,0,0,0,0,0,0,0,1,0,0,0,0
flo rida,gdfr (feat. sage the gemini & lookas),False,2015,0.551,0.624,0.818,0.814,0.091,0.001,0.005,0.052,0.697,146,190,Veloce (Allegro),F,Major,F Major,0,0,0,0,0,0,0,0,1,0,0,0,1,0,0,0,0
robin schulz,sugar (feat. francesco yates),False,2015,0.854,0.599,0.805,0.762,0.063,0.019,0.0,0.17,0.64,123,219,Veloce (Allegro),F,Minor,F Minor,0,0,0,0,1,0,1,0,0,0,0,0,1,0,0,0,0
calvin harris,how deep is your love,False,2015,0.854,0.72,0.861,0.798,0.09,0.04,0.002,0.441,0.319,122,212,Veloce (Allegro),B,Minor,B Minor,0,0,0,0,1,0,1,0,1,0,0,0,1,0,0,0,0
philip george,wish you were mine - radio edit,False,2014,0.73,0.621,0.823,0.808,0.011,0.013,0.092,0.097,0.395,123,177,Veloce (Allegro),G,Minor,G Minor,0,0,0,0,1,0,1,0,0,0,0,0,1,0,0,0,0
trey songz,na na,False,2015,0.697,0.64,0.446,0.705,0.032,0.336,0.0,0.099,0.211,97,231,Moderato,A,Minor,A Minor,0,0,0,0,0,0,0,0,1,0,0,0,1,1,0,0,0
fall out boy,centuries,False,2015,0.899,0.312,0.851,0.872,0.09,0.004,0.0,0.097,0.558,176,228,Vivace,E,Minor,E Minor,0,0,0,0,0,0,0,0,0,0,0,0,0,0,1,0,0
rob $tone,chill bill (feat. j. davi$ & spooks),True,2016,0.854,0.895,0.394,0.518,0.22,0.032,0.001,0.083,0.205,108,177,Moderato,F#,Major,F# Major,0,0,0,0,0,0,0,0,1,0,0,0,0,0,0,0,0
lost frequencies,are you with me - radio edit,False,2014,0.371,0.765,0.55,0.525,0.015,0.477,0.0,0.132,0.4,121,138,Veloce (Allegro),F,Minor,F Minor,0,0,0,0,1,0,1,0,0,0,0,0,1,0,0,0,0
twenty one pilots,stressed out,False,2015,0.933,0.715,0.617,0.733,0.213,0.047,0.0,0.046,0.652,170,202,Vivace,E,Minor,E Minor,0,0,0,0,0,0,0,0,0,0,0,0,0,0,1,0,0
fifth harmony,worth it (feat. kid ink),False,2015,0.82,0.892,0.752,0.823,0.118,0.064,0.0,0.116,0.595,100,224,Moderato,G#,Major,G# Major,0,0,0,0,0,0,0,0,0,0,0,0,1,0,0,0,0
kaleo,way down we go,False,2015,0.708,0.545,0.554,0.727,0.054,0.627,0.0,0.075,0.242,82,219,Moderato,A#,Minor,A# Minor,0,0,1,0,0,0,0,0,0,0,0,0,0,0,1,0,0
sam smith,like i can,False,2014,0.888,0.623,0.606,0.686,0.027,0.351,0.0,0.123,0.474,100,167,Moderato,G,Minor,G Minor,0,0,0,0,0,0,0,0,0,0,0,0,1,0,0,0,0
major lazer,light it up (feat. nyla & fuse odg) - remix,False,2015,0.551,0.729,0.871,0.827,0.078,0.038,0.001,0.254,0.762,108,166,Moderato,A,Minor,A Minor,0,0,0,0,1,0,1,0,1,0,0,0,1,0,0,0,0
martin solveig,intoxicated - new radio mix,False,2015,0.539,0.793,0.659,0.815,0.029,0.006,0.004,0.075,0.544,125,159,Veloce (Allegro),C,Major,C Major,0,0,0,0,1,0,1,0,0,0,0,0,1,0,0,0,0
avicii,waiting for love,False,2015,0.888,0.532,0.721,0.823,0.053,0.318,0.0,0.212,0.615,128,230,Veloce (Allegro),F#,Minor,F# Minor,0,0,0,0,1,0,1,0,0,0,0,0,1,0,0,0,0
felix jaehn,ain't nobody (loves me better) (feat. jasmine thompson),False,2018,0.809,0.767,0.541,0.67,0.014,0.688,0.0,0.058,0.472,118,186,Allegretto,D,Minor,D Minor,0,0,0,0,1,0,1,0,1,0,0,0,1,0,0,0,0
taylor swift,wildest dreams,False,2014,0.876,0.501,0.645,0.647,0.092,0.073,0.006,0.102,0.459,140,220,Veloce (Allegro),G#,Major,G# Major,0,0,0,0,0,0,0,0,0,0,0,0,1,0,0,0,0
weeknd,in the night,True,2015,0.0,0.415,0.664,0.77,0.193,0.071,0.0,0.03,0.5,168,235,Vivace,G,Major,G Major,0,0,0,0,0,0,0,0,0,0,0,0,1,1,0,0,0
pitbull,time of our lives,True,2014,0.899,0.7,0.791,0.727,0.064,0.094,0.0,0.809,0.734,124,229,Veloce (Allegro),C#,Major,C# Major,0,0,0,0,0,0,0,0,1,0,1,0,1,0,0,0,0
galantis,runaway (u & i),False,2015,0.832,0.446,0.794,0.81,0.043,0.007,0.002,0.077,0.369,126,227,Veloce (Allegro),C#,Major,C# Major,0,0,0,0,1,0,1,0,0,0,0,0,1,0,0,0,0
rihanna,bitch better have my money,True,2015,0.82,0.771,0.713,0.768,0.07,0.052,0.0,0.283,0.382,103,219,Moderato,C#,Major,C# Major,0,0,0,0,0,0,0,0,1,0,0,0,1,1,0,0,0
zara larsson,lush life,False,2015,0.0,0.625,0.727,0.872,0.055,0.144,0.0,0.201,0.803,98,202,Moderato,G,Minor,G Minor,0,0,0,0,1,0,1,0,0,0,0,0,1,0,0,0,0
one direction,drag me down,False,2015,0.888,0.71,0.686,0.733,0.025,0.112,0.0,0.053,0.596,138,192,Veloce (Allegro),C,Minor,C Minor,0,0,0,0,0,0,0,0,0,0,0,0,1,0,0,0,0
travis scott,antidote,True,2015,0.82,0.69,0.499,0.764,0.016,0.008,0.0,0.123,0.099,131,262,Veloce (Allegro),C#,Major,C# Major,0,0,0,0,1,0,1,0,1,0,0,0,0,0,0,0,0
years & years,king,False,2015,0.0,0.508,0.84,0.81,0.028,0.068,0.0,0.434,0.458,120,215,Allegretto,E,Minor,E Minor,0,0,0,0,1,0,1,0,0,0,0,0,1,0,0,0,0
demi lovato,confident,True,2015,0.719,0.55,0.735,0.705,0.08,0.002,0.0,0.079,0.327,130,205,Veloce (Allegro),D#,Major,D# Major,0,0,0,0,0,0,0,0,0,0,0,0,1,0,0,0,0
lemaitre,closer,False,2017,0.663,0.537,0.773,0.816,0.019,0.001,0.013,0.123,0.339,92,270,Moderato,D,Minor,D Minor,0,0,0,0,0,0,0,0,0,0,0,0,1,0,0,0,0
selena gomez,same old love,False,2015,0.775,0.642,0.57,0.816,0.013,0.023,0.0,0.232,0.428,98,229,Moderato,B,Minor,B Minor,0,0,0,0,0,0,0,0,0,0,0,0,1,0,0,0,0
pia mia,do it again,True,2015,0.809,0.689,0.539,0.691,0.043,0.027,0.0,0.079,0.399,96,207,Moderato,G#,Major,G# Major,0,0,0,0,0,0,0,0,0,0,0,0,1,1,0,0,0
flo rida,my house,False,2015,0.854,0.661,0.685,0.777,0.048,0.022,0.0,0.128,0.751,94,192,Moderato,G,Minor,G Minor,0,0,0,0,0,0,0,0,1,0,0,0,1,0,0,0,0
silento,watch me (whip / nae nae),False,2015,0.0,0.816,0.755,0.592,0.2,0.24,0.0,0.376,0.99,140,185,Veloce (Allegro),G#,Major,G# Major,0,0,0,0,0,0,0,0,1,0,0,0,0,0,0,0,0
chris brown,ayo,True,2015,0.798,0.82,0.538,0.762,0.038,0.041,0.0,0.076,0.689,98,225,Moderato,F#,Major,F# Major,0,0,0,0,0,0,0,0,1,0,0,0,1,1,0,0,0
strumbellas,spirits,False,2016,0.798,0.505,0.639,0.714,0.006,0.168,0.0,0.11,0.801,81,203,Moderato,C,Major,C Major,1,0,0,0,0,0,0,1,0,0,0,0,1,0,1,0,0
fetty wap,trap queen,True,2015,0.764,0.729,0.866,0.826,0.19,0.025,0.0,0.4,0.833,148,222,Veloce (Allegro),G,Major,G Major,0,0,0,0,0,0,0,0,1,0,0,0,1,0,0,0,0
tove lo,talking body,True,2014,0.742,0.718,0.748,0.744,0.019,0.099,0.0,0.073,0.081,120,238,Allegretto,E,Minor,E Minor,0,0,0,0,1,0,1,0,0,0,0,0,1,0,0,0,0
beyonce,7/11,False,2014,0.775,0.73,0.689,0.76,0.186,0.013,0.0,0.126,0.558,136,213,Veloce (Allegro),A,Minor,A Minor,0,0,0,0,0,0,0,0,0,0,0,0,1,1,0,0,0
lana del rey,high by the beach,True,2015,0.753,0.481,0.457,0.467,0.021,0.25,0.008,0.118,0.063,132,257,Veloce (Allegro),B,Minor,B Minor,0,0,0,0,0,0,0,0,0,0,0,0,1,0,0,0,0
zara larsson,never forget you,False,2017,0.82,0.537,0.717,0.731,0.041,0.003,0.0,0.298,0.254,146,213,Veloce (Allegro),B,Minor,B Minor,0,0,0,0,1,0,1,0,0,0,0,0,1,0,0,0,0
jeremih,oui,False,2015,0.865,0.342,0.709,0.83,0.132,0.218,0.0,0.109,0.605,79,238,Moderato,F,Major,F Major,0,0,0,0,0,0,0,0,1,0,0,0,1,1,0,0,0
drake,hotline bling,False,2016,0.865,0.901,0.607,0.625,0.058,0.003,0.0,0.035,0.55,135,267,Veloce (Allegro),D,Major,D Major,0,0,0,0,0,0,0,0,1,0,0,0,1,1,0,0,0
selena gomez,kill em with kindness,False,2015,0.719,0.742,0.878,0.742,0.031,0.008,0.0,0.091,0.385,120,217,Allegretto,A#,Minor,A# Minor,0,0,0,0,0,0,0,0,0,0,0,0,1,0,0,0,0
birdy,let it all go,False,2015,0.764,0.3,0.397,0.586,0.013,0.837,0.0,0.079,0.145,107,280,Moderato,A#,Major,A# Major,0,0,0,0,0,0,0,0,0,0,0,0,1,0,0,0,0
fetty wap,679 (feat. remy boyz),True,2015,0.832,0.578,0.701,0.73,0.533,0.003,0.0,0.726,0.604,190,196,Frenetico (Presto),G,Major,G Major,0,0,0,0,0,0,0,0,1,0,0,0,1,0,0,0,0
ariana grande,love me harder,False,2014,0.832,0.405,0.698,0.797,0.018,0.01,0.0,0.066,0.216,99,236,Moderato,C#,Minor,C# Minor,0,0,0,0,0,0,0,0,0,0,0,0,1,0,0,0,0
weeknd,can't feel my face,False,2015,0.888,0.681,0.756,0.741,0.035,0.116,0.0,0.1,0.583,108,213,Moderato,A,Minor,A Minor,0,0,0,0,0,0,0,0,0,0,0,0,1,1,0,0,0
saygrace,you don't own me (feat. g-eazy),False,2015,0.618,0.245,0.645,0.733,0.142,0.17,0.0,0.043,0.274,186,199,Frenetico (Presto),G,Major,G Major,0,0,0,0,0,0,0,0,0,0,0,0,1,1,0,0,0
x ambassadors,renegades,False,2015,0.843,0.469,0.855,0.717,0.122,0.015,0.061,0.25,0.524,90,195,Moderato,D,Major,D Major,0,0,0,0,0,0,0,0,1,0,0,0,1,0,1,0,0
r. city,locked away (feat. adam levine),False,2015,0.865,0.449,0.653,0.732,0.081,0.312,0.0,0.028,0.548,118,227,Allegretto,C#,Major,C# Major,0,0,0,0,0,0,0,0,0,0,0,0,1,0,0,0,0
kygo,stole the show,False,2016,0.832,0.604,0.614,0.64,0.367,0.278,0.0,0.358,0.467,100,223,Moderato,G#,Minor,G# Minor,0,0,0,0,1,0,1,0,0,0,0,0,1,0,0,0,0
tame impala,the less i know the better,True,2015,0.933,0.604,0.726,0.812,0.009,0.012,0.007,0.175,0.799,117,216,Allegretto,E,Major,E Major,0,0,0,0,0,0,0,0,0,0,0,1,0,0,0,0,0
selena gomez,good for you,True,2015,0.0,0.557,0.658,0.695,0.076,0.158,0.0,0.063,0.191,89,221,Moderato,F,Minor,F Minor,0,0,0,0,0,0,0,0,0,0,0,0,1,0,0,0,0
fetty wap,my way (feat. monty),True,2015,0.618,0.732,0.727,0.86,0.054,0.004,0.0,0.151,0.534,128,213,Veloce (Allegro),F#,Major,F# Major,0,0,0,0,0,0,0,0,1,0,0,0,1,0,0,0,0
hozier,take me to church,False,2014,0.91,0.516,0.645,0.752,0.042,0.65,0.0,0.114,0.427,129,241,Veloce (Allegro),E,Minor,E Minor,1,0,0,0,0,0,0,1,0,0,0,0,1,0,0,0,0
taylor swift,style,False,2014,0.865,0.543,0.78,0.737,0.031,0.002,0.003,0.116,0.48,95,231,Moderato,G,Major,G Major,0,0,0,0,0,0,0,0,0,0,0,0,1,0,0,0,0
alessia cara,here,False,2015,0.0,0.296,0.788,0.814,0.253,0.082,0.0,0.07,0.343,121,199,Veloce (Allegro),C,Major,C Major,0,0,0,0,0,0,0,0,0,0,0,0,1,1,0,0,0
sam smith,"writing's on the wall - from ""spectre"" soundtrack",False,2015,0.742,0.156,0.262,0.609,0.019,0.788,0.0,0.078,0.054,81,278,Moderato,F,Minor,F Minor,0,0,0,0,0,0,0,0,0,0,0,0,1,0,0,0,0
david guetta,bang my head (feat. sia & fetty wap),False,2015,0.528,0.556,0.862,0.831,0.101,0.054,0.007,0.098,0.594,108,193,Moderato,C,Major,C Major,0,0,0,0,1,0,1,0,1,0,0,0,1,0,0,0,0
meek mill,all eyes on you (feat. chris brown & nicki minaj),True,2015,0.764,0.544,0.639,0.752,0.325,0.025,0.0,0.116,0.228,78,223,Moderato,B,Minor,B Minor,0,0,0,0,0,0,0,0,1,0,0,0,1,0,0,0,0
big sean,i don't fuck with you,True,2015,0.843,0.822,0.718,0.743,0.069,0.037,0.0,0.365,0.382,98,284,Moderato,C#,Major,C# Major,0,0,0,0,0,0,0,0,1,0,0,0,1,0,0,0,0
kygo,firestone,False,2016,0.854,0.68,0.613,0.649,0.036,0.403,0.0,0.089,0.399,114,271,Allegretto,B,Minor,B Minor,0,0,0,0,1,0,1,0,0,0,0,0,1,0,0,0,0
drake,jumpman,True,2015,0.0,0.856,0.533,0.646,0.323,0.047,0.0,0.384,0.659,142,205,Veloce (Allegro),C#,Major,C# Major,0,0,0,0,0,0,0,0,1,0,0,0,1,1,0,0,0
petit biscuit,sunset lover,False,2015,0.798,0.773,0.436,0.546,0.049,0.747,0.821,0.105,0.212,91,237,Moderato,F#,Major,F# Major,0,0,0,0,1,0,1,0,0,0,0,0,0,0,0,0,0
shawn mendes,stitches,False,2015,0.876,0.729,0.74,0.683,0.08,0.016,0.0,0.033,0.757,150,206,Veloce (Allegro),C#,Major,C# Major,0,0,0,0,0,0,0,0,0,0,0,0,1,0,0,0,0
flo rida,"i don't like it, i love it (feat. robin thicke & verdine white)",False,2015,0.753,0.857,0.753,0.782,0.213,0.025,0.0,0.07,0.798,118,224,Allegretto,A,Minor,A Minor,0,0,0,0,0,0,0,0,1,0,0,0,1,0,0,0,0
selena gomez,the heart wants what it wants,False,2014,0.719,0.576,0.778,0.773,0.026,0.054,0.0,0.145,0.624,83,227,Moderato,G,Minor,G Minor,0,0,0,0,0,0,0,0,0,0,0,0,1,0,0,0,0
jack u,where are ü now (with justin bieber),False,2015,0.832,0.358,0.769,0.814,0.061,0.042,0.0,0.069,0.17,139,250,Veloce (Allegro),E,Minor,E Minor,0,0,0,0,1,0,1,0,0,0,0,0,1,0,0,0,0
ellie goulding,on my mind,False,2015,0.0,0.674,0.671,0.687,0.052,0.27,0.0,0.078,0.753,155,213,Veloce (Allegro),D,Minor,D Minor,0,0,0,0,1,0,1,0,0,0,0,0,1,0,1,0,0
bryson tiller,don't,True,2015,0.876,0.752,0.319,0.739,0.311,0.228,0.0,0.09,0.161,97,198,Moderato,B,Minor,B Minor,0,0,0,0,0,0,0,0,1,0,0,0,1,1,0,0,0
rich homie quan,"flex (ooh, ooh, ooh)",True,2015,0.011,0.647,0.593,0.641,0.048,0.039,0.0,0.384,0.904,164,176,Vivace,F#,Minor,F# Minor,0,0,0,0,0,0,0,0,1,0,0,0,1,0,0,0,0
joel adams,please don't go,False,2015,0.798,0.454,0.755,0.773,0.064,0.012,0.0,0.328,0.211,84,210,Moderato,E,Minor,E Minor,0,0,0,0,0,0,0,0,0,0,0,0,0,1,0,0,0
zedd,i want you to know,False,2015,0.0,0.511,0.871,0.904,0.077,0.006,0.0,0.311,0.36,130,238,Veloce (Allegro),A,Minor,A Minor,0,0,0,0,1,0,1,0,1,0,0,0,1,0,0,0,0
jonas blue,fast car,False,2015,0.753,0.609,0.546,0.668,0.052,0.496,0.0,0.334,0.523,114,212,Allegretto,A,Major,A Major,0,0,0,0,1,0,1,0,0,0,0,0,1,0,0,0,0
børns,electric love,False,2015,0.0,0.288,0.851,0.691,0.119,0.004,0.002,0.282,0.606,120,218,Allegretto,F#,Minor,F# Minor,0,0,0,0,0,0,0,0,0,0,0,0,1,0,1,0,0
sigala,easy love,False,2018,0.742,0.651,0.94,0.806,0.072,0.179,0.001,0.115,0.651,124,229,Veloce (Allegro),A,Major,A Major,0,0,0,0,1,0,1,0,0,0,0,0,1,0,0,0,0
justin bieber,sorry,False,2015,0.899,0.621,0.747,0.832,0.039,0.082,0.0,0.334,0.398,100,200,Moderato,C,Minor,C Minor,0,0,0,0,0,0,0,0,0,0,0,0,1,0,0,0,0
ariana grande,one last time,False,2014,0.888,0.59,0.57,0.765,0.016,0.095,0.0,0.09,0.07,125,197,Veloce (Allegro),G#,Major,G# Major,0,0,0,0,0,0,0,0,0,0,0,0,1,0,0,0,0
little mix,black magic,False,2015,0.011,0.766,0.891,0.793,0.07,0.036,0.0,0.355,0.861,112,211,Allegretto,E,Major,E Major,0,0,0,0,0,0,0,0,0,0,0,0,1,0,0,0,0
one direction,perfect,False,2015,0.865,0.612,0.814,0.755,0.096,0.061,0.0,0.117,0.383,100,230,Moderato,D,Major,D Major,0,0,0,0,0,0,0,0,0,0,0,0,1,0,0,0,0
years & years,shine,False,2015,0.618,0.636,0.7,0.756,0.021,0.194,0.0,0.099,0.487,108,255,Moderato,C#,Minor,C# Minor,0,0,0,0,1,0,1,0,0,0,0,0,1,0,0,0,0
meghan trainor,lips are movin,False,2015,0.786,0.764,0.816,0.747,0.042,0.052,0.0,0.108,0.975,139,182,Veloce (Allegro),G,Major,G Major,0,0,0,0,0,0,0,0,0,0,0,0,1,0,0,0,0
nicky jam,el perdón - forgiveness,False,2017,0.573,0.718,0.703,0.824,0.023,0.262,0.0,0.084,0.661,90,206,Moderato,G#,Major,G# Major,0,0,0,0,0,0,0,0,0,0,1,0,0,0,0,0,0
weeknd,starboy,True,2016,0.0,0.652,0.571,0.666,0.468,0.169,0.0,0.135,0.532,186,230,Frenetico (Presto),G,Major,G Major,0,0,0,0,0,0,0,0,0,0,0,0,1,1,0,0,0
drake,one dance,False,2016,0.944,0.784,0.604,0.736,0.055,0.008,0.002,0.37,0.355,104,173,Moderato,C#,Major,C# Major,0,0,0,0,0,0,0,0,1,0,0,0,1,1,0,0,0
justin bieber,love yourself,False,2015,0.0,0.567,0.342,0.528,0.75,0.856,0.0,0.311,0.51,100,233,Moderato,E,Major,E Major,0,0,0,0,0,0,0,0,0,0,0,0,1,0,0,0,0
chainsmokers,closer,False,2016,0.933,0.732,0.497,0.737,0.019,0.424,0.0,0.108,0.666,95,244,Moderato,G#,Major,G# Major,0,0,0,0,1,0,1,0,0,0,0,0,1,0,0,0,0
adele,hello,False,2015,0.011,0.404,0.398,0.711,0.02,0.337,0.0,0.077,0.268,158,295,Vivace,F,Minor,F Minor,0,0,0,0,0,0,0,0,0,0,0,0,1,1,0,0,0
desiigner,panda,True,2016,0.786,0.528,0.753,0.769,0.77,0.029,0.0,0.414,0.212,145,246,Veloce (Allegro),A#,Minor,A# Minor,0,0,0,0,0,0,0,0,1,0,0,0,1,0,0,0,0
burak yeter,tuesday (feat. danelle sandoval),False,2016,0.809,0.842,0.619,0.715,0.082,0.016,0.066,0.04,0.681,99,241,Moderato,A,Minor,A Minor,0,0,0,0,1,0,1,0,0,0,0,0,0,0,0,0,0
sia,cheap thrills (feat. sean paul),False,2016,0.753,0.547,0.789,0.77,0.347,0.058,0.0,0.067,0.738,90,224,Moderato,F#,Minor,F# Minor,0,0,0,0,0,0,0,0,0,0,0,0,1,0,0,0,0
onerepublic,wherever i go,False,2016,0.786,0.5,0.672,0.695,0.035,0.094,0.0,0.299,0.332,100,169,Moderato,A#,Minor,A# Minor,0,0,0,0,0,0,0,0,0,0,0,0,1,0,0,0,0
rihanna,work,True,2016,0.843,0.704,0.507,0.705,0.129,0.077,0.0,0.085,0.556,92,219,Moderato,B,Major,B Major,0,0,0,0,0,0,0,0,1,0,0,0,1,1,0,0,0
coldplay,hymn for the weekend,False,2015,0.921,0.428,0.676,0.693,0.026,0.216,0.0,0.365,0.4,90,258,Moderato,C,Minor,C Minor,0,0,0,0,0,0,0,0,0,0,0,0,1,0,1,0,0
justin bieber,sorry,False,2015,0.899,0.621,0.747,0.832,0.039,0.082,0.0,0.334,0.398,100,200,Moderato,C,Minor,C Minor,0,0,0,0,0,0,0,0,0,0,0,0,1,0,0,0,0
justin timberlake,"can't stop the feeling! (from dreamworks animation's ""trolls"")",False,2016,0.854,0.635,0.821,0.731,0.094,0.013,0.0,0.204,0.71,113,236,Allegretto,C,Major,C Major,0,0,0,0,0,0,0,0,0,0,0,0,1,0,0,0,0
willow,wait a minute!,False,2015,0.966,0.751,0.689,0.753,0.008,0.038,0.0,0.088,0.678,101,196,Moderato,D#,Minor,D# Minor,0,0,0,0,1,0,1,0,0,0,0,0,1,1,0,0,0
desiigner,tiimmy turner,True,2016,0.753,0.56,0.71,0.863,0.029,0.178,0.0,0.069,0.284,123,239,Veloce (Allegro),F#,Major,F# Major,0,0,0,0,0,0,0,0,1,0,0,0,1,0,0,0,0
g-eazy,"me, myself & i",True,2015,0.865,0.741,0.656,0.692,0.132,0.019,0.0,0.164,0.375,112,251,Allegretto,C,Minor,C Minor,0,0,0,0,0,0,0,0,1,0,0,0,1,0,0,0,0
david guetta,this one's for you (feat. zara larsson) (official song uefa euro 2016),False,2016,0.764,0.281,0.911,0.843,0.046,0.002,0.0,0.083,0.35,110,207,Allegretto,A,Minor,A Minor,0,0,0,0,1,0,1,0,1,0,0,0,1,0,0,0,0
astrid s,hurts so good,False,2016,0.0,0.642,0.566,0.766,0.047,0.084,0.0,0.09,0.365,120,208,Allegretto,G,Minor,G Minor,0,0,0,0,1,0,1,0,0,0,0,0,1,0,1,0,0
lil wayne,"sucker for pain (with wiz khalifa, imagine dragons, logic & ty dolla $ign feat. x ambassadors)",True,2016,0.843,0.441,0.774,0.797,0.532,0.261,0.0,0.756,0.75,169,243,Vivace,A,Minor,A Minor,0,0,0,0,0,0,0,0,1,0,0,0,1,0,0,0,0
twenty one pilots,heathens,False,2016,0.899,0.713,0.361,0.552,0.01,0.086,0.0,0.1,0.545,90,195,Moderato,E,Minor,E Minor,0,0,0,0,0,0,0,0,0,0,0,0,0,0,1,0,0
future,low life (feat. the weeknd),True,2016,0.832,0.701,0.292,0.629,0.089,0.345,0.286,0.15,0.068,144,313,Veloce (Allegro),G#,Major,G# Major,0,0,0,0,0,0,0,0,1,0,0,0,1,0,0,0,0
galantis,no money,False,2016,0.753,0.641,0.912,0.815,0.03,0.029,0.008,0.263,0.818,126,189,Veloce (Allegro),F#,Minor,F# Minor,0,0,0,0,1,0,1,0,0,0,0,0,1,0,0,0,0
chainsmokers,don't let me down,False,2016,0.888,0.476,0.862,0.762,0.269,0.161,0.005,0.138,0.411,160,208,Vivace,B,Major,B Major,0,0,0,0,1,0,1,0,0,0,0,0,1,0,0,0,0
tinie tempah,girls like (feat. zara larsson),True,2016,0.697,0.93,0.794,0.845,0.047,0.379,0.0,0.072,0.535,120,196,Allegretto,C,Major,C Major,0,0,0,0,1,0,1,0,1,0,0,0,1,0,0,0,0
alok,hear me now,False,2016,0.573,0.779,0.397,0.63,0.034,0.55,0.003,0.087,0.452,122,192,Veloce (Allegro),B,Major,B Major,0,0,0,0,1,0,1,0,0,0,0,0,1,0,0,0,0
jon bellion,all time low,True,2016,0.786,0.577,0.542,0.807,0.108,0.06,0.0,0.086,0.499,90,217,Moderato,C,Major,C Major,0,0,0,0,0,0,0,0,1,0,0,0,1,0,0,0,0
cheat codes,sex,False,2016,0.0,0.45,0.675,0.726,0.267,0.005,0.0,0.14,0.183,102,228,Moderato,C,Major,C Major,0,0,0,0,1,0,1,0,0,0,0,0,1,0,0,0,0
meghan trainor,no,False,2017,0.775,0.506,0.792,0.836,0.343,0.013,0.0,0.86,0.662,92,213,Moderato,C#,Minor,C# Minor,0,0,0,0,0,0,0,0,0,0,0,0,1,0,0,0,0
dua lipa,hotter than hell,False,2017,0.73,0.476,0.861,0.805,0.122,0.011,0.0,0.044,0.525,110,187,Allegretto,D#,Minor,D# Minor,0,0,0,0,0,0,0,0,0,0,0,0,1,0,0,0,0
martin garrix,in the name of love,False,2016,0.854,0.44,0.492,0.723,0.032,0.112,0.0,0.52,0.139,134,195,Veloce (Allegro),E,Minor,E Minor,0,0,0,0,1,0,1,0,0,0,0,0,1,0,0,0,0
alan walker,faded,False,2018,0.876,0.401,0.606,0.762,0.044,0.029,0.0,0.106,0.129,180,212,Frenetico (Presto),F#,Major,F# Major,0,0,0,0,1,0,1,0,0,0,0,0,0,0,0,0,0
tove lo,cool girl,True,2016,0.0,0.644,0.694,0.666,0.159,0.351,0.0,0.129,0.21,102,197,Moderato,A,Minor,A Minor,0,0,0,0,1,0,1,0,0,0,0,0,1,0,0,0,0
dj snake,let me love you,False,2016,0.91,0.615,0.7,0.748,0.021,0.088,0.0,0.136,0.134,100,205,Moderato,G#,Major,G# Major,0,0,0,0,1,0,1,0,1,0,0,0,1,0,0,0,0
calvin harris,this is what you came for (feat. rihanna),False,2016,0.888,0.593,0.924,0.876,0.018,0.204,0.121,0.152,0.457,124,222,Veloce (Allegro),A,Minor,A Minor,0,0,0,0,1,0,1,0,1,0,0,0,1,0,0,0,0
mike posner,i took a pill in ibiza - seeb remix,True,2016,0.865,0.632,0.698,0.685,0.159,0.036,0.0,0.076,0.719,102,197,Moderato,G,Minor,G Minor,0,0,0,0,1,0,1,0,1,0,0,0,1,0,0,0,0
kevin gates,2 phones,True,2016,0.775,0.905,0.663,0.753,0.606,0.161,0.0,0.201,0.552,122,240,Veloce (Allegro),G,Minor,G Minor,0,0,0,0,0,0,0,0,1,0,0,0,1,0,0,0,0
rihanna,needed me,True,2016,0.899,0.641,0.274,0.614,0.399,0.113,0.0,0.073,0.276,111,191,Allegretto,F,Minor,F Minor,0,0,0,0,0,0,0,0,1,0,0,0,1,1,0,0,0
ariana grande,side to side,True,2016,0.0,0.614,0.724,0.723,0.405,0.042,0.0,0.325,0.604,159,226,Vivace,F#,Minor,F# Minor,0,0,0,0,0,0,0,0,0,0,0,0,1,0,0,0,0
marshmello,alone,False,2016,0.798,0.593,0.951,0.829,0.02,0.025,0.016,0.104,0.411,142,273,Veloce (Allegro),D,Major,D Major,0,0,0,0,1,0,1,0,0,0,0,0,1,0,0,0,0
shawn mendes,i know what you did last summer,False,2015,0.82,0.66,0.748,0.787,0.116,0.104,0.0,0.151,0.754,114,223,Allegretto,A,Minor,A Minor,0,0,0,0,0,0,0,0,0,0,0,0,1,0,0,0,0
selena gomez,same old love,False,2015,0.775,0.642,0.57,0.816,0.013,0.023,0.0,0.232,0.428,98,229,Moderato,B,Minor,B Minor,0,0,0,0,0,0,0,0,0,0,0,0,1,0,0,0,0
calvin harris,my way,False,2016,0.832,0.814,0.909,0.862,0.035,0.095,0.0,0.168,0.533,120,219,Allegretto,E,Minor,E Minor,0,0,0,0,1,0,1,0,1,0,0,0,1,0,0,0,0
fitz and the tantrums,handclap,False,2016,0.719,0.599,0.827,0.865,0.035,0.006,0.0,0.074,0.724,140,193,Veloce (Allegro),G#,Major,G# Major,0,0,0,0,0,0,0,0,0,0,0,0,1,0,1,0,0
twenty one pilots,ride,False,2015,0.899,0.61,0.697,0.749,0.029,0.008,0.0,0.11,0.565,75,214,Lento (Adagio),F#,Major,F# Major,0,0,0,0,0,0,0,0,0,0,0,0,0,0,1,0,0
flo rida,my house,False,2015,0.854,0.661,0.685,0.777,0.048,0.022,0.0,0.128,0.751,94,192,Moderato,G,Minor,G Minor,0,0,0,0,0,0,0,0,1,0,0,0,1,0,0,0,0
ariana grande,dangerous woman,False,2016,0.0,0.648,0.582,0.751,0.028,0.063,0.0,0.399,0.277,134,235,Veloce (Allegro),G,Major,G Major,0,0,0,0,0,0,0,0,0,0,0,0,1,0,0,0,0
anne-marie,alarm,True,2016,0.64,0.741,0.566,0.762,0.378,0.083,0.0,0.186,0.827,147,205,Veloce (Allegro),C,Major,C Major,0,0,0,0,1,0,1,0,0,0,0,0,1,0,0,0,0
charlie puth,we don't talk anymore (feat. selena gomez),False,2016,0.888,0.708,0.538,0.616,0.2,0.636,0.0,0.189,0.336,100,217,Moderato,C#,Minor,C# Minor,0,0,0,0,0,0,0,0,0,0,0,0,1,0,0,0,0
alunageorge,i'm in control,False,2016,0.0,0.715,0.839,0.83,0.021,0.364,0.0,0.159,0.679,104,209,Moderato,B,Minor,B Minor,0,0,0,0,1,0,1,0,0,0,0,0,1,0,0,0,0
enrique iglesias,duele el corazon (feat. wisin),False,2016,0.764,0.694,0.904,0.853,0.144,0.088,0.0,0.136,0.889,91,199,Moderato,G#,Minor,G# Minor,0,0,0,0,0,0,0,0,0,0,1,0,1,0,0,0,0
mnek,never forget you,False,2015,0.506,0.537,0.717,0.731,0.041,0.003,0.0,0.298,0.254,146,213,Veloce (Allegro),B,Minor,B Minor,0,0,0,0,1,0,1,0,0,0,0,0,0,0,0,0,0
mike perry,the ocean (feat. shy martin),False,2016,0.786,0.595,0.551,0.694,0.01,0.023,0.0,0.099,0.16,90,183,Moderato,F,Major,F Major,0,0,0,0,1,0,1,0,0,0,0,0,1,0,0,0,0
drake,hotline bling,False,2016,0.0,0.915,0.599,0.614,0.064,0.004,0.0,0.035,0.536,135,267,Veloce (Allegro),D,Major,D Major,0,0,0,0,0,0,0,0,1,0,0,0,1,1,0,0,0
ariana grande,into you,False,2016,0.034,0.584,0.719,0.72,0.152,0.017,0.0,0.148,0.355,108,244,Moderato,A,Major,A Major,0,0,0,0,0,0,0,0,0,0,0,0,1,0,0,0,0
shawn mendes,treat you better,False,2017,0.921,0.372,0.809,0.812,0.575,0.109,0.0,0.103,0.758,83,187,Moderato,A#,Minor,A# Minor,0,0,0,0,0,0,0,0,0,0,0,0,1,0,0,0,0
tory lanez,say it,True,2016,0.82,0.493,0.502,0.494,0.064,0.088,0.0,0.123,0.223,107,237,Moderato,B,Minor,B Minor,0,0,0,0,0,0,0,0,1,0,0,0,1,1,0,0,0
coldplay,adventure of a lifetime,False,2015,0.854,0.602,0.921,0.822,0.023,0.002,0.0,0.153,0.526,112,263,Allegretto,G,Major,G Major,0,0,0,0,0,0,0,0,0,0,0,0,1,0,1,0,0
kungs,this girl - kungs vs. cookin' on 3 burners,False,2016,0.0,0.781,0.689,0.782,0.027,0.083,0.0,0.276,0.495,122,195,Veloce (Allegro),C,Minor,C Minor,0,0,0,0,1,0,1,0,0,0,0,0,1,0,0,0,0
saygrace,you don't own me (feat. g-eazy),False,2016,0.775,0.24,0.614,0.734,0.12,0.163,0.0,0.046,0.238,186,201,Frenetico (Presto),G,Major,G Major,0,0,0,0,0,0,0,0,0,0,0,0,1,1,0,0,0
x ambassadors,renegades,False,2015,0.843,0.469,0.855,0.717,0.122,0.015,0.061,0.25,0.524,90,195,Moderato,D,Major,D Major,0,0,0,0,0,0,0,0,1,0,0,0,1,0,1,0,0
dnce,cake by the ocean,True,2016,0.888,0.762,0.739,0.744,0.052,0.156,0.0,0.019,0.918,119,219,Allegretto,E,Minor,E Minor,0,0,0,0,0,0,0,0,0,0,0,0,1,0,0,0,0
99 souls,the girl is mine,False,2016,0.618,0.655,0.941,0.836,0.03,0.004,0.099,0.017,0.714,119,216,Allegretto,A,Major,A Major,0,0,0,0,1,0,1,0,0,0,0,0,0,0,0,0,0
illy,papercuts (feat. vera blue),False,2016,0.573,0.284,0.596,0.702,0.408,0.165,0.0,0.283,0.459,192,255,Frenetico (Presto),F#,Minor,F# Minor,0,0,0,0,1,0,1,0,1,0,0,0,1,0,0,0,0
kiiara,gold,False,2015,0.618,0.557,0.378,0.552,0.58,0.63,0.002,0.135,0.396,113,225,Allegretto,G#,Major,G# Major,0,0,0,0,1,0,1,0,0,0,0,0,1,0,1,0,0
kygo,stole the show,False,2016,0.0,0.649,0.612,0.695,0.267,0.155,0.0,0.151,0.47,100,222,Moderato,G#,Minor,G# Minor,0,0,0,0,1,0,1,0,0,0,0,0,1,0,0,0,0
fifth harmony,work from home (feat. ty dolla $ign),False,2016,0.843,0.797,0.562,0.724,0.036,0.106,0.0,0.052,0.594,105,214,Moderato,G#,Major,G# Major,0,0,0,0,0,0,0,0,0,0,0,0,1,0,0,0,0
drake,pop style,True,2016,0.708,0.69,0.431,0.518,0.18,0.197,0.0,0.1,0.023,133,212,Veloce (Allegro),G,Major,G Major,0,0,0,0,0,0,0,0,1,0,0,0,1,1,0,0,0
zayn,pillowtalk,True,2016,0.663,0.543,0.685,0.803,0.048,0.106,0.0,0.081,0.418,125,203,Veloce (Allegro),B,Major,B Major,0,0,0,0,1,0,1,0,0,0,0,0,1,0,0,0,0
alessia cara,here,False,2016,0.742,0.292,0.812,0.817,0.146,0.08,0.0,0.075,0.309,120,199,Allegretto,C,Major,C Major,0,0,0,0,0,0,0,0,0,0,0,0,1,1,0,0,0
dj snake,middle,False,2016,0.0,0.57,0.683,0.75,0.037,0.02,0.0,0.04,0.187,105,220,Moderato,A,Major,A Major,0,0,0,0,1,0,1,0,1,0,0,0,1,0,0,0,0
sigala,sweet lovin' - radio edit,False,2015,0.517,0.655,0.906,0.953,0.051,0.057,0.0,0.378,0.68,125,202,Veloce (Allegro),A#,Major,A# Major,0,0,0,0,1,0,1,0,0,0,0,0,1,0,0,0,0
drake,jumpman,True,2015,0.809,0.855,0.528,0.654,0.296,0.057,0.0,0.373,0.661,142,205,Veloce (Allegro),C#,Major,C# Major,0,0,0,0,0,0,0,0,1,0,0,0,1,1,0,0,0
charlie puth,dangerously,False,2016,0.697,0.67,0.49,0.6,0.024,0.373,0.0,0.211,0.205,112,199,Allegretto,D,Minor,D Minor,0,0,0,0,0,0,0,0,0,0,0,0,1,0,0,0,0
nick jonas,close,False,2016,0.775,0.621,0.602,0.753,0.106,0.259,0.0,0.147,0.388,124,234,Veloce (Allegro),F#,Minor,F# Minor,0,0,0,0,0,0,0,0,0,0,0,0,1,0,0,0,0
jonas blue,perfect strangers,False,2016,0.0,0.725,0.809,0.751,0.046,0.381,0.0,0.307,0.718,118,196,Allegretto,C#,Major,C# Major,0,0,0,0,1,0,1,0,0,0,0,0,1,0,0,0,0
major lazer,cold water (feat. justin bieber & mø),False,2016,0.0,0.566,0.787,0.762,0.036,0.075,0.0,0.162,0.495,93,185,Moderato,F#,Minor,F# Minor,0,0,0,0,1,0,1,0,1,0,0,0,1,0,0,0,0
chainsmokers,roses,False,2015,0.82,0.69,0.791,0.665,0.06,0.045,0.004,0.346,0.326,100,226,Moderato,E,Major,E Major,0,0,0,0,1,0,1,0,0,0,0,0,1,0,0,0,0
tory lanez,luv,True,2016,0.0,0.661,0.515,0.612,0.164,0.012,0.0,0.122,0.223,95,228,Moderato,B,Minor,B Minor,0,0,0,0,0,0,0,0,1,0,0,0,1,1,0,0,0
p!nk,"just like fire (from the original motion picture ""alice through the looking glass"")",False,2016,0.764,0.595,0.685,0.721,0.226,0.012,0.0,0.104,0.519,163,215,Vivace,G,Major,G Major,0,0,0,0,0,0,0,0,0,0,0,0,1,0,0,0,0
bryson tiller,don't,True,2015,0.876,0.752,0.319,0.739,0.311,0.228,0.0,0.09,0.161,97,198,Moderato,B,Minor,B Minor,0,0,0,0,0,0,0,0,1,0,0,0,1,1,0,0,0
steve aoki,just hold on,False,2016,0.708,0.612,0.929,0.84,0.107,0.004,0.0,0.043,0.359,115,198,Allegretto,B,Major,B Major,0,0,0,0,1,0,1,0,1,0,0,0,1,0,0,0,0
clean bandit,tears (feat. louisa johnson),False,2016,0.674,0.563,0.757,0.834,0.039,0.044,0.0,0.165,0.278,130,225,Veloce (Allegro),F,Minor,F Minor,0,0,0,0,1,0,1,0,0,0,0,0,1,0,0,0,0
jonas blue,fast car,False,2015,0.011,0.39,0.564,0.669,0.1,0.464,0.0,0.343,0.581,114,212,Allegretto,A,Major,A Major,0,0,0,0,1,0,1,0,0,0,0,0,1,0,0,0,0
flume,never be like you,True,2016,0.0,0.371,0.533,0.745,0.071,0.452,0.0,0.17,0.224,117,233,Allegretto,C,Major,C Major,0,0,0,0,1,0,1,0,0,0,0,0,0,0,0,0,0
bastille,good grief,False,2016,0.73,0.71,0.745,0.772,0.076,0.151,0.0,0.348,0.897,120,206,Allegretto,C#,Major,C# Major,0,0,0,0,0,0,0,0,0,0,0,0,1,0,1,0,0
sia,the greatest (feat. kendrick lamar),False,2016,0.764,0.637,0.71,0.711,0.439,0.01,0.0,0.042,0.739,192,210,Frenetico (Presto),C#,Major,C# Major,0,0,0,0,0,0,0,0,0,0,0,0,1,0,0,0,0
partynextdoor,not nice,False,2016,0.697,0.554,0.467,0.554,0.104,0.026,0.001,0.118,0.735,128,202,Veloce (Allegro),C,Major,C Major,0,0,0,0,0,0,0,0,1,0,0,0,1,1,0,0,0
garrett nash,"i hate u, i love u (feat. olivia o'brien)",True,2016,0.865,0.429,0.233,0.352,0.501,0.704,0.0,0.096,0.152,93,251,Moderato,F#,Minor,F# Minor,0,0,0,0,0,0,0,0,1,0,0,0,1,0,0,0,0
hilltop hoods,1955,False,2016,0.708,0.753,0.472,0.64,0.084,0.737,0.0,0.34,0.719,84,239,Moderato,B,Major,B Major,0,0,0,0,0,0,0,0,1,0,0,0,1,0,0,0,0
fifth harmony,all in my head (flex) (feat. fetty wap),False,2016,0.697,0.662,0.78,0.757,0.054,0.024,0.0,0.037,0.767,95,210,Moderato,C,Minor,C Minor,0,0,0,0,0,0,0,0,0,0,0,0,1,0,0,0,0
daya,"sit still, look pretty",False,2016,0.011,0.624,0.725,0.812,0.454,0.144,0.0,0.188,0.54,182,202,Frenetico (Presto),D,Major,D Major,0,0,0,0,1,0,1,0,0,0,0,0,1,0,1,0,0
kent jones,don't mind,True,2016,0.708,0.396,0.758,0.791,0.566,0.024,0.0,0.05,0.697,159,198,Vivace,G#,Major,G# Major,0,0,0,0,0,0,0,0,1,0,0,0,0,0,0,0,0
flume,say it,True,2016,0.596,0.534,0.504,0.676,0.016,0.075,0.0,0.048,0.251,75,262,Lento (Adagio),D#,Minor,D# Minor,0,0,0,0,1,0,1,0,0,0,0,0,0,0,0,0,0
bryson tiller,exchange,True,2015,0.854,0.468,0.4,0.49,0.293,0.11,0.0,0.136,0.254,160,194,Vivace,F#,Major,F# Major,0,0,0,0,0,0,0,0,1,0,0,0,1,1,0,0,0
mø,final song,False,2016,0.742,0.669,0.654,0.712,0.02,0.014,0.0,0.065,0.221,105,235,Moderato,C#,Minor,C# Minor,0,0,0,0,1,0,1,0,0,0,0,0,1,0,0,0,0
beyonce,sorry,True,2016,0.753,0.764,0.575,0.654,0.055,0.002,0.0,0.278,0.34,130,232,Veloce (Allegro),D,Major,D Major,0,0,0,0,0,0,0,0,0,0,0,0,1,1,0,0,0
little mix,shout out to my ex,False,2017,0.011,0.761,0.733,0.813,0.119,0.024,0.0,0.106,0.815,126,246,Veloce (Allegro),F,Major,F Major,0,0,0,0,0,0,0,0,0,0,0,0,1,0,0,0,0
lumineers,ophelia,False,2016,0.0,0.632,0.552,0.696,0.01,0.646,0.0,0.083,0.624,76,160,Lento (Adagio),F,Major,F Major,1,0,0,0,0,0,0,1,0,0,0,0,1,0,0,0,0
frank ocean,pink + white,False,2016,0.888,0.49,0.526,0.646,0.137,0.686,0.0,0.473,0.552,160,184,Vivace,A,Major,A Major,0,0,0,0,0,0,0,0,1,0,0,0,1,1,0,0,0
drake,too good,True,2016,0.832,0.786,0.634,0.626,0.146,0.05,0.0,0.094,0.384,118,263,Allegretto,G,Major,G Major,0,0,0,0,0,0,0,0,1,0,0,0,1,1,0,0,0
ed sheeran,shape of you,False,2017,0.944,0.823,0.632,0.856,0.103,0.595,0.0,0.086,0.955,96,233,Moderato,C#,Minor,C# Minor,0,0,0,0,0,0,0,0,0,0,0,0,1,0,0,0,0
sean paul,no lie,False,2018,0.944,0.725,0.876,0.872,0.17,0.048,0.0,0.222,0.454,102,221,Moderato,G,Major,G Major,0,0,0,0,0,0,0,0,1,0,0,0,1,0,0,0,0
luis fonsi,despacito (featuring daddy yankee),False,2017,0.0,0.628,0.774,0.779,0.266,0.214,0.0,0.109,0.864,178,228,Frenetico (Presto),D,Major,D Major,0,0,0,0,0,0,0,0,0,0,1,0,1,0,0,0,0
sam smith,too good at goodbyes,False,2017,0.888,0.652,0.336,0.607,0.036,0.656,0.0,0.177,0.468,92,201,Moderato,F,Major,F Major,0,0,0,0,0,0,0,0,0,0,0,0,1,0,0,0,0
clean bandit,rockabye (feat. sean paul & anne-marie),False,2016,0.843,0.699,0.75,0.813,0.053,0.416,0.0,0.191,0.753,102,251,Moderato,A,Minor,A Minor,0,0,0,0,1,0,1,0,0,0,0,0,1,0,0,0,0
camila cabello,havana (feat. young thug),False,2017,0.011,0.755,0.49,0.8,0.014,0.191,0.0,0.099,0.406,105,216,Moderato,G,Minor,G Minor,0,0,0,0,0,0,0,0,0,0,0,0,1,0,0,0,0
imagine dragons,thunder,False,2017,0.011,0.557,0.8,0.779,0.045,0.007,0.213,0.161,0.278,168,187,Vivace,C,Major,C Major,0,0,0,0,0,0,0,0,0,0,0,0,0,0,1,0,0
maroon 5,don't wanna know (feat. kendrick lamar),False,2018,0.764,0.773,0.588,0.711,0.084,0.351,0.0,0.092,0.406,100,214,Moderato,G,Major,G Major,0,0,0,0,0,0,0,0,0,0,0,0,1,0,0,0,0
chainsmokers,something just like this,False,2017,0.933,0.577,0.614,0.679,0.015,0.051,0.0,0.171,0.436,103,247,Moderato,B,Minor,B Minor,0,0,0,0,1,0,1,0,0,0,0,0,1,0,0,0,0
ed sheeran,perfect,False,2017,0.955,0.556,0.416,0.702,0.0,0.167,0.0,0.102,0.139,95,263,Moderato,G#,Major,G# Major,0,0,0,0,0,0,0,0,0,0,0,0,1,0,0,0,0
mgmt,little dark age,False,2018,0.91,0.681,0.696,0.71,0.028,0.01,0.001,0.094,0.622,98,299,Moderato,F#,Major,F# Major,0,0,0,0,0,0,0,0,0,0,0,0,0,0,1,0,0
travis scott,goosebumps,True,2016,0.933,0.842,0.713,0.847,0.046,0.087,0.0,0.153,0.419,130,243,Veloce (Allegro),G,Major,G Major,0,0,0,0,1,0,1,0,1,0,0,0,0,0,0,0,0
billie eilish,bored,False,2017,0.944,0.573,0.279,0.386,0.044,0.918,0.002,0.07,0.079,120,180,Allegretto,G,Major,G Major,0,0,0,0,1,0,1,0,0,0,0,0,1,0,0,0,0
future,mask off,True,2017,0.888,0.832,0.402,0.579,0.738,0.01,0.022,0.173,0.26,150,204,Veloce (Allegro),D,Major,D Major,0,0,0,0,0,0,0,0,1,0,0,0,1,0,0,0,0
g-eazy,him & i,True,2017,0.0,0.544,0.716,0.7,0.115,0.055,0.0,0.345,0.164,88,268,Moderato,D,Major,D Major,0,0,0,0,0,0,0,0,1,0,0,0,1,0,0,0,0
maroon 5,cold (feat. future),True,2017,0.0,0.671,0.7,0.703,0.162,0.121,0.0,0.025,0.5,100,234,Moderato,A,Minor,A Minor,0,0,0,0,0,0,0,0,0,0,0,0,1,0,0,0,0
rae sremmurd,swang,True,2016,0.843,0.652,0.274,0.553,0.063,0.205,0.0,0.094,0.137,140,208,Veloce (Allegro),G#,Major,G# Major,0,0,0,0,0,0,0,0,1,0,0,0,1,0,0,0,0
lil peep,save that shit,True,2017,0.865,0.479,0.559,0.585,0.01,0.027,0.0,0.48,0.114,106,231,Moderato,D,Major,D Major,0,0,0,0,0,0,0,0,1,0,0,0,0,0,0,0,0
a$ap ferg,plain jane,True,2017,0.832,0.79,0.836,0.743,0.456,0.067,0.0,0.079,0.516,170,173,Vivace,B,Major,B Major,0,0,0,0,0,0,0,0,1,0,0,0,1,0,0,0,0
french montana,unforgettable,True,2017,0.921,0.706,0.756,0.764,0.18,0.03,0.01,0.099,0.743,98,233,Moderato,F#,Major,F# Major,0,0,0,0,0,0,0,0,1,0,0,0,1,0,0,0,0
21 savage,bank account,True,2017,0.832,0.892,0.309,0.607,0.591,0.015,0.0,0.079,0.361,75,220,Lento (Adagio),G#,Minor,G# Minor,0,0,0,0,0,0,0,0,1,0,0,0,0,0,0,0,0
axwell ingrosso,more than you know,False,2017,0.0,0.61,0.727,0.767,0.019,0.033,0.0,0.323,0.53,123,203,Veloce (Allegro),F,Minor,F Minor,0,0,0,0,1,0,1,0,0,0,0,0,1,0,0,0,0
zayn,dusk till dawn (feat. sia) - radio edit,False,2017,0.865,0.154,0.405,0.688,0.028,0.104,0.0,0.102,0.061,180,239,Frenetico (Presto),B,Minor,B Minor,0,0,0,0,1,0,1,0,0,0,0,0,1,0,0,0,0
j balvin,mi gente,False,2017,0.596,0.495,0.684,0.773,0.123,0.018,0.0,0.135,0.29,104,189,Moderato,B,Minor,B Minor,0,0,0,0,0,0,0,0,0,0,1,0,0,0,0,0,0
jax jones,you don't know me - radio edit,True,2016,0.011,0.883,0.65,0.714,0.208,0.167,0.0,0.197,0.689,124,213,Veloce (Allegro),B,Minor,B Minor,0,0,0,0,1,0,1,0,1,0,0,0,1,0,0,0,0
rae sremmurd,black beatles,True,2016,0.843,0.786,0.611,0.709,0.075,0.146,0.0,0.128,0.339,146,291,Veloce (Allegro),C,Major,C Major,0,0,0,0,0,0,0,0,1,0,0,0,1,0,0,0,0
zara larsson,ain't my fault,False,2017,0.753,0.528,0.77,0.775,0.012,0.008,0.0,0.317,0.339,141,224,Veloce (Allegro),F#,Minor,F# Minor,0,0,0,0,1,0,1,0,0,0,0,0,1,0,0,0,0
travis scott,butterfly effect,False,2017,0.0,0.749,0.575,0.674,0.056,0.073,0.0,0.109,0.154,141,190,Veloce (Allegro),B,Major,B Major,0,0,0,0,1,0,1,0,1,0,0,0,0,0,0,0,0
ayo & teo,rolex,False,2017,0.775,0.798,0.88,0.89,0.03,0.086,0.0,0.294,0.803,145,238,Veloce (Allegro),C#,Major,C# Major,0,0,0,0,0,0,0,0,1,0,0,0,1,0,0,0,0
lil uzi vert,xo tour llif3,True,2017,0.91,0.713,0.736,0.699,0.376,0.003,0.0,0.105,0.388,155,182,Veloce (Allegro),B,Minor,B Minor,0,0,0,0,0,0,0,0,1,0,0,0,0,0,0,0,0
imagine dragons,whatever it takes,False,2017,0.899,0.642,0.636,0.766,0.014,0.037,0.0,0.115,0.554,135,201,Veloce (Allegro),A#,Minor,A# Minor,0,0,0,0,0,0,0,0,0,0,0,0,0,0,1,0,0
rob $tone,chill bill (feat. j. davi$ & spooks),True,2016,0.854,0.895,0.394,0.518,0.22,0.032,0.001,0.083,0.205,108,177,Moderato,F#,Major,F# Major,0,0,0,0,0,0,0,0,1,0,0,0,0,0,0,0,0
jason derulo,swalla (feat. nicki minaj & ty dolla $ign),True,2017,0.843,0.67,0.807,0.823,0.155,0.077,0.0,0.199,0.796,98,216,Moderato,C#,Major,C# Major,0,0,0,0,0,0,0,0,1,0,0,0,1,0,0,0,0
g-eazy,no limit,True,2017,0.0,0.838,0.758,0.826,0.399,0.012,0.0,0.077,0.392,176,245,Vivace,C#,Major,C# Major,0,0,0,0,0,0,0,0,1,0,0,0,1,0,0,0,0
playboi carti,magnolia,True,2017,0.865,0.782,0.558,0.652,0.475,0.012,0.0,0.395,0.433,163,181,Vivace,B,Minor,B Minor,0,0,0,0,0,0,0,0,1,0,0,0,0,0,0,0,0
chord overstreet,hold on,False,2017,0.899,0.578,0.411,0.535,0.053,0.48,0.0,0.074,0.138,120,198,Allegretto,D,Major,D Major,1,0,0,0,0,0,0,1,0,0,0,0,1,0,0,0,0
jax jones,breathe,False,2017,0.652,0.701,0.73,0.741,0.024,0.024,0.0,0.146,0.693,126,207,Veloce (Allegro),B,Minor,B Minor,0,0,0,0,1,0,1,0,1,0,0,0,1,0,0,0,0
imagine dragons,believer,False,2017,0.011,0.768,0.775,0.801,0.153,0.054,0.0,0.142,0.716,125,204,Veloce (Allegro),A#,Minor,A# Minor,0,0,0,0,0,0,0,0,0,0,0,0,0,0,1,0,0
natti natasha,criminal,False,2017,0.832,0.81,0.803,0.864,0.06,0.031,0.0,0.281,0.857,80,232,Moderato,D,Minor,D Minor,0,0,0,0,0,0,0,0,0,0,1,0,1,0,0,0,0
kendrick lamar,humble.,True,2017,0.0,0.918,0.604,0.679,0.121,0.0,0.0,0.091,0.412,150,177,Veloce (Allegro),C#,Minor,C# Minor,0,0,0,0,0,0,0,0,1,0,0,0,0,0,0,0,0
selena gomez,fetish (feat. gucci mane),False,2017,0.775,0.684,0.596,0.795,0.065,0.021,0.0,0.049,0.243,123,186,Veloce (Allegro),D,Major,D Major,0,0,0,0,0,0,0,0,0,0,0,0,1,0,0,0,0
charlie puth,attention,False,2017,0.0,0.762,0.605,0.795,0.036,0.099,0.0,0.076,0.79,100,211,Moderato,D#,Minor,D# Minor,0,0,0,0,0,0,0,0,0,0,0,0,1,0,0,0,0
big shaq,man's not hot,False,2017,0.697,0.917,0.878,0.812,0.385,0.114,0.0,0.103,0.588,135,186,Veloce (Allegro),C,Major,C Major,0,0,0,0,1,0,1,0,0,0,0,0,1,0,0,0,0
anne-marie,ciao adios,False,2017,0.64,0.673,0.876,0.862,0.114,0.13,0.0,0.154,0.435,106,200,Moderato,E,Minor,E Minor,0,0,0,0,1,0,1,0,0,0,0,0,1,0,0,0,0
rag'n'bone man,human,False,2017,0.854,0.559,0.691,0.811,0.504,0.403,0.0,0.173,0.552,75,200,Lento (Adagio),A,Major,A Major,0,0,0,0,0,0,0,0,0,0,0,0,0,1,0,0,0
blackbear,do re mi,True,2017,0.045,0.728,0.57,0.7,0.053,0.005,0.0,0.122,0.141,111,212,Allegretto,G#,Major,G# Major,0,0,0,0,1,0,1,0,1,0,0,0,1,0,0,0,0
lil pump,gucci gang,True,2017,0.719,0.954,0.496,0.682,0.066,0.245,0.0,0.115,0.707,120,124,Allegretto,F,Major,F Major,0,0,0,0,0,0,0,0,1,0,0,0,0,0,0,0,0
taylor swift,look what you made me do,False,2017,0.854,0.753,0.693,0.694,0.18,0.209,0.0,0.126,0.5,128,211,Veloce (Allegro),A,Minor,A Minor,0,0,0,0,0,0,0,0,0,0,0,0,1,0,0,0,0
enrique iglesias,subeme la radio (feat. descemer bueno & zion & lennox),False,2017,0.786,0.661,0.812,0.85,0.055,0.066,0.0,0.264,0.665,91,207,Moderato,C,Major,C Major,0,0,0,0,0,0,0,0,0,0,1,0,1,0,0,0,0
kodak black,tunnel vision,True,2017,0.573,0.435,0.46,0.632,0.49,0.059,0.0,0.121,0.206,172,268,Vivace,B,Minor,B Minor,0,0,0,0,0,0,0,0,1,0,0,0,0,0,0,0,0
kendrick lamar,dna.,True,2017,0.0,0.599,0.49,0.68,0.609,0.004,0.0,0.079,0.381,140,185,Veloce (Allegro),C,Major,C Major,0,0,0,0,0,0,0,0,1,0,0,0,0,0,0,0,0
a boogie wit da hoodie,drowning (feat. kodak black),True,2017,0.0,0.839,0.8,0.753,0.061,0.513,0.0,0.115,0.83,129,209,Veloce (Allegro),F,Minor,F Minor,0,0,0,0,0,0,0,0,1,0,0,0,0,0,0,0,0
xxxtentacion,jocelyn flores,True,2017,0.933,0.878,0.356,0.562,0.396,0.48,0.0,0.331,0.427,134,119,Veloce (Allegro),C,Minor,C Minor,0,0,0,0,0,0,0,0,1,0,0,0,0,0,0,0,0
migos,bad and boujee (feat. lil uzi vert),True,2017,0.809,0.942,0.647,0.751,0.399,0.063,0.0,0.122,0.139,127,343,Veloce (Allegro),B,Major,B Major,0,0,0,0,0,0,0,0,1,0,0,0,1,0,0,0,0
yo gotti,rake it up (feat. nicki minaj),True,2017,0.753,0.923,0.412,0.612,0.58,0.022,0.0,0.139,0.526,150,276,Veloce (Allegro),C#,Minor,C# Minor,0,0,0,0,0,0,0,0,1,0,0,0,1,0,0,0,0
martin garrix,scared to be lonely,False,2017,0.865,0.538,0.514,0.629,0.062,0.092,0.0,0.288,0.168,138,220,Veloce (Allegro),C#,Minor,C# Minor,0,0,0,0,1,0,1,0,0,0,0,0,1,0,0,0,0
jonas blue,mama,False,2017,0.573,0.721,0.781,0.803,0.034,0.093,0.0,0.036,0.544,104,181,Moderato,B,Minor,B Minor,0,0,0,0,1,0,1,0,0,0,0,0,1,0,0,0,0
martin jensen,solo dance,False,2016,0.0,0.727,0.827,0.895,0.05,0.045,0.0,0.208,0.344,115,174,Allegretto,F#,Minor,F# Minor,0,0,0,0,1,0,1,0,0,0,0,0,1,0,0,0,0
taylor swift,...ready for it?,False,2017,0.82,0.572,0.751,0.692,0.204,0.054,0.0,0.211,0.405,160,208,Vivace,D,Major,D Major,0,0,0,0,0,0,0,0,0,0,0,0,1,0,0,0,0
david guetta,2u (feat. justin bieber),False,2017,0.753,0.495,0.63,0.726,0.065,0.224,0.0,0.245,0.555,145,194,Veloce (Allegro),G#,Minor,G# Minor,0,0,0,0,1,0,1,0,1,0,0,0,1,0,0,0,0
migos,slippery (feat. gucci mane),True,2017,0.764,0.935,0.657,0.734,0.434,0.314,0.0,0.099,0.76,142,304,Veloce (Allegro),C#,Minor,C# Minor,0,0,0,0,0,0,0,0,1,0,0,0,1,0,0,0,0
shawn mendes,there's nothing holdin' me back,False,2017,0.0,0.86,0.789,0.814,0.064,0.39,0.0,0.084,0.992,122,199,Veloce (Allegro),D,Major,D Major,0,0,0,0,0,0,0,0,0,0,0,0,1,0,0,0,0
g-eazy,good life (with g-eazy & kehlani),False,2017,0.708,0.524,0.766,0.756,0.38,0.006,0.0,0.042,0.537,168,225,Vivace,C#,Major,C# Major,0,0,0,0,0,0,0,0,1,0,0,0,1,0,0,0,0
vamps,all night,False,2017,0.82,0.484,0.794,0.757,0.023,0.004,0.0,0.371,0.502,145,197,Veloce (Allegro),G#,Major,G# Major,0,0,0,0,0,0,0,0,0,0,0,0,1,0,0,0,0
dua lipa,new rules,False,2017,0.685,0.749,0.704,0.758,0.083,0.003,0.0,0.111,0.592,116,212,Allegretto,A,Minor,A Minor,0,0,0,0,0,0,0,0,0,0,0,0,1,0,0,0,0
cardi b,bodak yellow,True,2017,0.663,0.946,0.708,0.727,0.155,0.069,0.0,0.39,0.449,125,223,Veloce (Allegro),B,Minor,B Minor,0,0,0,0,0,0,0,0,1,0,0,0,1,0,0,0,0
rag'n'bone man,skin,False,2017,0.753,0.514,0.731,0.632,0.519,0.272,0.0,0.151,0.335,171,239,Vivace,C,Major,C Major,0,0,0,0,0,0,0,0,0,0,0,0,0,1,0,0,0
zara larsson,i would like,False,2017,0.64,0.422,0.697,0.818,0.053,0.087,0.0,0.075,0.277,121,226,Veloce (Allegro),D,Minor,D Minor,0,0,0,0,1,0,1,0,0,0,0,0,1,0,0,0,0
dj khaled,wild thoughts (feat. rihanna & bryson tiller),True,2017,0.809,0.641,0.654,0.861,0.082,0.034,0.0,0.116,0.635,98,204,Moderato,C,Minor,C Minor,0,0,0,0,0,0,0,0,1,0,0,0,1,0,0,0,0
post malone,congratulations,True,2016,0.91,0.592,0.794,0.807,0.024,0.22,0.0,0.278,0.486,123,220,Veloce (Allegro),F#,Major,F# Major,0,0,0,0,0,0,0,0,1,0,0,0,0,0,0,0,0
avicii,without you (feat. sandro cavazza),True,2017,0.865,0.63,0.851,0.774,0.036,0.002,0.0,0.029,0.275,134,181,Veloce (Allegro),D,Major,D Major,0,0,0,0,1,0,1,0,0,0,0,0,1,0,0,0,0
clean bandit,symphony (feat. zara larsson),False,2017,0.0,0.696,0.587,0.782,0.036,0.288,0.0,0.256,0.491,123,214,Veloce (Allegro),C,Minor,C Minor,0,0,0,0,1,0,1,0,0,0,0,0,1,0,0,0,0
katy perry,chained to the rhythm,False,2017,0.775,0.512,0.789,0.747,0.161,0.083,0.0,0.214,0.463,95,237,Moderato,C,Major,C Major,0,0,0,0,0,0,0,0,0,0,0,0,1,0,0,0,0
zay hilfigerrr,juju on that beat (tz anthem),False,2016,0.64,0.801,0.881,0.821,0.456,0.004,0.0,0.444,0.794,161,144,Vivace,C#,Major,C# Major,0,0,0,0,0,0,0,0,1,0,0,0,0,0,0,0,0
calvin harris,"feels (feat. pharrell williams, katy perry & big sean)",True,2017,0.888,0.903,0.731,0.86,0.061,0.066,0.0,0.088,0.892,101,223,Moderato,B,Minor,B Minor,0,0,0,0,1,0,1,0,1,0,0,0,1,0,0,0,0
migos,t-shirt,True,2017,0.719,0.87,0.67,0.829,0.351,0.248,0.0,0.164,0.479,139,242,Veloce (Allegro),A#,Minor,A# Minor,0,0,0,0,0,0,0,0,1,0,0,0,1,0,0,0,0
onerepublic,rich love (with seeb),False,2017,0.719,0.322,0.866,0.834,0.526,0.171,0.0,0.41,0.464,105,201,Moderato,C#,Minor,C# Minor,0,0,0,0,0,0,0,0,0,0,0,0,1,0,0,0,0
maggie lindemann,pretty girl - cheat codes x cade remix,True,2017,0.685,0.678,0.861,0.783,0.011,0.154,0.134,0.099,0.743,121,193,Veloce (Allegro),G,Minor,G Minor,0,0,0,0,0,0,0,0,0,0,0,0,1,0,1,0,0
macklemore,glorious (feat. skylar grey),True,2017,0.832,0.712,0.783,0.76,0.052,0.033,0.0,0.109,0.34,140,220,Veloce (Allegro),C,Minor,C Minor,0,0,0,0,0,0,0,0,1,0,0,0,1,0,0,0,0
hayden james,numb,True,2019,0.528,0.577,0.533,0.666,0.036,0.188,0.0,0.084,0.387,148,217,Veloce (Allegro),A#,Minor,A# Minor,0,0,0,0,1,0,1,0,0,0,0,0,1,0,0,0,0
liam payne,strip that down,False,2017,0.011,0.875,0.456,0.737,0.057,0.252,0.0,0.066,0.523,106,204,Moderato,F#,Major,F# Major,0,0,0,0,0,0,0,0,0,0,0,0,1,0,0,0,0
drake,passionfruit,True,2017,0.0,0.804,0.432,0.452,0.03,0.262,0.086,0.105,0.349,112,298,Allegretto,B,Major,B Major,0,0,0,0,0,0,0,0,1,0,0,0,1,1,0,0,0
justin bieber,friends (with bloodpop®),False,2017,0.0,0.727,0.725,0.749,0.028,0.005,0.0,0.342,0.653,105,189,Moderato,G#,Major,G# Major,0,0,0,0,0,0,0,0,0,0,0,0,1,0,0,0,0
zayn,"i don’t wanna live forever (fifty shades darker) - from ""fifty shades darker (original motion picture soundtrack)""",False,2016,0.0,0.716,0.42,0.6,0.064,0.065,0.0,0.365,0.051,118,245,Allegretto,C,Major,C Major,0,0,0,0,1,0,1,0,0,0,0,0,1,0,0,0,0
alessia cara,scars to your beautiful,False,2016,0.854,0.225,0.725,0.73,0.45,0.029,0.0,0.108,0.44,194,230,Frenetico (Presto),C,Major,C Major,0,0,0,0,0,0,0,0,0,0,0,0,1,1,0,0,0
2 chainz,it's a vibe,True,2017,0.798,0.819,0.474,0.649,0.226,0.032,0.001,0.111,0.521,73,210,Lento (Adagio),G,Major,G Major,0,0,0,0,0,0,0,0,1,0,0,0,1,0,0,0,0
starley,call on me - ryan riback remix,False,2016,0.539,0.64,0.83,0.814,0.024,0.062,0.001,0.165,0.725,105,222,Moderato,C,Major,C Major,0,0,0,0,1,0,1,0,0,0,0,0,1,0,0,0,0
ajr,weak,False,2017,0.0,0.643,0.617,0.79,0.036,0.14,0.0,0.195,0.684,124,201,Veloce (Allegro),F,Major,F Major,0,0,0,0,0,0,0,0,0,0,0,0,0,0,1,0,0
lana del rey,lust for life (with the weeknd),False,2017,0.0,0.437,0.658,0.588,0.063,0.602,0.005,0.405,0.275,100,264,Moderato,C,Minor,C Minor,0,0,0,0,0,0,0,0,0,0,0,0,1,0,0,0,0
cnco,reggaetón lento (remix),False,2017,0.0,0.584,0.905,0.862,0.095,0.162,0.0,0.091,0.656,94,188,Moderato,E,Minor,E Minor,0,0,0,0,0,0,0,0,0,0,1,0,1,0,0,0,0
vamps,middle of the night,False,2017,0.685,0.543,0.735,0.8,0.063,0.004,0.0,0.072,0.384,130,174,Veloce (Allegro),B,Minor,B Minor,0,0,0,0,0,0,0,0,0,0,0,0,1,0,0,0,0
weeknd,i feel it coming,False,2016,0.876,0.761,0.809,0.72,0.172,0.438,0.0,0.056,0.585,93,269,Moderato,C,Minor,C Minor,0,0,0,0,0,0,0,0,0,0,0,0,1,1,0,0,0
chainsmokers,paris,False,2017,0.82,0.619,0.639,0.696,0.013,0.022,0.0,0.087,0.194,100,221,Moderato,D,Major,D Major,0,0,0,0,1,0,1,0,0,0,0,0,1,0,0,0,0
big sean,bounce back,True,2017,0.798,0.77,0.551,0.736,0.21,0.109,0.0,0.129,0.251,82,222,Moderato,C#,Minor,C# Minor,0,0,0,0,0,0,0,0,1,0,0,0,1,0,0,0,0
shawn mendes,mercy,False,2017,0.0,0.511,0.656,0.772,0.106,0.121,0.0,0.108,0.369,148,208,Veloce (Allegro),E,Minor,E Minor,0,0,0,0,0,0,0,0,0,0,0,0,1,0,0,0,0
avicii,lonely together (feat. rita ora),False,2017,0.596,0.622,0.647,0.751,0.069,0.137,0.0,0.056,0.25,103,181,Moderato,F,Major,F Major,0,0,0,0,1,0,1,0,0,0,0,0,1,0,0,0,0
cheat codes,no promises (feat. demi lovato),False,2017,0.764,0.723,0.648,0.745,0.2,0.059,0.0,0.102,0.596,113,223,Allegretto,A#,Major,A# Major,0,0,0,0,1,0,1,0,0,0,0,0,1,0,0,0,0
bruno mars,24k magic,False,2016,0.876,0.814,0.792,0.802,0.102,0.035,0.0,0.158,0.635,107,225,Moderato,C#,Major,C# Major,0,0,0,0,0,0,0,0,0,0,0,0,1,0,0,0,0
lorde,homemade dynamite - remix,True,2017,0.09,0.771,0.522,0.767,0.096,0.235,0.0,0.127,0.146,107,214,Moderato,C,Minor,C Minor,0,0,0,0,1,0,1,0,0,0,0,0,1,0,0,0,0
kygo,it ain't me (with selena gomez),False,2017,0.843,0.604,0.506,0.688,0.086,0.122,0.0,0.078,0.51,100,220,Moderato,C,Major,C Major,0,0,0,0,1,0,1,0,0,0,0,0,1,0,0,0,0
drake,god's plan,True,2018,0.91,0.739,0.417,0.558,0.155,0.034,0.0,0.638,0.341,77,198,Moderato,G,Major,G Major,0,0,0,0,0,0,0,0,1,0,0,0,1,1,0,0,0
post malone,rockstar (feat. 21 savage),True,2018,0.933,0.539,0.493,0.71,0.087,0.127,0.0,0.132,0.097,160,218,Vivace,F,Minor,F Minor,0,0,0,0,0,0,0,0,1,0,0,0,0,0,0,0,0
offset,ric flair drip (with metro boomin),True,2017,0.899,0.888,0.395,0.604,0.331,0.153,0.0,0.111,0.315,100,172,Moderato,A,Major,A Major,0,0,0,0,0,0,0,0,1,0,0,0,1,0,0,0,0
g-eazy,him & i (with halsey),True,2017,0.843,0.544,0.716,0.7,0.115,0.055,0.0,0.345,0.164,88,268,Moderato,D,Major,D Major,0,0,0,0,0,0,0,0,1,0,0,0,1,0,0,0,0
dynoro,in my mind,False,2018,0.876,0.668,0.757,0.75,0.228,0.18,0.0,0.116,0.134,126,184,Veloce (Allegro),F#,Major,F# Major,0,0,0,0,1,0,1,0,0,0,0,0,1,0,0,0,0
juice wrld,lucid dreams,True,2018,0.944,0.452,0.541,0.656,0.32,0.358,0.0,0.383,0.192,84,239,Moderato,F#,Minor,F# Minor,0,0,0,0,0,0,0,0,1,0,0,0,0,0,0,0,0
zedd,the middle,False,2018,0.899,0.738,0.638,0.862,0.039,0.175,0.0,0.109,0.427,107,184,Moderato,G,Major,G Major,0,0,0,0,1,0,1,0,1,0,0,0,1,0,0,0,0
marshmello,friends,True,2018,0.876,0.588,0.874,0.896,0.049,0.21,0.0,0.128,0.53,95,202,Moderato,A,Minor,A Minor,0,0,0,0,1,0,1,0,0,0,0,0,1,0,0,0,0
cardi b,i like it,True,2018,0.888,0.812,0.711,0.816,0.191,0.101,0.0,0.422,0.654,136,253,Veloce (Allegro),F,Minor,F Minor,0,0,0,0,0,0,0,0,1,0,0,0,1,0,0,0,0
xxxtentacion,moonlight,True,2018,0.921,0.936,0.511,0.731,0.104,0.57,0.004,0.097,0.72,128,135,Veloce (Allegro),A,Minor,A Minor,0,0,0,0,0,0,0,0,1,0,0,0,0,0,0,0,0
ariana grande,no tears left to cry,False,2018,0.865,0.674,0.697,0.742,0.066,0.041,0.0,0.328,0.338,122,205,Veloce (Allegro),A,Minor,A Minor,0,0,0,0,0,0,0,0,0,0,0,0,1,0,0,0,0
sheck wes,mo bamba,True,2018,0.865,0.709,0.604,0.753,0.015,0.199,0.01,0.272,0.238,146,183,Veloce (Allegro),E,Major,E Major,0,0,0,0,0,0,0,0,1,0,0,0,0,0,0,0,0
calvin harris,one kiss (with dua lipa),False,2018,0.91,0.782,0.855,0.854,0.157,0.038,0.0,0.072,0.592,124,214,Veloce (Allegro),A,Minor,A Minor,0,0,0,0,1,0,1,0,1,0,0,0,1,0,0,0,0
tyga,taste (feat. offset),True,2018,0.82,0.892,0.534,0.646,0.175,0.024,0.0,0.096,0.325,98,232,Moderato,C,Major,C Major,0,0,0,0,0,0,0,0,1,0,0,0,1,0,0,0,0
travis scott,sicko mode,True,2018,0.91,0.833,0.715,0.83,0.36,0.005,0.0,0.123,0.436,155,312,Veloce (Allegro),G#,Major,G# Major,0,0,0,0,1,0,1,0,1,0,0,0,0,0,0,0,0
imagine dragons,natural,False,2018,0.899,0.68,0.589,0.712,0.032,0.222,0.0,0.072,0.195,100,189,Moderato,D,Major,D Major,0,0,0,0,0,0,0,0,0,0,0,0,0,0,1,0,0
dj snake,"taki taki (with selena gomez, ozuna & cardi b)",True,2018,0.854,0.843,0.79,0.808,0.37,0.161,0.0,0.051,0.619,96,212,Moderato,G#,Minor,G# Minor,0,0,0,0,1,0,1,0,1,0,0,0,1,0,0,0,0
marshmello,spotlight,False,2018,0.798,0.493,0.812,0.792,0.231,0.015,0.0,0.866,0.617,150,177,Veloce (Allegro),G,Major,G Major,0,0,0,0,1,0,1,0,0,0,0,0,1,0,0,0,0
weeknd,pray for me (with kendrick lamar),True,2018,0.775,0.716,0.659,0.768,0.126,0.078,0.0,0.108,0.16,101,211,Moderato,D,Major,D Major,0,0,0,0,0,0,0,0,0,0,0,0,1,1,0,0,0
billie eilish,lovely (with khalid),False,2018,0.966,0.262,0.255,0.514,0.018,0.957,0.0,0.088,0.088,115,200,Allegretto,E,Minor,E Minor,0,0,0,0,1,0,1,0,0,0,0,0,1,0,0,0,0
migos,walk it talk it,True,2018,0.843,0.92,0.612,0.759,0.291,0.09,0.0,0.102,0.382,146,276,Veloce (Allegro),D,Major,D Major,0,0,0,0,0,0,0,0,1,0,0,0,1,0,0,0,0
clean bandit,solo (feat. demi lovato),False,2018,0.798,0.719,0.616,0.789,0.037,0.045,0.0,0.395,0.564,105,222,Moderato,B,Minor,B Minor,0,0,0,0,1,0,1,0,0,0,0,0,1,0,0,0,0
drake,nonstop,True,2018,0.865,0.926,0.378,0.615,0.18,0.017,0.013,0.099,0.412,155,238,Veloce (Allegro),G,Major,G Major,0,0,0,0,0,0,0,0,1,0,0,0,1,1,0,0,0
6ix9ine,fefe,True,2018,0.472,0.948,0.352,0.563,0.703,0.09,0.0,0.138,0.361,126,179,Veloce (Allegro),C#,Major,C# Major,0,0,0,0,0,0,0,0,1,0,0,0,0,0,0,0,0
weeknd,call out my name,False,2018,0.899,0.392,0.57,0.769,0.022,0.174,0.0,0.343,0.146,134,228,Veloce (Allegro),C#,Major,C# Major,0,0,0,0,0,0,0,0,0,0,0,0,1,1,0,0,0
nio garcia,te boté - remix,True,2018,0.854,0.915,0.657,0.843,0.345,0.555,0.0,0.046,0.432,97,417,Moderato,B,Minor,B Minor,0,0,0,0,0,0,0,0,0,0,1,0,0,0,0,0,0
migos,motorsport,True,2018,0.809,0.916,0.49,0.751,0.289,0.031,0.0,0.365,0.16,138,303,Veloce (Allegro),D,Major,D Major,0,0,0,0,0,0,0,0,1,0,0,0,1,0,0,0,0
nicky jam,x,False,2019,0.832,0.55,0.735,0.752,0.059,0.035,0.001,0.335,0.702,180,172,Frenetico (Presto),A,Minor,A Minor,0,0,0,0,0,0,0,0,0,0,1,0,0,0,0,0,0
xxxtentacion,sad!,True,2018,0.921,0.722,0.591,0.772,0.22,0.264,0.004,0.122,0.465,75,166,Lento (Adagio),G#,Major,G# Major,0,0,0,0,0,0,0,0,1,0,0,0,0,0,0,0,0
becky g,sin pijama,False,2018,0.775,0.782,0.731,0.831,0.042,0.363,0.0,0.099,0.836,94,188,Moderato,B,Minor,B Minor,0,0,0,0,0,0,0,0,0,0,1,0,1,0,0,0,0
machine gun kelly,"home (with machine gun kelly, x ambassadors & bebe rexha)",False,2017,0.798,0.619,0.702,0.755,0.343,0.004,0.0,0.039,0.19,82,202,Moderato,D#,Minor,D# Minor,0,0,0,0,0,0,0,0,1,0,0,0,1,0,0,0,0
6ix9ine,gummo,True,2018,0.708,0.628,0.763,0.77,0.269,0.057,0.0,0.129,0.638,157,157,Vivace,D,Major,D Major,0,0,0,0,0,0,0,0,1,0,0,0,0,0,0,0,0
jax jones,breathe,False,2017,0.652,0.701,0.73,0.741,0.024,0.024,0.0,0.146,0.693,126,207,Veloce (Allegro),B,Minor,B Minor,0,0,0,0,1,0,1,0,1,0,0,0,1,0,0,0,0
chainsmokers,sick boy,False,2018,0.775,0.631,0.553,0.642,0.054,0.112,0.0,0.118,0.445,90,193,Moderato,B,Minor,B Minor,0,0,0,0,1,0,1,0,0,0,0,0,1,0,0,0,0
jay rock,"king's dead (with kendrick lamar, future & james blake)",True,2018,0.798,0.61,0.689,0.766,0.499,0.001,0.0,0.128,0.361,137,229,Veloce (Allegro),C#,Major,C# Major,0,0,0,0,0,0,0,0,1,0,0,0,1,0,0,0,0
rich the kid,plug walk,True,2018,0.809,0.883,0.492,0.691,0.217,0.207,0.0,0.104,0.128,95,175,Moderato,B,Major,B Major,0,0,0,0,0,0,0,0,1,0,0,0,1,0,0,0,0
kendrick lamar,all the stars (with sza),True,2018,0.899,0.673,0.612,0.769,0.066,0.062,0.0,0.086,0.55,97,232,Moderato,G#,Major,G# Major,0,0,0,0,0,0,0,0,1,0,0,0,0,0,0,0,0
logic,everyday,True,2018,0.775,0.636,0.727,0.811,0.026,0.044,0.0,0.066,0.411,150,204,Veloce (Allegro),C#,Major,C# Major,0,0,0,0,0,0,0,0,1,0,0,0,1,0,0,0,0
jason derulo,tip toe (feat. french montana),False,2017,0.719,0.846,0.693,0.789,0.087,0.024,0.0,0.087,0.622,98,187,Moderato,A#,Minor,A# Minor,0,0,0,0,0,0,0,0,1,0,0,0,1,0,0,0,0
ariana grande,god is a woman,True,2018,0.876,0.559,0.639,0.72,0.059,0.024,0.0,0.259,0.246,145,197,Veloce (Allegro),C#,Major,C# Major,0,0,0,0,0,0,0,0,0,0,0,0,1,0,0,0,0
rae sremmurd,powerglide (feat. juicy j) - from sr3mm,True,2018,0.742,0.69,0.822,0.779,0.229,0.017,0.0,0.116,0.584,174,332,Vivace,C#,Minor,C# Minor,0,0,0,0,0,0,0,0,1,0,0,0,1,0,0,0,0
eo,german,False,2018,0.753,0.866,0.559,0.704,0.076,0.831,0.0,0.204,0.871,103,170,Moderato,G#,Minor,G# Minor,0,0,0,0,0,0,0,0,0,0,0,0,1,0,0,0,0
dennis lloyd,nevermind,False,2017,0.832,0.557,0.671,0.602,0.322,0.163,0.0,0.466,0.044,100,156,Moderato,F,Minor,F Minor,0,0,0,0,0,0,0,0,0,0,0,0,1,0,0,0,0
girl in red,we fell in love in october,False,2018,0.921,0.516,0.33,0.381,0.009,0.116,0.184,0.161,0.213,130,184,Veloce (Allegro),G,Major,G Major,0,0,0,0,1,0,1,0,0,0,0,0,1,0,1,0,0
selena gomez,wolves,False,2017,0.876,0.703,0.794,0.786,0.039,0.127,0.0,0.22,0.287,125,197,Veloce (Allegro),B,Minor,B Minor,0,0,0,0,0,0,0,0,0,0,0,0,1,0,0,0,0
tiesto,jackie chan,True,2018,0.809,0.73,0.825,0.872,0.039,0.383,0.0,0.045,0.694,128,215,Veloce (Allegro),D#,Minor,D# Minor,0,0,0,0,1,0,1,0,0,0,0,0,1,0,0,0,0
tom walker,leave a light on,False,2017,0.786,0.54,0.603,0.72,0.162,0.016,0.0,0.134,0.245,69,185,Lento (Adagio),F,Major,F Major,0,0,0,0,0,0,0,0,0,0,0,0,1,0,1,0,0
sofia reyes,"1, 2, 3 (feat. jason derulo & de la ghetto)",False,2018,0.73,0.784,0.89,0.86,0.065,0.169,0.0,0.034,0.808,95,201,Moderato,C#,Minor,C# Minor,0,0,0,0,0,0,0,0,0,0,1,0,1,0,0,0,0
marshmello,silence,False,2017,0.899,0.462,0.748,0.861,0.112,0.262,0.0,0.179,0.265,142,180,Veloce (Allegro),E,Major,E Major,0,0,0,0,1,0,1,0,0,0,0,0,1,0,0,0,0
5 seconds of summer,youngblood,False,2018,0.775,0.552,0.846,0.761,0.796,0.017,0.0,0.123,0.122,120,203,Allegretto,G,Minor,G Minor,0,0,0,0,0,0,0,0,0,0,0,0,1,0,0,0,0
loud luxury,body (feat. brando),False,2017,0.0,0.736,0.751,0.796,0.027,0.049,0.0,0.039,0.582,122,163,Veloce (Allegro),C#,Major,C# Major,0,0,0,0,1,0,1,0,0,0,0,0,1,0,0,0,0
liam payne,for you (fifty shades freed) (& rita ora),False,2018,0.697,0.487,0.775,0.786,0.018,0.017,0.0,0.163,0.173,113,245,Allegretto,D,Minor,D Minor,0,0,0,0,0,0,0,0,0,0,0,0,1,0,0,0,0
nf,let you down,False,2017,0.888,0.63,0.698,0.733,0.177,0.32,0.0,0.189,0.456,148,212,Veloce (Allegro),F,Minor,F Minor,0,0,0,0,0,0,0,0,1,0,0,0,1,0,0,0,0
xxxtentacion,changes,False,2018,0.888,0.638,0.268,0.516,0.01,0.905,0.0,0.092,0.516,65,121,Lento (Adagio),B,Major,B Major,0,0,0,0,0,0,0,0,1,0,0,0,0,0,0,0,0
maluma,corazón (feat. nego do borel),False,2018,0.775,0.701,0.724,0.714,0.405,0.336,0.0,0.212,0.759,198,184,Frenetico (Presto),A,Minor,A Minor,0,0,0,0,0,0,0,0,0,0,1,0,0,0,0,0,0
cardi b,bodak yellow,True,2018,0.809,0.942,0.686,0.7,0.144,0.068,0.0,0.252,0.478,125,223,Veloce (Allegro),B,Minor,B Minor,0,0,0,0,0,0,0,0,1,0,0,0,1,0,0,0,0
lil baby,yes indeed,True,2018,0.888,0.986,0.308,0.554,0.917,0.036,0.0,0.104,0.56,120,142,Allegretto,F,Minor,F Minor,0,0,0,0,0,0,0,0,1,0,0,0,0,0,0,0,0
jonas blue,rise,False,2018,0.786,0.66,0.773,0.784,0.018,0.335,0.0,0.218,0.66,106,194,Moderato,C#,Major,C# Major,0,0,0,0,1,0,1,0,0,0,0,0,1,0,0,0,0
david guetta,flames,False,2018,0.663,0.593,0.629,0.722,0.028,0.084,0.0,0.086,0.41,94,194,Moderato,F,Minor,F Minor,0,0,0,0,1,0,1,0,1,0,0,0,1,0,0,0,0
ozuna,vaina loca,False,2018,0.809,0.739,0.794,0.804,0.094,0.323,0.0,0.218,0.553,94,176,Moderato,F#,Major,F# Major,0,0,0,0,0,0,0,0,0,0,1,0,0,0,0,0,0
charlie puth,how long,False,2018,0.809,0.846,0.536,0.754,0.099,0.216,0.0,0.02,0.827,110,200,Allegretto,C#,Minor,C# Minor,0,0,0,0,0,0,0,0,0,0,0,0,1,0,0,0,0
post malone,better now,True,2018,0.899,0.651,0.554,0.727,0.03,0.339,0.0,0.136,0.324,145,231,Veloce (Allegro),A#,Major,A# Major,0,0,0,0,0,0,0,0,1,0,0,0,0,0,0,0,0
blocboy jb,look alive (feat. drake),True,2018,0.82,0.937,0.557,0.643,0.446,0.001,0.0,0.1,0.596,140,181,Veloce (Allegro),A#,Major,A# Major,0,0,0,0,0,0,0,0,1,0,0,0,1,0,0,0,0
eminem,river (feat. ed sheeran),True,2017,0.809,0.732,0.735,0.721,0.892,0.146,0.0,0.06,0.664,90,221,Moderato,G#,Minor,G# Minor,0,0,0,0,0,0,0,0,1,0,0,0,0,0,0,0,0
marshmello,happier,False,2018,0.921,0.66,0.781,0.878,0.04,0.196,0.0,0.175,0.677,100,214,Moderato,F,Major,F Major,0,0,0,0,1,0,1,0,0,0,0,0,1,0,0,0,0
dean lewis,be alright,True,2018,0.888,0.501,0.562,0.701,0.024,0.714,0.0,0.072,0.433,127,196,Veloce (Allegro),B,Major,B Major,0,0,0,0,0,0,0,0,0,0,0,0,1,0,0,0,0
charlie puth,done for me (feat. kehlani),False,2018,0.753,0.859,0.611,0.831,0.092,0.198,0.0,0.057,0.705,112,180,Allegretto,F#,Minor,F# Minor,0,0,0,0,0,0,0,0,0,0,0,0,1,0,0,0,0
migos,stir fry,True,2018,0.809,0.813,0.806,0.747,0.445,0.003,0.0,0.165,0.503,182,190,Frenetico (Presto),D,Major,D Major,0,0,0,0,0,0,0,0,1,0,0,0,1,0,0,0,0
yg,"big bank (feat. 2 chainz, big sean, nicki minaj)",True,2018,0.764,0.728,0.308,0.633,0.557,0.006,0.0,0.08,0.079,204,237,Frenetico (Presto),C#,Major,C# Major,0,0,0,0,0,0,0,0,1,0,0,0,1,0,0,0,0
drake,in my feelings,True,2018,0.843,0.834,0.605,0.725,0.184,0.06,0.0,0.45,0.334,91,217,Moderato,C#,Major,C# Major,0,0,0,0,0,0,0,0,1,0,0,0,1,1,0,0,0
b young,jumanji,False,2018,0.674,0.782,0.443,0.526,0.41,0.286,0.0,0.09,0.604,96,173,Moderato,A#,Minor,A# Minor,0,0,0,0,1,0,1,0,1,0,0,0,0,0,0,0,0
charlie puth,the way i am,False,2018,0.719,0.74,0.756,0.734,0.294,0.322,0.0,0.05,0.646,115,186,Allegretto,A#,Minor,A# Minor,0,0,0,0,0,0,0,0,0,0,0,0,1,0,0,0,0
reik,me niego (feat. ozuna & wisin),False,2018,0.011,0.766,0.767,0.794,0.134,0.056,0.0,0.739,0.781,94,221,Moderato,C,Minor,C Minor,0,0,0,0,0,0,0,0,0,0,1,0,1,0,0,0,0
benny blanco,eastside (with halsey & khalid),False,2018,0.843,0.509,0.662,0.636,0.539,0.569,0.0,0.114,0.3,89,173,Moderato,F#,Minor,F# Minor,0,0,0,0,0,0,0,0,1,0,0,0,1,0,0,0,0
luis fonsi,échame la culpa,False,2017,0.697,0.714,0.887,0.834,0.034,0.038,0.0,0.139,0.681,96,173,Moderato,C,Major,C Major,0,0,0,0,0,0,0,0,0,0,1,0,1,0,0,0,0
mk,17,False,2017,0.73,0.678,0.823,0.658,0.083,0.002,0.129,0.058,0.673,122,196,Veloce (Allegro),C,Minor,C Minor,0,0,0,0,1,0,1,0,0,0,0,0,1,0,0,0,0
rita ora,anywhere,False,2017,0.708,0.59,0.786,0.818,0.066,0.037,0.0,0.099,0.303,107,215,Moderato,B,Minor,B Minor,0,0,0,0,1,0,1,0,1,0,0,0,1,0,0,0,0
banx & ranx,answerphone (feat. yxng bane),False,2018,0.629,0.641,0.825,0.82,0.118,0.04,0.0,0.52,0.445,113,190,Allegretto,C#,Minor,C# Minor,0,0,0,0,1,0,1,0,0,0,0,0,0,0,0,0,0
ella mai,trip,False,2018,0.809,0.411,0.588,0.736,0.218,0.23,0.0,0.103,0.342,80,213,Moderato,B,Minor,B Minor,0,0,0,0,0,0,0,0,1,0,0,0,1,1,0,0,0
daddy yankee,dura,False,2018,0.798,0.773,0.832,0.845,0.05,0.178,0.0,0.47,0.857,95,200,Moderato,C#,Major,C# Major,0,0,0,0,0,0,0,0,0,0,1,0,0,0,0,0,0
dj khaled,no brainer,True,2018,0.753,0.5,0.747,0.781,0.577,0.075,0.0,0.078,0.643,136,260,Veloce (Allegro),C,Major,C Major,0,0,0,0,0,0,0,0,1,0,0,0,1,0,0,0,0
anne-marie,2002,False,2018,0.899,0.671,0.665,0.871,0.17,0.038,0.0,0.139,0.604,96,186,Moderato,C#,Minor,C# Minor,0,0,0,0,1,0,1,0,0,0,0,0,1,0,0,0,0
bruno mars,finesse - remix; feat. cardi b,False,2017,0.832,0.68,0.852,0.773,0.138,0.019,0.0,0.0,0.95,105,217,Moderato,F,Minor,F Minor,0,0,0,0,0,0,0,0,0,0,0,0,1,0,0,0,0
finneas,let's fall in love for the night,True,2018,0.798,0.719,0.374,0.621,0.146,0.822,0.0,0.18,0.359,128,190,Veloce (Allegro),F,Major,F Major,0,0,0,0,1,0,1,0,0,0,0,0,1,0,1,0,0
hugh jackman,the greatest show,False,2017,0.809,0.34,0.815,0.65,0.148,0.0,0.055,0.061,0.387,158,302,Vivace,B,Minor,B Minor,0,0,0,0,0,1,0,0,0,0,0,0,0,0,0,0,0
halsey,bad at love,False,2017,0.809,0.645,0.737,0.839,0.012,0.062,0.0,0.082,0.614,118,181,Allegretto,C,Major,C Major,0,0,0,0,1,0,1,0,0,0,0,0,1,0,0,0,0
drake,i'm upset,True,2018,0.764,0.91,0.562,0.625,0.578,0.286,0.0,0.075,0.486,150,214,Veloce (Allegro),B,Minor,B Minor,0,0,0,0,0,0,0,0,1,0,0,0,1,1,0,0,0
camila cabello,never be the same,False,2018,0.832,0.6,0.697,0.8,0.093,0.185,0.001,0.139,0.219,130,226,Veloce (Allegro),C,Major,C Major,0,0,0,0,0,0,0,0,0,0,0,0,1,0,0,0,0
m.o,bad vibe,False,2018,0.607,0.808,0.684,0.795,0.039,0.182,0.0,0.09,0.77,110,214,Allegretto,A#,Major,A# Major,0,0,0,0,1,0,1,0,0,0,0,0,1,0,0,0,0
dua lipa,idgaf,True,2017,0.876,0.836,0.518,0.718,0.129,0.041,0.0,0.073,0.505,97,217,Moderato,G,Major,G Major,0,0,0,0,0,0,0,0,0,0,0,0,1,0,0,0,0
cashmere cat,miss you (with major lazer & tory lanez),False,2018,0.629,0.73,0.621,0.791,0.125,0.256,0.001,0.102,0.444,100,186,Moderato,C#,Major,C# Major,0,0,0,0,0,0,0,0,0,0,0,0,1,0,1,0,0
bazzi,mine,True,2018,0.843,0.687,0.778,0.822,0.089,0.016,0.0,0.516,0.726,143,131,Veloce (Allegro),E,Major,E Major,0,0,0,0,1,0,1,0,0,0,0,0,1,0,0,0,0
lil dicky,freaky friday (feat. chris brown),True,2018,0.786,0.74,0.576,0.764,0.363,0.151,0.0,0.105,0.767,133,216,Veloce (Allegro),G#,Major,G# Major,0,0,0,0,0,0,0,0,1,0,0,0,1,0,0,0,0
lauv,i like me better,False,2018,0.91,0.736,0.477,0.637,0.416,0.548,0.0,0.099,0.407,92,197,Moderato,A,Major,A Major,0,0,0,0,1,0,1,0,0,0,0,0,1,0,0,0,0
chainsmokers,this feeling,False,2018,0.82,0.527,0.547,0.623,0.037,0.057,0.0,0.084,0.44,105,197,Moderato,C#,Major,C# Major,0,0,0,0,1,0,1,0,0,0,0,0,1,0,0,0,0
maroon 5,girls like you (feat. cardi b) - cardi b version,True,2018,0.82,0.853,0.515,0.676,0.049,0.582,0.0,0.13,0.438,125,235,Veloce (Allegro),C,Major,C Major,0,0,0,0,0,0,0,0,0,0,0,0,1,0,0,0,0
khalid,love lies (with normani),False,2018,0.82,0.684,0.628,0.736,0.039,0.098,0.0,0.135,0.321,144,201,Veloce (Allegro),F#,Major,F# Major,0,0,0,0,0,0,0,0,0,0,0,0,1,1,0,0,0
drake,nice for what,True,2018,0.865,0.539,0.905,0.694,0.086,0.091,0.0,0.117,0.77,93,210,Moderato,G#,Major,G# Major,0,0,0,0,0,0,0,0,1,0,0,0,1,1,0,0,0
kendrick lamar,love. feat. zacari.,True,2017,0.899,0.793,0.562,0.651,0.125,0.27,0.0,0.158,0.792,126,213,Veloce (Allegro),A#,Major,A# Major,0,0,0,0,0,0,0,0,1,0,0,0,0,0,0,0,0
post malone,psycho (feat. ty dolla $ign),True,2018,0.865,0.734,0.535,0.614,0.148,0.559,0.0,0.108,0.45,140,221,Veloce (Allegro),G#,Major,G# Major,0,0,0,0,0,0,0,0,1,0,0,0,0,0,0,0,0
lil nas x,old town road - remix,False,2019,0.888,0.885,0.598,0.739,0.142,0.055,0.0,0.11,0.643,136,157,Veloce (Allegro),F#,Major,F# Major,0,0,0,0,0,0,0,0,1,0,0,0,1,0,0,0,0
billie eilish,bad guy,False,2019,0.933,0.676,0.392,0.472,0.636,0.336,0.132,0.094,0.56,135,194,Veloce (Allegro),G,Major,G Major,0,0,0,0,1,0,1,0,0,0,0,0,1,0,0,0,0
shawn mendes,señorita,False,2019,0.876,0.745,0.522,0.715,0.01,0.04,0.0,0.074,0.76,117,190,Allegretto,A,Minor,A Minor,0,0,0,0,0,0,0,0,0,0,0,0,1,0,0,0,0
ariana grande,7 rings,True,2019,0.933,0.767,0.278,0.483,0.562,0.606,0.0,0.08,0.309,140,178,Veloce (Allegro),C#,Minor,C# Minor,0,0,0,0,0,0,0,0,0,0,0,0,1,0,0,0,0
post malone,sunflower - spider-man: into the spider-verse,False,2019,0.888,0.74,0.495,0.798,0.062,0.546,0.0,0.056,0.949,90,157,Moderato,D,Major,D Major,0,0,0,0,0,0,0,0,1,0,0,0,0,0,0,0,0
gesaffelstein,lost in the fire (feat. the weeknd),True,2019,0.944,0.625,0.653,0.41,0.024,0.096,0.001,0.112,0.137,101,202,Moderato,D,Major,D Major,0,0,0,0,1,0,1,0,0,0,0,0,0,0,0,0,0
halsey,without me,True,2018,0.865,0.736,0.459,0.665,0.086,0.304,0.0,0.087,0.529,136,201,Veloce (Allegro),F#,Major,F# Major,0,0,0,0,1,0,1,0,0,0,0,0,1,0,0,0,0
regard,ride it,False,2019,0.91,0.888,0.737,0.803,0.116,0.181,0.0,0.102,0.905,118,157,Allegretto,G,Minor,G Minor,0,0,0,0,1,0,1,0,0,0,0,0,1,0,0,0,0
lady gaga,shallow,False,2018,0.921,0.524,0.35,0.699,0.014,0.38,0.0,0.252,0.305,96,215,Moderato,G,Major,G Major,0,0,0,0,0,0,0,0,0,0,0,0,1,0,0,0,0
mark ronson,nothing breaks like a heart (feat. miley cyrus),False,2018,0.888,0.558,0.783,0.725,0.079,0.01,0.0,0.441,0.22,114,217,Allegretto,G,Minor,G Minor,0,0,0,0,0,0,0,0,0,0,0,0,1,0,0,0,0
lewis capaldi,someone you loved,False,2019,0.944,0.44,0.371,0.733,0.016,0.77,0.0,0.1,0.436,110,182,Allegretto,C#,Major,C# Major,0,0,0,0,0,0,0,0,0,0,0,0,1,0,0,0,0
jax jones,all day and night,False,2019,0.674,0.539,0.77,0.811,0.12,0.276,0.0,0.162,0.516,122,169,Veloce (Allegro),C#,Minor,C# Minor,0,0,0,0,1,0,1,0,1,0,0,0,1,0,0,0,0
mustard,pure water (with migos),True,2019,0.843,0.654,0.534,0.74,0.188,0.178,0.0,0.388,0.106,202,192,Frenetico (Presto),C,Major,C Major,0,0,0,0,0,0,0,0,1,0,0,0,1,0,0,0,0
nle choppa,shotta flow (feat. blueface) [remix],True,2019,0.0,0.904,0.483,0.778,0.718,0.026,0.0,0.142,0.567,120,176,Allegretto,D,Major,D Major,0,0,0,0,0,0,0,0,1,0,0,0,0,0,0,0,0
kodak black,zeze (feat. travis scott & offset),True,2018,0.865,0.865,0.581,0.728,0.276,0.053,0.0,0.085,0.498,98,228,Moderato,G#,Minor,G# Minor,0,0,0,0,0,0,0,0,1,0,0,0,0,0,0,0,0
daddy yankee,con calma,False,2019,0.888,0.719,0.853,0.883,0.065,0.113,0.0,0.043,0.661,94,193,Moderato,G#,Minor,G# Minor,0,0,0,0,0,0,0,0,0,0,1,0,0,0,0,0,0
alec benjamin,let me down slowly,False,2018,0.921,0.618,0.532,0.731,0.016,0.758,0.0,0.123,0.476,150,169,Veloce (Allegro),C#,Minor,C# Minor,0,0,0,0,1,0,1,0,0,0,0,0,1,0,1,0,0
blackpink,kill this love,False,2019,0.011,0.72,0.854,0.809,0.387,0.326,0.002,0.365,0.58,132,189,Veloce (Allegro),D,Major,D Major,0,0,0,0,0,0,0,0,0,0,0,0,1,0,0,0,0
offset,clout (feat. cardi b),True,2019,0.764,0.934,0.601,0.649,0.138,0.234,0.0,0.121,0.413,140,205,Veloce (Allegro),C#,Major,C# Major,0,0,0,0,0,0,0,0,1,0,0,0,1,0,0,0,0
meduza,piece of your heart,False,2019,0.843,0.648,0.73,0.677,0.011,0.041,0.0,0.063,0.634,124,152,Veloce (Allegro),A#,Minor,A# Minor,0,0,0,0,1,0,1,0,0,0,0,0,1,0,0,0,0
ed sheeran,antisocial (with travis scott),False,2019,0.708,0.694,0.814,0.751,0.048,0.135,0.0,0.408,0.933,152,161,Veloce (Allegro),F,Minor,F Minor,0,0,0,0,0,0,0,0,0,0,0,0,1,0,0,0,0
travis scott,sicko mode,True,2018,0.91,0.833,0.715,0.83,0.36,0.005,0.0,0.123,0.436,155,312,Veloce (Allegro),G#,Major,G# Major,0,0,0,0,1,0,1,0,1,0,0,0,0,0,0,0,0
mabel,mad love,False,2019,0.0,0.593,0.792,0.867,0.238,0.692,0.0,0.106,0.622,198,169,Frenetico (Presto),C,Minor,C Minor,0,0,0,0,1,0,1,0,0,0,0,0,1,0,0,0,0
lana del rey,doin' time,True,2019,0.899,0.605,0.534,0.464,0.022,0.414,0.004,0.087,0.519,145,202,Veloce (Allegro),G,Minor,G Minor,0,0,0,0,0,0,0,0,0,0,0,0,1,0,0,0,0
dj snake,"taki taki (feat. selena gomez, ozuna & cardi b)",True,2019,0.786,0.843,0.79,0.808,0.37,0.161,0.0,0.051,0.619,96,212,Moderato,G#,Minor,G# Minor,0,0,0,0,1,0,1,0,1,0,0,0,1,0,0,0,0
a boogie wit da hoodie,look back at it,True,2018,0.82,0.782,0.564,0.763,0.033,0.417,0.0,0.152,0.533,96,179,Moderato,D#,Minor,D# Minor,0,0,0,0,0,0,0,0,1,0,0,0,0,0,0,0,0
saweetie,my type,True,2019,0.798,0.91,0.801,0.703,0.425,0.001,0.0,0.055,0.587,105,126,Moderato,D,Major,D Major,0,0,0,0,0,0,0,0,1,0,0,0,1,1,0,0,0
lil tecca,ransom,True,2019,0.876,0.728,0.622,0.704,0.477,0.021,0.0,0.053,0.201,180,131,Frenetico (Presto),G,Minor,G Minor,0,0,0,0,0,0,0,0,1,0,0,0,0,0,0,0,0
russ millions,keisha & becky - remix,True,2019,0.775,0.868,0.441,0.542,0.823,0.257,0.0,0.12,0.648,141,252,Veloce (Allegro),F#,Major,F# Major,0,0,0,0,0,0,0,0,0,0,0,0,1,0,0,0,0
billie eilish,lovely (with khalid),False,2018,0.966,0.262,0.255,0.514,0.018,0.957,0.0,0.088,0.088,115,200,Allegretto,E,Minor,E Minor,0,0,0,0,1,0,1,0,0,0,0,0,1,0,0,0,0
mabel,don't call me up,False,2019,0.865,0.644,0.875,0.873,0.224,0.303,0.0,0.07,0.21,99,178,Moderato,A,Major,A Major,0,0,0,0,1,0,1,0,0,0,0,0,1,0,0,0,0
lil nas x,old town road,False,2019,0.854,0.92,0.503,0.712,0.188,0.059,0.0,0.096,0.502,136,113,Veloce (Allegro),C#,Major,C# Major,0,0,0,0,0,0,0,0,1,0,0,0,1,0,0,0,0
meek mill,going bad (feat. drake),True,2018,0.876,0.898,0.467,0.699,0.122,0.265,0.0,0.277,0.541,86,180,Moderato,E,Minor,E Minor,0,0,0,0,0,0,0,0,1,0,0,0,1,0,0,0,0
post malone,wow.,True,2019,0.888,0.827,0.513,0.65,0.334,0.139,0.0,0.098,0.374,100,149,Moderato,B,Minor,B Minor,0,0,0,0,0,0,0,0,1,0,0,0,0,0,0,0,0
doja cat,juicy,True,2019,0.64,0.777,0.639,0.885,0.078,0.088,0.0,0.057,0.449,170,202,Vivace,C,Major,C Major,0,0,0,0,0,0,0,0,0,0,0,0,1,0,0,0,0
a boogie wit da hoodie,swervin (feat. 6ix9ine),True,2018,0.843,0.534,0.643,0.755,0.506,0.016,0.0,0.108,0.424,93,189,Moderato,A,Major,A Major,0,0,0,0,0,0,0,0,1,0,0,0,0,0,0,0,0
iann dior,emotions,False,2019,0.809,0.592,0.609,0.707,0.03,0.013,0.0,0.145,0.134,81,131,Moderato,A,Major,A Major,0,0,0,0,0,0,0,0,1,0,0,0,1,0,0,0,0
paulo londra,adan y eva,False,2019,0.809,0.754,0.693,0.793,0.566,0.331,0.0,0.064,0.729,172,256,Vivace,C#,Major,C# Major,0,0,0,0,1,0,1,0,1,0,1,0,0,0,0,0,0
drake,money in the grave (drake ft. rick ross),True,2019,0.854,0.83,0.474,0.814,0.041,0.104,0.0,0.121,0.067,101,205,Moderato,A#,Minor,A# Minor,0,0,0,0,0,0,0,0,1,0,0,0,1,1,0,0,0
lil nas x,panini,False,2019,0.798,0.678,0.571,0.71,0.094,0.35,0.0,0.122,0.467,154,114,Veloce (Allegro),F,Minor,F Minor,0,0,0,0,0,0,0,0,1,0,0,0,1,0,0,0,0
bad bunny,mia (feat. drake),False,2018,0.865,0.813,0.513,0.7,0.07,0.014,0.0,0.093,0.128,97,210,Moderato,F#,Minor,F# Minor,0,0,0,0,0,0,0,0,0,0,1,0,0,0,0,0,0
polo g,pop out (feat. lil tjay),True,2019,0.876,0.76,0.619,0.662,0.803,0.154,0.0,0.058,0.238,168,166,Vivace,C#,Major,C# Major,0,0,0,0,0,0,0,0,1,0,0,0,0,0,0,0,0
juice wrld,robbery,True,2019,0.596,0.657,0.675,0.76,0.041,0.336,0.0,0.158,0.578,160,240,Vivace,D,Major,D Major,0,0,0,0,0,0,0,0,1,0,0,0,0,0,0,0,0
21 savage,a lot,True,2018,0.876,0.837,0.616,0.636,0.114,0.04,0.001,0.385,0.252,146,288,Veloce (Allegro),C#,Major,C# Major,0,0,0,0,0,0,0,0,1,0,0,0,0,0,0,0,0
young thug,the london (feat. j. cole & travis scott),True,2019,0.775,0.788,0.562,0.67,0.224,0.025,0.0,0.133,0.151,98,200,Moderato,E,Minor,E Minor,0,0,0,0,0,0,0,0,1,0,0,0,1,0,0,0,0
anuel aa,china,False,2019,0.854,0.777,0.798,0.831,0.118,0.087,0.0,0.073,0.611,105,301,Moderato,G,Major,G Major,0,0,0,0,0,0,0,0,0,0,1,0,0,0,0,0,0
camila cabello,liar,False,2019,0.73,0.722,0.469,0.683,0.04,0.017,0.003,0.358,0.657,98,207,Moderato,B,Minor,B Minor,0,0,0,0,0,0,0,0,0,0,0,0,1,0,0,0,0
flipp dinero,leave me alone,True,2019,0.775,0.784,0.729,0.875,0.112,0.11,0.0,0.194,0.753,150,195,Veloce (Allegro),G,Major,G Major,0,0,0,0,0,0,0,0,1,0,0,0,1,0,0,0,0
cardi b,money,True,2018,0.82,0.97,0.567,0.692,0.483,0.006,0.0,0.106,0.194,130,183,Veloce (Allegro),G#,Minor,G# Minor,0,0,0,0,0,0,0,0,1,0,0,0,1,0,0,0,0
ariana grande,"break up with your girlfriend, i'm bored",True,2019,0.854,0.706,0.529,0.752,0.124,0.043,0.0,0.102,0.318,170,190,Vivace,F,Minor,F Minor,0,0,0,0,0,0,0,0,0,0,0,0,1,0,0,0,0
dave,location (feat. burna boy),True,2019,0.876,0.807,0.467,0.719,0.495,0.278,0.0,0.089,0.548,110,241,Allegretto,A,Minor,A Minor,0,0,0,0,0,0,0,0,1,0,0,0,0,0,0,0,0
ava max,sweet but psycho,False,2018,0.079,0.697,0.688,0.78,0.044,0.071,0.0,0.174,0.631,133,187,Veloce (Allegro),C#,Major,C# Major,0,0,0,0,0,0,0,0,0,0,0,0,1,0,0,0,0
dua lipa,don't start now,False,2019,0.888,0.786,0.782,0.79,0.11,0.013,0.0,0.089,0.683,124,183,Veloce (Allegro),B,Minor,B Minor,0,0,0,0,0,0,0,0,0,0,0,0,1,0,0,0,0
young t & bugsey,strike a pose (feat. aitch),True,2019,0.685,0.475,0.557,0.727,0.141,0.011,0.0,0.096,0.591,138,214,Veloce (Allegro),C#,Major,C# Major,0,0,0,0,0,0,0,0,1,0,0,0,0,0,0,0,0
calvin harris,giant (with rag'n'bone man),False,2019,0.82,0.801,0.881,0.801,0.023,0.016,0.0,0.072,0.607,122,229,Veloce (Allegro),C#,Minor,C# Minor,0,0,0,0,1,0,1,0,1,0,0,0,1,0,0,0,0
ed sheeran,take me back to london (feat. stormzy),True,2019,0.742,0.894,0.749,0.741,0.349,0.224,0.0,0.169,0.606,138,189,Veloce (Allegro),G#,Minor,G# Minor,0,0,0,0,0,0,0,0,0,0,0,0,1,0,0,0,0
cardi b,please me,True,2019,0.82,0.73,0.546,0.682,0.105,0.066,0.0,0.074,0.654,134,200,Veloce (Allegro),C#,Major,C# Major,0,0,0,0,0,0,0,0,1,0,0,0,1,0,0,0,0
stormzy,vossi bop,True,2019,0.719,0.654,0.634,0.714,0.571,0.133,0.001,0.129,0.417,188,196,Frenetico (Presto),G#,Major,G# Major,0,0,0,0,1,0,1,0,1,0,0,0,0,0,0,0,0
tones and i,dance monkey,False,2019,0.876,0.822,0.565,0.697,0.125,0.709,0.0,0.153,0.508,98,209,Moderato,F#,Minor,F# Minor,0,0,0,0,0,0,0,0,0,0,0,0,1,0,0,0,0
ariana grande,boyfriend (with social house),True,2019,0.865,0.32,0.784,0.829,0.792,0.122,0.0,0.165,0.71,190,186,Frenetico (Presto),A#,Minor,A# Minor,0,0,0,0,0,0,0,0,0,0,0,0,1,0,0,0,0
bad bunny,callaita,True,2019,0.91,0.569,0.603,0.778,0.517,0.615,0.0,0.266,0.22,176,250,Vivace,D,Major,D Major,0,0,0,0,0,0,0,0,0,0,1,0,0,0,0,0,0
ava max,so am i,False,2019,0.045,0.654,0.637,0.783,0.037,0.076,0.0,0.399,0.608,130,183,Veloce (Allegro),F#,Major,F# Major,0,0,0,0,0,0,0,0,0,0,0,0,1,0,0,0,0
pedro capo,calma - remix,False,2018,0.832,0.824,0.761,0.805,0.053,0.331,0.0,0.146,0.773,127,238,Veloce (Allegro),B,Minor,B Minor,0,0,0,0,0,0,0,0,0,0,1,0,1,0,0,0,0
j. cole,middle child,True,2019,0.899,0.837,0.327,0.435,0.457,0.153,0.0,0.3,0.454,124,213,Veloce (Allegro),G#,Major,G# Major,0,0,0,0,0,0,0,0,1,0,0,0,0,0,0,0,0
lunay,soltera - remix,False,2019,0.786,0.787,0.771,0.803,0.036,0.37,0.0,0.5,0.814,92,266,Moderato,F,Major,F Major,0,0,0,0,0,0,0,0,0,0,1,0,1,0,0,0,0
khalid,better,False,2018,0.786,0.37,0.562,0.503,0.132,0.101,0.397,0.142,0.083,98,229,Moderato,C,Minor,C Minor,0,0,0,0,0,0,0,0,0,0,0,0,1,1,0,0,0
blueface,thotiana,True,2018,0.011,0.918,0.346,0.377,0.445,0.184,0.0,0.11,0.378,104,129,Moderato,A#,Minor,A# Minor,0,0,0,0,0,0,0,0,1,0,0,0,0,0,0,0,0
dababy,suge,True,2019,0.809,0.883,0.643,0.693,0.729,0.062,0.0,0.127,0.862,75,163,Lento (Adagio),D,Minor,D Minor,0,0,0,0,0,0,0,0,1,0,0,0,0,0,0,0,0
aj tracey,ladbroke grove,False,2019,0.775,0.915,0.83,0.547,0.334,0.096,0.0,0.097,0.737,134,190,Veloce (Allegro),B,Minor,B Minor,0,0,0,0,1,0,1,0,1,0,0,0,0,0,0,0,0
billie eilish,bury a friend,False,2019,0.843,0.917,0.354,0.297,0.559,0.758,0.164,0.102,0.169,120,193,Allegretto,G#,Major,G# Major,0,0,0,0,1,0,1,0,0,0,0,0,1,0,0,0,0
bts,boy with luv (feat. halsey),False,2019,0.393,0.61,0.855,0.779,0.133,0.095,0.0,0.205,0.813,120,229,Allegretto,B,Minor,B Minor,0,0,0,0,0,0,0,0,0,0,0,0,1,0,0,0,0
wiley,boasty (feat. idris elba),True,2019,0.719,0.896,0.752,0.756,0.079,0.009,0.001,0.083,0.447,103,177,Moderato,D,Major,D Major,0,0,0,0,1,0,1,0,1,0,0,0,0,0,0,0,0
jonas brothers,only human,False,2019,0.798,0.787,0.467,0.723,0.089,0.111,0.0,0.052,0.894,94,183,Moderato,C,Major,C Major,0,0,0,0,0,0,0,0,0,0,0,0,1,0,0,0,0
5 seconds of summer,easier,False,2019,0.011,0.444,0.395,0.737,0.358,0.501,0.0,0.092,0.62,176,157,Vivace,F,Major,F Major,0,0,0,0,0,0,0,0,0,0,0,0,1,0,0,0,0
avicii,sos (feat. aloe blacc),False,2019,0.798,0.796,0.625,0.708,0.087,0.279,0.0,0.117,0.361,100,157,Moderato,F,Minor,F Minor,0,0,0,0,1,0,1,0,0,0,0,0,1,0,0,0,0
"tyler, the creator",earfquake,True,2019,0.899,0.502,0.469,0.576,0.082,0.236,0.0,0.93,0.401,80,190,Moderato,A,Major,A Major,0,0,0,0,0,0,0,0,1,0,0,0,0,0,0,0,0
ashley o,on a roll,False,2019,0.64,0.718,0.8,0.7,0.122,0.079,0.0,0.037,0.373,125,154,Veloce (Allegro),F,Major,F Major,0,0,0,0,0,0,0,0,0,0,0,0,1,0,0,0,0
dominic fike,3 nights,False,2018,0.876,0.811,0.49,0.688,0.12,0.228,0.0,0.099,0.897,152,177,Veloce (Allegro),G,Minor,G Minor,0,0,0,0,0,0,0,0,0,0,0,0,1,0,1,0,0
sigala,wish you well,False,2019,0.719,0.638,0.89,0.826,0.062,0.131,0.0,0.331,0.575,125,205,Veloce (Allegro),F,Minor,F Minor,0,0,0,0,1,0,1,0,0,0,0,0,1,0,0,0,0
megan thee stallion,hot girl summer (feat. nicki minaj & ty dolla $ign),True,2019,0.775,0.878,0.804,0.788,0.238,0.005,0.0,0.232,0.569,99,199,Moderato,C,Major,C Major,0,0,0,0,0,0,0,0,1,0,0,0,1,1,0,0,0
anuel aa,secreto,False,2019,0.843,0.801,0.792,0.808,0.186,0.617,0.009,0.138,0.714,92,258,Moderato,B,Major,B Major,0,0,0,0,0,0,0,0,0,0,1,0,0,0,0,0,0
sam feldt,post malone (feat. rani),False,2019,0.775,0.545,0.622,0.822,0.179,0.079,0.0,0.1,0.656,107,174,Moderato,G,Major,G Major,0,0,0,0,1,0,1,0,0,0,0,0,1,0,0,0,0
kehlani,nights like this (feat. ty dolla $ign),True,2019,0.832,0.569,0.71,0.76,0.229,0.376,0.0,0.159,0.27,146,201,Veloce (Allegro),G#,Major,G# Major,0,0,0,0,0,0,0,0,1,0,0,0,1,1,0,0,0
sech,otro trago,True,2019,0.798,0.729,0.683,0.783,0.575,0.139,0.0,0.106,0.621,176,225,Vivace,C,Major,C Major,0,0,0,0,0,0,0,0,0,0,1,0,0,0,0,0,0
post malone,better now,True,2018,0.899,0.651,0.554,0.727,0.03,0.339,0.0,0.136,0.324,145,231,Veloce (Allegro),A#,Major,A# Major,0,0,0,0,0,0,0,0,1,0,0,0,0,0,0,0,0
ed sheeran,cross me (feat. chance the rapper & pnb rock),True,2019,0.719,0.729,0.775,0.699,0.175,0.219,0.0,0.055,0.608,95,206,Moderato,E,Major,E Major,0,0,0,0,0,0,0,0,0,0,0,0,1,0,0,0,0
lauv,i'm so tired...,False,2019,0.022,0.556,0.718,0.665,0.325,0.18,0.0,0.265,0.53,102,162,Moderato,B,Major,B Major,0,0,0,0,1,0,1,0,0,0,0,0,1,0,0,0,0
iann dior,gone girl,True,2019,0.775,0.648,0.698,0.735,0.01,0.166,0.0,0.06,0.339,95,136,Moderato,B,Major,B Major,0,0,0,0,0,0,0,0,1,0,0,0,1,0,0,0,0
panic! at the disco,high hopes,False,2018,0.899,0.532,0.899,0.879,0.07,0.198,0.0,0.051,0.688,82,190,Moderato,F,Major,F Major,0,0,0,0,0,0,0,0,0,0,0,0,0,0,1,0,0
marshmello,one thing right,False,2019,0.82,0.626,0.604,0.902,0.039,0.066,0.0,0.674,0.432,88,181,Moderato,E,Major,E Major,0,0,0,0,1,0,1,0,0,0,0,0,1,0,0,0,0
sam smith,how do you sleep?,False,2019,0.82,0.411,0.664,0.77,0.125,0.157,0.0,0.066,0.328,111,202,Allegretto,C#,Minor,C# Minor,0,0,0,0,0,0,0,0,0,0,0,0,1,0,0,0,0
nsg,options,True,2020,0.64,0.836,0.6,0.782,0.12,0.399,0.0,0.099,0.774,102,240,Moderato,C#,Minor,C# Minor,0,0,0,0,0,0,0,0,1,0,0,0,0,0,0,1,1
normani,motivation,False,2019,0.798,0.556,0.881,0.818,0.136,0.02,0.0,0.335,0.902,171,193,Vivace,E,Major,E Major,0,0,0,0,0,0,0,0,0,0,0,0,1,1,0,0,0
joel corry,sorry,False,2019,0.708,0.727,0.779,0.786,0.06,0.056,0.001,0.359,0.865,125,188,Veloce (Allegro),G#,Minor,G# Minor,0,0,0,0,1,0,1,0,0,0,0,0,1,0,0,0,0
post malone,goodbyes (feat. young thug),True,2019,0.011,0.533,0.634,0.825,0.093,0.458,0.0,0.108,0.146,150,174,Veloce (Allegro),F,Major,F Major,0,0,0,0,0,0,0,0,1,0,0,0,0,0,0,0,0
jonas brothers,sucker,False,2019,0.888,0.843,0.719,0.763,0.064,0.044,0.0,0.102,0.978,138,181,Veloce (Allegro),C#,Minor,C# Minor,0,0,0,0,0,0,0,0,0,0,0,0,1,0,0,0,0
taylor swift,cruel summer,False,2019,0.876,0.5,0.685,0.732,0.242,0.12,0.0,0.1,0.562,170,178,Vivace,A,Major,A Major,0,0,0,0,0,0,0,0,0,0,0,0,1,0,0,0,0
blanco brown,the git up,False,2019,0.775,0.849,0.66,0.587,0.155,0.068,0.0,0.304,0.827,98,200,Moderato,A,Major,A Major,0,0,0,1,0,0,0,0,1,0,0,0,0,0,0,0,0
sam smith,dancing with a stranger (with normani),False,2019,0.843,0.723,0.493,0.642,0.077,0.461,0.0,0.241,0.33,103,171,Moderato,G#,Major,G# Major,0,0,0,0,0,0,0,0,0,0,0,0,1,0,0,0,0
post malone,circles,False,2019,0.955,0.669,0.749,0.841,0.03,0.197,0.002,0.078,0.551,120,215,Allegretto,C,Major,C Major,0,0,0,0,0,0,0,0,1,0,0,0,0,0,0,0,0
