artist,song,explicit,year,popularity,danceability,energy,loudness,speechiness,acousticness,instrumentalness,liveness,valence,tempo,duration_min,key_name,mode_name,tonality,tempo_class,acoustic,blues,classical,country,dance,easy listening,electronic,folk,hip hop,jazz,latin,metal,pop,r&b,rock,traditional,world
britney spears,oops!...i did it again,False,2000,0.77,0.751,0.834,0.745,0.0437,0.3,1.77e-05,0.355,0.894,95,3.31,C#,Minor,C# Minor,Moderato,0,0,0,0,0,0,0,0,0,0,0,0,1,0,0,0,0
blink-182,all the small things,False,1999,0.79,0.434,0.897,0.771,0.0488,0.0103,0.0,0.612,0.684,149,2.47,C,Major,C Major,Veloce (Allegro),0,0,0,0,0,0,0,0,0,0,0,0,1,0,1,0,0
faith hill,breathe,False,1999,0.66,0.529,0.496,0.569,0.029,0.173,0.0,0.251,0.278,137,4.1,G,Major,G Major,Veloce (Allegro),0,0,0,1,0,0,0,0,0,0,0,0,1,0,0,0,0
bon jovi,it's my life,False,2000,0.78,0.551,0.913,0.813,0.0466,0.0263,1.35e-05,0.347,0.544,120,3.44,C,Minor,C Minor,Allegretto,0,0,0,0,0,0,0,0,0,0,0,1,0,0,1,0,0
nsync,bye bye bye,False,2000,0.65,0.614,0.928,0.776,0.0516,0.0408,0.00104,0.0845,0.879,173,3.2,G#,Minor,G# Minor,Vivace,0,0,0,0,0,0,0,0,0,0,0,0,1,0,0,0,0
sisqo,thong song,True,1999,0.69,0.706,0.888,0.67,0.0654,0.119,9.64e-05,0.07,0.714,122,4.13,D,Major,D Major,Veloce (Allegro),0,0,0,0,0,0,0,0,1,0,0,0,1,1,0,0,0
eminem,the real slim shady,True,2000,0.86,0.949,0.661,0.804,0.0572,0.0302,0.0,0.0454,0.76,105,4.44,F,Minor,F Minor,Moderato,0,0,0,0,0,0,0,0,1,0,0,0,0,0,0,0,0
robbie williams,rock dj,False,2000,0.68,0.708,0.772,0.803,0.0322,0.0267,0.0,0.467,0.861,103,4.18,G,Major,G Major,Moderato,0,0,0,0,0,0,0,0,0,0,0,0,1,0,1,0,0
destiny's child,say my name,False,1999,0.75,0.713,0.678,0.839,0.102,0.273,0.0,0.149,0.734,138,4.31,F,Minor,F Minor,Veloce (Allegro),0,0,0,0,0,0,0,0,0,0,0,0,1,1,0,0,0
modjo,lady - hear me tonight,False,2001,0.77,0.72,0.808,0.736,0.0379,0.00793,0.0293,0.0634,0.869,126,5.07,F#,Major,F# Major,Veloce (Allegro),0,0,0,0,1,0,1,0,0,0,0,0,0,0,0,0,0
gigi d'agostino,l'amour toujours,False,2011,0.01,0.617,0.728,0.622,0.0292,0.0328,0.0482,0.36,0.808,139,3.58,G,Major,G Major,Veloce (Allegro),0,0,0,0,0,0,0,0,0,0,0,0,1,0,0,0,0
eiffel 65,move your body - gabry ponte original radio edit,False,1999,0.56,0.745,0.958,0.536,0.0287,0.0813,0.324,0.533,0.96,130,4.28,G,Major,G Major,Veloce (Allegro),0,0,0,0,0,0,0,0,0,0,0,0,1,0,0,0,0
bomfunk mc's,freestyler,False,2000,0.55,0.822,0.922,0.727,0.0989,0.0291,0.325,0.252,0.568,164,5.06,B,Minor,B Minor,Vivace,0,0,0,0,0,0,0,0,0,0,0,0,1,0,0,0,0
sting,desert rose,False,1999,0.62,0.586,0.659,0.622,0.0304,0.011,0.0,0.106,0.147,112,4.45,C,Minor,C Minor,Allegretto,0,0,0,0,0,0,0,0,0,0,0,0,1,0,1,0,0
melanie c,never be the same again,False,1999,0.61,0.689,0.685,0.759,0.0478,0.0921,0.0,0.119,0.398,160,4.54,D#,Major,D# Major,Vivace,0,0,0,0,1,0,1,0,0,0,0,0,1,0,0,0,0
aaliyah,try again,False,2002,0.53,0.797,0.622,0.735,0.29,0.0807,0.0,0.0841,0.731,93,4.44,F#,Minor,F# Minor,Moderato,0,0,0,0,0,0,0,0,1,0,0,0,1,1,0,0,0
anastacia,i'm outta love - radio edit,False,1999,0.64,0.761,0.716,0.727,0.056,0.396,0.0,0.0771,0.649,119,4.05,A#,Minor,A# Minor,Allegretto,0,0,0,0,0,0,0,0,0,0,0,0,1,0,0,0,0
alice deejay,better off alone,False,2000,0.73,0.671,0.88,0.71,0.0552,0.00181,0.691,0.285,0.782,137,3.34,G#,Minor,G# Minor,Veloce (Allegro),0,0,0,0,0,0,0,0,0,0,0,0,1,0,0,0,0
gigi d'agostino,the riddle,False,1999,0.64,0.74,0.876,0.674,0.0369,0.0173,0.00152,0.0785,0.825,127,4.45,F#,Minor,F# Minor,Veloce (Allegro),0,0,0,0,0,0,0,0,0,0,0,0,1,0,0,0,0
dr. dre,the next episode,True,1999,0.82,0.922,0.909,0.894,0.27,0.0281,0.0,0.0856,0.309,95,2.41,A#,Minor,A# Minor,Moderato,0,0,0,0,0,0,0,0,1,0,0,0,0,0,0,0,0
linkin park,in the end,False,2000,0.83,0.556,0.864,0.724,0.0584,0.00958,0.0,0.209,0.4,105,3.36,D#,Minor,D# Minor,Moderato,0,0,0,0,0,0,0,0,0,0,0,1,0,0,1,0,0
tom jones,sexbomb,False,1999,0.65,0.801,0.876,0.819,0.0446,0.144,1.38e-05,0.104,0.932,123,3.31,G#,Minor,G# Minor,Veloce (Allegro),1,0,0,0,0,1,0,1,0,0,0,0,0,0,1,0,0
sonique,it feels so good,False,2000,0.62,0.634,0.677,0.654,0.0304,0.0117,0.00103,0.126,0.558,135,4.0,F,Minor,F Minor,Veloce (Allegro),0,0,0,0,0,0,0,0,0,0,0,0,1,0,0,0,0
m.o.p.,cold as ice,True,2000,0.54,0.656,0.88,0.746,0.143,0.0421,0.0,0.294,0.758,86,4.04,B,Minor,B Minor,Moderato,0,0,0,0,0,0,0,0,1,0,0,0,0,0,0,0,0
melanie c,i turn to you,False,1999,0.54,0.522,0.803,0.726,0.0327,0.00117,0.00167,0.31,0.0783,135,5.52,C#,Major,C# Major,Veloce (Allegro),0,0,0,0,1,0,1,0,0,0,0,0,1,0,0,0,0
limp bizkit,take a look around,False,2000,0.72,0.425,0.852,0.737,0.046,0.0175,0.306,0.0935,0.512,102,5.21,B,Major,B Major,Moderato,0,0,0,0,0,0,0,0,0,0,0,1,0,0,0,0,0
darude,sandstorm,False,2001,0.69,0.528,0.965,0.619,0.0465,0.141,0.985,0.0797,0.587,136,3.45,B,Minor,B Minor,Veloce (Allegro),0,0,0,0,1,0,1,0,0,0,0,0,1,0,0,0,0
da brat,what'chu like (feat. tyrese),True,2000,0.53,0.879,0.681,0.571,0.24,0.017,0.0,0.0669,0.817,100,3.41,A#,Minor,A# Minor,Moderato,0,0,0,0,0,0,0,0,1,0,0,0,1,1,0,0,0
moloko,the time is now,False,2000,0.54,0.682,0.743,0.488,0.165,0.35,0.000129,0.277,0.546,128,5.18,A,Minor,A Minor,Veloce (Allegro),0,0,0,0,1,0,1,0,0,0,0,0,1,0,0,0,0
chicane,don't give up,False,2016,0.47,0.644,0.72,0.538,0.0419,0.00145,0.504,0.0839,0.53,132,3.3,A#,Minor,A# Minor,Veloce (Allegro),0,0,0,0,1,0,1,0,0,0,0,0,0,0,0,0,0
dmx,party up,True,1999,0.71,0.51,0.931,0.85,0.347,0.0738,0.0,0.5,0.53,202,4.28,B,Major,B Major,Frenetico (Presto),0,0,0,0,0,0,0,0,1,0,0,0,1,0,0,0,0
debelah morgan,dance with me,False,2000,0.49,0.85,0.674,0.619,0.0373,0.309,0.000645,0.0356,0.74,115,3.4,G,Minor,G Minor,Allegretto,0,0,0,0,0,0,0,0,0,0,0,0,1,1,0,0,0
madonna,music,False,2000,0.58,0.736,0.802,0.592,0.0663,0.00149,0.0876,0.14,0.871,120,3.45,G,Major,G Major,Allegretto,0,0,0,0,0,0,0,0,0,0,0,0,1,0,0,0,0
ruff endz,no more,False,2000,0.52,0.839,0.641,0.734,0.0858,0.0324,4.56e-06,0.0602,0.927,97,4.02,A#,Minor,A# Minor,Moderato,0,0,0,0,0,0,0,0,0,0,0,0,0,1,0,0,0
britney spears,born to make you happy,False,1999,0.58,0.633,0.922,0.774,0.0454,0.116,0.000465,0.071,0.686,84,4.03,B,Minor,B Minor,Moderato,0,0,0,0,0,0,0,0,0,0,0,0,1,0,0,0,0
montell jordan,get it on tonite,False,1999,0.59,0.813,0.491,0.523,0.077,0.241,4.61e-05,0.0817,0.868,99,4.36,A#,Minor,A# Minor,Moderato,0,0,0,0,0,0,0,0,1,0,0,0,1,1,0,0,0
kylie minogue,spinning around,False,2000,0.55,0.761,0.662,0.636,0.0548,0.292,6.19e-05,0.0956,0.631,120,3.27,F#,Minor,F# Minor,Allegretto,0,0,0,0,1,0,1,0,0,0,0,0,1,0,0,0,0
jay-z,big pimpin',True,1999,0.69,0.88,0.814,0.702,0.14,0.168,0.00672,0.0584,0.942,138,4.43,B,Minor,B Minor,Veloce (Allegro),0,0,0,0,0,0,0,0,1,0,0,0,0,0,0,0,0
leann rimes,i need you,False,2001,0.61,0.478,0.736,0.662,0.0367,0.02,9.58e-05,0.118,0.564,145,3.49,G,Major,G Major,Veloce (Allegro),0,0,0,1,0,0,0,0,0,0,0,0,1,0,0,0,0
avant,separated,False,2000,0.55,0.798,0.48,0.739,0.0276,0.247,0.0,0.237,0.643,108,4.15,C,Major,C Major,Moderato,0,0,0,0,0,0,0,0,0,0,0,0,1,1,0,0,0
enrique iglesias,be with you,False,1999,0.54,0.683,0.866,0.745,0.0329,0.0395,0.00161,0.0483,0.542,122,3.39,C#,Minor,C# Minor,Veloce (Allegro),0,0,0,0,0,0,0,0,0,0,1,0,1,0,0,0,0
toni braxton,he wasn't man enough,False,2000,0.66,0.739,0.947,0.919,0.0411,0.00916,3.14e-05,0.326,0.766,88,4.21,B,Minor,B Minor,Moderato,0,0,0,0,0,0,0,0,0,0,0,0,1,1,0,0,0
bow wow,bounce with me (feat. xscape) - edited album version,False,2000,0.36,0.852,0.75,0.759,0.168,0.434,0.0,0.265,0.934,72,2.55,G#,Major,G# Major,Lento (Adagio),0,0,0,0,0,0,0,0,1,0,0,0,1,1,0,0,0
dr. dre,forgot about dre,True,1999,0.79,0.924,0.74,0.949,0.0774,0.0827,0.0,0.163,0.621,134,3.42,G#,Major,G# Major,Veloce (Allegro),0,0,0,0,0,0,0,0,1,0,0,0,0,0,0,0,0
missy elliott,hot boyz,True,1998,0.49,0.727,0.445,0.458,0.291,0.339,0.0,0.18,0.527,81,3.35,C#,Major,C# Major,Moderato,0,0,0,0,0,0,0,0,1,0,0,0,1,1,0,0,0
backstreet boys,show me the meaning of being lonely,False,1999,0.68,0.63,0.625,0.762,0.0252,0.231,0.0,0.0765,0.683,168,3.54,F#,Minor,F# Minor,Vivace,0,0,0,0,0,0,0,0,0,0,0,0,1,0,0,0,0
samantha mumba,gotta tell you,False,2018,0.43,0.729,0.632,0.581,0.0279,0.191,0.0,0.166,0.774,110,3.21,C,Minor,C Minor,Allegretto,0,0,0,0,0,0,0,0,0,0,0,0,1,0,0,0,0
mya,case of the ex (whatcha gonna do),False,2000,0.59,0.772,0.688,0.781,0.0405,0.0548,9.79e-05,0.0725,0.348,98,3.56,C#,Minor,C# Minor,Moderato,0,0,0,0,0,0,0,0,0,0,0,0,1,1,0,0,0
mary mary,shackles (praise you),False,2000,0.64,0.779,0.834,0.877,0.162,0.0343,0.0,0.0886,0.8,100,3.18,G,Major,G Major,Moderato,0,0,0,0,0,0,0,0,0,0,0,0,0,1,0,0,0
next,wifey,False,2004,0.52,0.829,0.652,0.584,0.108,0.067,0.0,0.0812,0.726,100,4.03,G,Minor,G Minor,Moderato,0,0,0,0,0,0,0,0,1,0,0,0,1,1,0,0,0
janet jackson,doesn't really matter,False,2001,0.47,0.771,0.796,0.861,0.076,0.0993,0.00278,0.0981,0.801,99,4.25,F,Minor,F Minor,Moderato,0,0,0,0,0,0,0,0,0,0,0,0,1,1,0,0,0
ricky martin,she bangs - english version,False,2000,0.6,0.63,0.95,0.815,0.0806,0.000915,6.51e-06,0.373,0.858,144,4.4,C#,Major,C# Major,Veloce (Allegro),0,0,0,0,0,0,0,0,0,0,1,0,1,0,0,0,0
jagged edge,he can't love u,False,2000,0.55,0.721,0.836,0.817,0.206,0.112,0.0,0.235,0.508,126,4.04,G#,Minor,G# Minor,Veloce (Allegro),0,0,0,0,0,0,0,0,1,0,0,0,1,1,0,0,0
sisqo,incomplete,True,1999,0.6,0.746,0.443,0.634,0.0771,0.282,0.0,0.14,0.272,119,4.34,C#,Minor,C# Minor,Allegretto,0,0,0,0,0,0,0,0,1,0,0,0,1,1,0,0,0
jay-z,i just wanna love u (give it 2 me),True,2000,0.59,0.8,0.922,0.76,0.24,0.301,9.31e-06,0.0352,0.801,99,3.47,E,Minor,E Minor,Moderato,0,0,0,0,0,0,0,0,1,0,0,0,0,0,0,0,0
mariah carey,thank god i found you (feat. joe & 98°),False,1999,0.59,0.348,0.532,0.723,0.0331,0.592,0.0,0.106,0.148,129,4.17,A#,Major,A# Major,Veloce (Allegro),0,0,0,0,0,0,0,0,0,0,0,0,1,1,0,0,0
baha men,who let the dogs out,False,2000,0.65,0.869,0.887,0.791,0.0993,0.0605,0.0,0.148,0.784,129,3.18,C,Major,C Major,Veloce (Allegro),0,0,0,0,0,0,0,0,0,0,0,0,0,1,0,0,0
donell jones,"u know what's up (feat. lisa ""left eye"" lopes)",True,1999,0.63,0.854,0.543,0.709,0.0844,0.0402,5.73e-05,0.0419,0.868,103,4.03,G#,Minor,G# Minor,Moderato,0,0,0,0,0,0,0,0,0,0,0,0,1,1,0,0,0
leann rimes,can't fight the moonlight,False,2001,0.65,0.628,0.834,0.7,0.0497,0.403,0.0,0.051,0.626,98,3.35,F#,Minor,F# Minor,Moderato,0,0,0,1,0,0,0,0,0,0,0,0,1,0,0,0,0
oasis,go let it out,False,2000,0.0,0.408,0.849,0.735,0.0333,0.0136,2.51e-05,0.56,0.628,84,4.38,D,Major,D Major,Moderato,1,0,0,0,0,0,0,1,0,0,0,0,0,0,1,0,0
dj otzi,hey baby (radio mix),False,2010,0.58,0.666,0.968,0.856,0.046,0.123,0.0,0.347,0.834,135,3.39,A#,Major,A# Major,Veloce (Allegro),0,0,0,0,1,1,1,0,0,0,0,0,1,0,0,0,0
p!nk,most girls,False,2000,0.52,0.742,0.732,0.715,0.0311,0.0424,0.00446,0.101,0.694,98,4.58,D,Minor,D Minor,Moderato,0,0,0,0,0,0,0,0,0,0,0,0,1,0,0,0,0
mariah carey,against all odds (take a look at me now) (feat. westlife),False,2011,0.0,0.471,0.514,0.737,0.0315,0.584,0.0,0.103,0.373,117,3.19,C#,Major,C# Major,Allegretto,0,0,0,0,0,0,0,0,0,0,0,0,1,1,0,0,0
craig david,fill me in,False,2000,0.6,0.682,0.744,0.669,0.0365,0.376,0.00951,0.06,0.827,132,4.17,G#,Major,G# Major,Veloce (Allegro),0,0,0,0,0,0,0,0,1,0,0,0,1,1,0,0,0
christina aguilera,i turn to you,False,1999,0.61,0.599,0.47,0.601,0.0376,0.38,0.0,0.111,0.298,127,4.33,C#,Major,C# Major,Veloce (Allegro),0,0,0,0,0,0,0,0,0,0,0,0,1,0,0,0,0
madonna,american pie,False,2000,0.58,0.631,0.734,0.644,0.036,0.348,0.0,0.135,0.591,124,4.33,F,Minor,F Minor,Veloce (Allegro),0,0,0,0,0,0,0,0,0,0,0,0,1,0,0,0,0
red hot chili peppers,otherside,False,1999,0.78,0.458,0.795,0.852,0.0574,0.00316,0.000202,0.0756,0.513,123,4.15,C,Major,C Major,Veloce (Allegro),0,0,0,0,0,0,0,0,0,0,0,0,0,0,1,0,0
sammie,i like it,False,2000,0.55,0.826,0.656,0.592,0.0617,0.0101,0.000113,0.0272,0.852,130,4.11,A,Major,A Major,Veloce (Allegro),0,0,0,0,0,0,0,0,1,0,0,0,1,1,0,0,0
craig david,7 days,False,2000,0.7,0.659,0.812,0.643,0.0487,0.23,0.0,0.0951,0.888,83,3.55,E,Minor,E Minor,Moderato,0,0,0,0,0,0,0,0,1,0,0,0,1,1,0,0,0
santana,maria maria (feat. the product g&b),False,1999,0.66,0.777,0.601,0.721,0.126,0.0406,0.00201,0.0348,0.68,98,4.21,D,Major,D Major,Moderato,0,1,0,0,0,0,0,0,0,0,1,0,0,0,1,0,0
kandi,don't think i'm not,False,2000,0.55,0.859,0.622,0.609,0.0445,0.0661,0.0,0.0394,0.433,134,4.03,B,Major,B Major,Veloce (Allegro),0,0,0,0,0,0,0,0,0,0,0,0,1,1,0,0,0
p!nk,there you go,False,2000,0.55,0.822,0.847,0.681,0.0917,0.0854,0.0,0.0452,0.668,108,3.22,A#,Minor,A# Minor,Moderato,0,0,0,0,0,0,0,0,0,0,0,0,1,0,0,0,0
vengaboys,shalala lala,False,2000,0.58,0.751,0.901,0.727,0.0328,0.0504,0.00308,0.0395,0.973,124,3.34,D,Major,D Major,Veloce (Allegro),0,0,0,0,0,0,0,0,0,0,0,0,1,0,0,0,0
ronan keating,life is a rollercoaster,False,2000,0.59,0.655,0.791,0.573,0.0302,0.1,0.000124,0.334,0.862,119,3.54,C,Major,C Major,Allegretto,0,0,0,0,0,0,0,0,0,0,0,0,1,0,1,0,0
madison avenue,don't call me baby,False,1999,0.56,0.808,0.982,0.688,0.0311,0.0585,0.00689,0.35,0.961,125,3.48,D#,Minor,D# Minor,Veloce (Allegro),0,0,0,0,1,0,1,0,0,0,0,0,0,0,0,0,0
destiny's child,"jumpin', jumpin'",False,1999,0.7,0.771,0.685,0.784,0.0567,0.00543,0.00157,0.0537,0.683,89,3.5,C#,Major,C# Major,Moderato,0,0,0,0,0,0,0,0,0,0,0,0,1,1,0,0,0
celine dion,that's the way it is,False,1999,0.64,0.634,0.886,0.746,0.0434,0.154,0.0,0.118,0.577,93,4.01,A,Major,A Major,Moderato,0,0,0,0,0,0,0,0,0,0,0,0,1,0,0,0,0
3 doors down,kryptonite,False,2000,0.78,0.545,0.865,0.732,0.0286,0.00664,1.1e-05,0.168,0.543,99,3.53,B,Minor,B Minor,Moderato,0,0,0,0,0,0,0,0,0,0,0,1,1,0,1,0,0
carl thomas,i wish,False,2000,0.52,0.736,0.666,0.77,0.0337,0.0593,3.82e-05,0.107,0.224,90,3.46,C#,Major,C# Major,Moderato,0,0,0,0,0,0,0,0,0,0,0,0,1,1,0,0,0
mystikal,shake ya ass,True,2000,0.57,0.914,0.607,0.734,0.32,0.0626,0.0,0.0515,0.666,98,4.16,G,Major,G Major,Moderato,0,0,0,0,0,0,0,0,1,0,0,0,1,0,0,0,0
fuel,hemorrhage (in my hands),False,2000,0.49,0.313,0.831,0.821,0.0404,0.000127,0.000341,0.24,0.332,152,3.56,C#,Major,C# Major,Veloce (Allegro),0,0,0,0,0,0,0,0,0,0,0,1,1,0,1,0,0
donell jones,where i wanna be,False,1999,0.57,0.664,0.396,0.562,0.0298,0.52,0.0,0.268,0.453,102,4.13,F,Minor,F Minor,Moderato,0,0,0,0,0,0,0,0,0,0,0,0,1,1,0,0,0
savage garden,crash and burn,False,1999,0.54,0.581,0.607,0.596,0.028,0.189,1.6e-06,0.0882,0.213,102,4.41,E,Major,E Major,Moderato,0,0,0,0,0,0,0,0,0,0,0,0,1,0,0,0,0
westlife,my love,False,2000,0.68,0.491,0.593,0.718,0.0255,0.098,0.0,0.257,0.328,144,3.51,C,Major,C Major,Veloce (Allegro),0,0,0,0,0,0,0,0,0,0,0,0,1,0,0,0,0
all saints,pure shores,False,2000,0.62,0.631,0.664,0.559,0.0242,0.0498,0.00042,0.0696,0.407,101,4.28,F#,Major,F# Major,Moderato,0,0,0,0,0,0,0,0,0,0,0,0,1,0,0,0,0
destiny's child,"independent women, pt. 1",False,2001,0.65,0.73,0.602,0.827,0.206,0.362,3.69e-06,0.169,0.927,98,3.41,F#,Minor,F# Minor,Moderato,0,0,0,0,0,0,0,0,0,0,0,0,1,1,0,0,0
nsync,it's gonna be me,False,2000,0.6,0.644,0.874,0.783,0.0801,0.0459,2.24e-06,0.0584,0.882,165,3.11,C,Minor,C Minor,Vivace,0,0,0,0,0,0,0,0,0,0,0,0,1,0,0,0,0
erykah badu,bag lady,False,2000,0.54,0.724,0.416,0.571,0.0841,0.365,0.0,0.0969,0.578,151,5.48,F,Minor,F Minor,Veloce (Allegro),0,0,0,0,0,0,0,0,1,0,0,0,0,1,0,0,0
marc anthony,you sang to me,False,1999,0.56,0.578,0.894,0.746,0.0296,0.0103,2.66e-06,0.216,0.741,166,5.47,A#,Major,A# Major,Vivace,0,0,0,0,0,0,0,0,0,0,1,0,1,0,0,0,0
matchbox twenty,bent,False,2000,0.54,0.518,0.83,0.677,0.0386,0.0404,3.85e-06,0.375,0.527,95,4.16,F#,Minor,F# Minor,Moderato,0,0,0,0,0,0,0,0,0,0,0,0,1,0,1,0,0
gabrielle,rise,False,2001,0.6,0.558,0.481,0.545,0.026,0.315,8.83e-06,0.09,0.631,145,3.39,G#,Major,G# Major,Veloce (Allegro),0,0,0,0,0,0,0,0,0,0,0,0,1,1,0,0,0
backstreet boys,shape of my heart,False,2000,0.7,0.575,0.786,0.799,0.0296,0.252,0.0,0.159,0.518,96,3.5,A,Major,A Major,Moderato,0,0,0,0,0,0,0,0,0,0,0,0,1,0,0,0,0
creed,with arms wide open,False,1999,0.64,0.41,0.539,0.598,0.0302,0.00425,0.00089,0.117,0.141,139,4.34,C,Major,C Major,Veloce (Allegro),0,0,0,0,0,0,0,0,0,0,0,1,1,0,1,0,0
corrs,breathless,False,2000,0.68,0.607,0.82,0.63,0.0597,0.0541,6.8e-05,0.269,0.768,127,3.27,B,Major,B Major,Veloce (Allegro),1,0,0,0,0,0,0,1,0,0,0,0,1,0,0,0,0
joe,i wanna know,False,2000,0.65,0.725,0.487,0.719,0.0368,0.26,1.09e-05,0.431,0.599,136,4.56,G#,Minor,G# Minor,Veloce (Allegro),0,0,0,0,0,0,0,0,0,0,0,0,1,1,0,0,0
wheatus,teenage dirtbag,True,1999,0.71,0.625,0.85,0.821,0.0495,0.346,0.000233,0.174,0.633,95,4.01,E,Major,E Major,Moderato,0,0,0,0,0,0,0,0,0,0,0,0,0,0,1,0,0
christina aguilera,come on over baby (all i want is you) - radio version,False,1999,0.64,0.829,0.915,0.855,0.106,0.226,1.25e-05,0.246,0.779,119,3.23,G#,Major,G# Major,Allegretto,0,0,0,0,0,0,0,0,0,0,0,0,1,0,0,0,0
creed,higher,False,1999,0.69,0.459,0.83,0.705,0.0364,5.15e-05,0.00014,0.206,0.431,156,5.16,D,Major,D Major,Veloce (Allegro),0,0,0,0,0,0,0,0,0,0,0,1,1,0,1,0,0
britney spears,lucky,False,2000,0.65,0.765,0.791,0.732,0.0317,0.262,0.000154,0.0669,0.966,95,3.26,G#,Major,G# Major,Moderato,0,0,0,0,0,0,0,0,0,0,0,0,1,0,0,0,0
nelly,country grammar (hot shit),True,2000,0.68,0.865,0.664,0.677,0.108,0.00689,0.0,0.142,0.565,163,4.47,D,Major,D Major,Vivace,0,0,0,0,0,0,0,0,1,0,0,0,1,1,0,0,0
shaggy,it wasn't me,False,2000,0.76,0.853,0.606,0.787,0.0713,0.0561,0.0,0.313,0.654,95,3.47,C,Major,C Major,Moderato,0,0,0,0,0,0,0,0,1,0,0,0,1,0,0,0,0
destiny's child,survivor,False,2001,0.7,0.514,0.911,0.913,0.41,0.0559,0.0,0.775,0.619,161,4.14,C#,Minor,C# Minor,Vivace,0,0,0,0,0,0,0,0,0,0,0,0,1,1,0,0,0
eminem,stan,True,2000,0.83,0.78,0.768,0.8,0.238,0.0371,2.34e-06,0.518,0.507,80,6.44,F#,Minor,F# Minor,Moderato,0,0,0,0,0,0,0,0,1,0,0,0,0,0,0,0,0
kylie minogue,can't get you out of my head,False,2001,0.73,0.766,0.563,0.642,0.0339,0.0263,0.683,0.115,0.964,126,3.5,A,Minor,A Minor,Veloce (Allegro),0,0,0,0,1,0,1,0,0,0,0,0,1,0,0,0,0
christina aguilera,"lady marmalade - from ""moulin rouge"" soundtrack",False,2001,0.68,0.76,0.801,0.827,0.0534,0.0144,1.49e-05,0.665,0.653,110,4.24,F,Major,F Major,Allegretto,0,0,0,0,0,0,0,0,0,0,0,0,1,0,0,0,0
nelly furtado,i'm like a bird,False,2000,0.01,0.622,0.608,0.762,0.036,0.138,5.38e-06,0.273,0.607,90,4.03,A#,Major,A# Major,Moderato,0,0,0,0,0,0,0,0,1,0,1,0,1,0,0,0,0
shakira,"whenever, wherever",False,2001,0.74,0.794,0.832,0.773,0.0407,0.237,1.14e-05,0.203,0.871,108,3.16,C#,Minor,C# Minor,Moderato,0,0,0,0,0,0,0,0,0,0,1,0,1,0,0,0,0
jimmy eat world,the middle,False,2001,0.78,0.643,0.849,0.745,0.0526,0.0371,0.0,0.058,0.903,162,2.45,D,Major,D Major,Vivace,0,0,0,0,0,0,0,0,0,0,0,0,1,0,1,0,0
train,drops of jupiter (tell me),False,2001,0.77,0.481,0.638,0.724,0.0276,0.153,0.0,0.154,0.497,79,4.19,C,Major,C Major,Moderato,0,0,0,0,0,0,0,0,0,0,0,0,1,0,0,0,0
geri halliwell,it's raining men,False,2001,0.62,0.637,0.929,0.716,0.0447,0.063,0.00796,0.318,0.604,136,4.14,F,Minor,F Minor,Veloce (Allegro),0,0,0,0,0,0,0,0,0,0,0,0,1,0,0,0,0
blu cantrell,hit 'em up style (oops!),False,2001,0.71,0.667,0.773,0.767,0.0586,0.201,0.0,0.404,0.667,90,4.1,F,Minor,F Minor,Moderato,0,0,0,0,0,0,0,0,0,0,0,0,1,1,0,0,0
britney spears,i'm a slave 4 u,False,2001,0.69,0.847,0.843,0.837,0.106,0.415,0.000134,0.107,0.963,110,3.23,F,Minor,F Minor,Allegretto,0,0,0,0,0,0,0,0,0,0,0,0,1,0,0,0,0
kylie minogue,in your eyes,False,2001,0.62,0.689,0.894,0.7,0.0672,0.133,4.72e-05,0.0681,0.709,124,3.17,F#,Minor,F# Minor,Veloce (Allegro),0,0,0,0,1,0,1,0,0,0,0,0,1,0,0,0,0
missy elliott,one minute man (feat. ludacris),True,2001,0.57,0.622,0.669,0.598,0.329,0.0266,2.97e-06,0.152,0.57,94,4.12,A,Major,A Major,Moderato,0,0,0,0,0,0,0,0,1,0,0,0,1,1,0,0,0
mary j. blige,family affair,False,2001,0.76,0.911,0.551,0.828,0.0449,0.132,4.12e-05,0.0863,0.969,93,4.25,G#,Minor,G# Minor,Moderato,0,0,0,0,0,0,0,0,0,0,0,0,1,1,0,0,0
faithless,we come 1 - radio edit,False,2015,0.53,0.645,0.903,0.491,0.0441,0.00188,0.799,0.147,0.61,136,3.42,F,Minor,F Minor,Veloce (Allegro),0,0,0,0,1,0,1,0,0,0,0,0,1,0,0,0,0
limp bizkit,rollin' (air raid vehicle),True,2000,0.73,0.603,0.933,0.848,0.171,0.00591,0.0,0.206,0.709,96,3.33,C#,Major,C# Major,Moderato,0,0,0,0,0,0,0,0,0,0,0,1,0,0,0,0,0
lasgo,something,False,2001,0.65,0.643,0.981,0.685,0.0439,0.0271,8.93e-05,0.11,0.38,140,3.4,G,Minor,G Minor,Veloce (Allegro),0,0,0,0,0,0,0,0,0,0,0,0,1,0,0,0,0
iio,rapture (feat.nadia ali),False,2006,0.54,0.661,0.855,0.598,0.0377,0.0722,0.0185,0.199,0.601,124,4.13,G#,Major,G# Major,Veloce (Allegro),0,0,0,0,1,0,1,0,0,0,0,0,0,0,0,0,0
emma bunton,what took you so long?,False,2001,0.54,0.668,0.772,0.747,0.0307,0.123,0.0,0.341,0.911,118,4.01,A,Minor,A Minor,Allegretto,0,0,0,0,0,0,0,0,0,0,0,0,1,0,0,0,0
112,it's over now,False,2001,0.57,0.66,0.71,0.789,0.0409,0.0106,7.01e-06,0.0736,0.233,98,4.24,C#,Major,C# Major,Moderato,0,0,0,0,0,0,0,0,1,0,0,0,1,1,0,0,0
blue,all rise,False,2001,0.63,0.721,0.737,0.879,0.0324,0.121,0.0,0.165,0.931,98,3.43,F,Minor,F Minor,Moderato,0,0,0,0,0,0,0,0,0,0,0,0,1,0,0,0,0
jessica simpson,irresistible,False,2001,0.43,0.657,0.965,0.877,0.0556,0.0285,8.84e-05,0.0552,0.669,93,3.14,G#,Minor,G# Minor,Moderato,0,0,0,0,0,0,0,0,0,0,0,0,1,1,0,0,0
crazy town,butterfly,False,1999,0.71,0.736,0.811,0.808,0.081,0.00132,0.000142,0.107,0.609,104,3.36,A,Minor,A Minor,Moderato,0,0,0,0,0,0,0,0,0,0,0,1,0,0,1,0,0
michael jackson,you rock my world,False,2001,0.64,0.854,0.673,0.859,0.185,0.038,0.000227,0.255,0.955,95,5.37,E,Minor,E Minor,Moderato,0,0,0,0,0,0,0,0,0,0,0,0,1,1,0,0,0
eve,let me blow ya mind,True,2001,0.73,0.908,0.557,0.804,0.107,0.242,0.0,0.0709,0.897,90,3.5,G#,Minor,G# Minor,Moderato,0,0,0,0,0,0,0,0,1,0,0,0,1,1,0,0,0
jennifer lopez,ain't it funny,False,2001,0.0,0.707,0.869,0.79,0.0481,0.104,0.000121,0.0813,0.621,100,4.06,F,Minor,F Minor,Moderato,0,0,0,0,0,0,0,0,1,0,0,0,1,1,0,0,0
brandy,another day in paradise - r&b-version,False,2002,0.5,0.7,0.787,0.758,0.0327,0.00666,3.68e-05,0.0724,0.556,102,4.31,F#,Minor,F# Minor,Moderato,0,0,0,0,0,0,0,0,1,0,0,0,1,1,0,0,0
nickelback,how you remind me,False,2001,0.78,0.446,0.764,0.765,0.033,0.00135,0.0,0.099,0.543,172,3.43,A#,Major,A# Major,Vivace,0,0,0,0,0,0,0,0,0,0,0,1,0,0,1,0,0
daft punk,one more time,False,2001,0.76,0.613,0.697,0.588,0.133,0.0194,0.0,0.332,0.476,123,5.2,D,Major,D Major,Veloce (Allegro),0,0,0,0,1,0,1,0,1,0,0,0,0,0,0,0,0
outkast,ms. jackson,True,2000,0.82,0.843,0.806,0.72,0.269,0.143,0.0,0.0771,0.613,95,4.3,E,Minor,E Minor,Moderato,0,0,0,0,0,0,0,0,1,0,0,0,1,0,0,0,0
fragma,everytime you need me - radio version,False,2001,0.5,0.682,0.917,0.744,0.0318,0.15,0.0676,0.34,0.79,137,3.33,B,Minor,B Minor,Veloce (Allegro),0,0,0,0,1,0,1,0,0,0,0,0,1,0,0,0,0
mariah carey,loverboy,False,2001,0.42,0.721,0.79,0.81,0.124,0.183,0.0,0.1,0.821,103,3.49,C#,Major,C# Major,Moderato,0,0,0,0,0,0,0,0,0,0,0,0,1,1,0,0,0
dido,thank you,False,1999,0.73,0.725,0.583,0.522,0.0427,0.3,0.000238,0.0665,0.762,80,3.38,C#,Minor,C# Minor,Moderato,0,0,0,0,0,0,0,0,0,0,0,0,1,0,0,0,0
joe,stutter (feat. mystikal) - double take remix,False,2000,0.57,0.767,0.759,0.692,0.117,0.0513,0.0,0.31,0.677,90,3.33,F#,Major,F# Major,Moderato,0,0,0,0,0,0,0,0,0,0,0,0,1,1,0,0,0
p.o.d.,youth of the nation,False,2001,0.69,0.563,0.86,0.641,0.0621,0.00834,0.0106,0.39,0.517,98,4.16,G#,Major,G# Major,Moderato,0,0,0,0,0,0,0,0,0,0,0,1,0,0,1,0,0
jennifer lopez,play,True,2001,0.57,0.775,0.729,0.805,0.162,0.0303,0.00247,0.0361,0.895,105,3.31,C#,Minor,C# Minor,Moderato,0,0,0,0,0,0,0,0,1,0,0,0,1,1,0,0,0
missy elliott,get ur freak on,True,2001,0.68,0.797,0.75,0.551,0.247,0.533,0.108,0.095,0.74,178,3.31,C,Major,C Major,Frenetico (Presto),0,0,0,0,0,0,0,0,1,0,0,0,1,1,0,0,0
ricky martin,nobody wants to be lonely (with christina aguilera),False,2008,0.52,0.635,0.854,0.766,0.0612,0.00579,0.0083,0.0623,0.59,101,4.12,A#,Minor,A# Minor,Moderato,0,0,0,0,0,0,0,0,0,0,1,0,1,0,0,0,0
christina milian,am to pm,False,2001,0.6,0.872,0.868,0.864,0.12,0.153,2.26e-05,0.843,0.822,105,3.51,A#,Minor,A# Minor,Moderato,0,0,0,0,0,0,0,0,1,0,0,0,1,1,0,0,0
roger sanchez,another chance,False,2000,0.5,0.61,0.82,0.518,0.0312,0.000211,0.146,0.138,0.45,128,7.32,D#,Major,D# Major,Veloce (Allegro),0,0,0,0,1,0,1,0,0,0,0,0,0,0,0,0,0
gorillaz,clint eastwood,True,2001,0.74,0.663,0.694,0.587,0.171,0.0253,0.0,0.0698,0.525,168,5.4,A#,Minor,A# Minor,Vivace,0,0,0,0,0,0,0,0,1,0,0,0,0,0,0,0,0
2pac,until the end of time,True,2001,0.57,0.757,0.706,0.684,0.203,0.0267,0.0,0.197,0.375,97,4.26,G#,Major,G# Major,Moderato,0,0,0,0,0,0,0,0,1,0,0,0,0,0,0,0,0
tamia,stranger in my house,False,2000,0.48,0.676,0.601,0.771,0.0297,0.103,0.0,0.147,0.206,120,4.45,C,Major,C Major,Allegretto,0,0,0,0,0,0,0,0,0,0,0,0,1,1,0,0,0
mary j. blige,no more drama,False,2001,0.61,0.653,0.837,0.677,0.124,0.534,7.12e-05,0.0784,0.64,98,5.26,F#,Minor,F# Minor,Moderato,0,0,0,0,0,0,0,0,0,0,0,0,1,1,0,0,0
jennifer lopez,love don't cost a thing,False,2001,0.67,0.786,0.842,0.761,0.0707,0.00305,3.54e-06,0.473,0.685,98,3.41,E,Minor,E Minor,Moderato,0,0,0,0,0,0,0,0,1,0,0,0,1,1,0,0,0
jamiroquai,little l,False,2001,0.65,0.878,0.724,0.748,0.129,0.168,0.0116,0.133,0.904,122,4.55,A#,Minor,A# Minor,Veloce (Allegro),0,0,0,0,0,0,0,0,0,0,0,0,1,0,0,0,0
case,missing you,False,2001,0.55,0.612,0.579,0.697,0.0553,0.285,0.0,0.0556,0.716,86,4.44,C#,Minor,C# Minor,Moderato,0,0,0,0,0,0,0,0,1,0,0,0,1,1,0,0,0
112,peaches & cream,False,2001,0.63,0.677,0.52,0.705,0.334,0.00277,0.0,0.0532,0.768,204,3.13,E,Minor,E Minor,Frenetico (Presto),0,0,0,0,0,0,0,0,1,0,0,0,1,1,0,0,0
five,let's dance - radio edit,False,2001,0.47,0.631,0.821,0.626,0.0867,0.00876,0.000247,0.293,0.547,118,3.38,E,Minor,E Minor,Allegretto,0,0,0,0,0,0,0,0,0,0,0,0,1,0,0,0,0
rui da silva,touch me (radio edit) [feat. cassandra],False,2001,0.54,0.464,0.922,0.599,0.0638,0.124,0.227,0.0546,0.695,129,3.33,C,Major,C Major,Veloce (Allegro),0,0,0,0,1,0,1,0,0,0,0,0,0,0,0,0,0
alien ant farm,smooth criminal,False,2001,0.75,0.653,0.964,0.803,0.0582,0.00316,0.00512,0.144,0.87,127,3.29,A,Minor,A Minor,Veloce (Allegro),0,0,0,0,0,0,0,0,0,0,0,1,0,0,1,0,0
erick sermon,music (feat. marvin gaye),True,2001,0.57,0.897,0.466,0.566,0.203,0.187,1.35e-06,0.0757,0.884,100,3.43,A#,Minor,A# Minor,Moderato,0,0,0,0,0,0,0,0,1,0,0,0,1,0,0,0,0
d12,purple pills,True,2001,0.68,0.78,0.634,0.72,0.16,0.0199,2.98e-05,0.29,0.754,125,5.04,C#,Major,C# Major,Veloce (Allegro),0,0,0,0,0,0,0,0,1,0,0,0,1,0,1,0,0
usher,pop ya collar - radio edit,False,2016,0.26,0.888,0.8,0.819,0.0946,0.0901,2.12e-05,0.229,0.866,107,3.3,F,Minor,F Minor,Moderato,0,0,0,0,0,0,0,0,1,0,0,0,1,1,0,0,0
madonna,don't tell me,False,2000,0.53,0.699,0.618,0.651,0.0594,0.0502,0.000925,0.0914,0.679,100,4.4,G,Major,G Major,Moderato,0,0,0,0,0,0,0,0,0,0,0,0,1,0,0,0,0
blue,if you come back,False,2001,0.58,0.582,0.707,0.792,0.0319,0.0822,0.0,0.0467,0.701,78,3.27,A#,Major,A# Major,Moderato,0,0,0,0,0,0,0,0,0,0,0,0,1,0,0,0,0
atomic kitten,eternal flame - single version,False,2001,0.58,0.578,0.581,0.674,0.0318,0.0658,0.0042,0.0674,0.408,83,3.15,C,Major,C Major,Moderato,0,0,0,0,0,0,0,0,0,0,0,0,1,0,0,0,0
jagged edge,where the party at (feat. nelly),False,2001,0.67,0.596,0.661,0.705,0.226,0.31,0.0,0.0847,0.86,129,3.52,F,Minor,F Minor,Veloce (Allegro),0,0,0,0,0,0,0,0,1,0,0,0,1,1,0,0,0
afroman,because i got high,True,2001,0.68,0.802,0.341,0.591,0.488,0.169,0.0,0.0783,0.849,166,3.17,G,Major,G Major,Vivace,0,0,0,0,0,0,0,0,1,0,0,0,0,0,0,0,0
s club 7,don't stop movin',False,2001,0.63,0.822,0.672,0.711,0.0329,0.0285,0.0,0.213,0.91,117,3.53,G,Major,G Major,Allegretto,0,0,0,0,0,0,0,0,0,0,0,0,1,0,0,0,0
craig david,fill me in,False,2000,0.6,0.682,0.744,0.669,0.0365,0.376,0.00951,0.06,0.827,132,4.17,G#,Major,G# Major,Veloce (Allegro),0,0,0,0,0,0,0,0,1,0,0,0,1,1,0,0,0
nelly furtado,turn off the light,False,2000,0.01,0.587,0.679,0.704,0.0927,0.0839,0.000316,0.413,0.65,180,4.36,D,Major,D Major,Frenetico (Presto),0,0,0,0,0,0,0,0,1,0,1,0,1,0,0,0,0
supermen lovers,starlight - radio edit,False,2001,0.61,0.739,0.679,0.763,0.0373,0.000424,0.0187,0.389,0.786,127,3.54,C,Major,C Major,Veloce (Allegro),0,0,0,0,1,0,1,0,0,0,0,0,0,0,0,0,0
mis-teeq,all i want - sunship radio edit,False,2004,0.46,0.795,0.919,0.862,0.0835,0.37,0.00863,0.189,0.96,134,3.27,A,Minor,A Minor,Veloce (Allegro),0,0,0,0,1,0,1,0,0,0,0,0,1,0,0,0,0
jagged edge,promise,False,2000,0.56,0.751,0.568,0.745,0.0872,0.136,0.0,0.0288,0.646,128,4.06,F,Minor,F Minor,Veloce (Allegro),0,0,0,0,0,0,0,0,1,0,0,0,1,1,0,0,0
s club 7,have you ever,False,2001,0.6,0.585,0.702,0.73,0.0325,0.538,0.0,0.216,0.51,140,3.21,C,Major,C Major,Veloce (Allegro),0,0,0,0,0,0,0,0,0,0,0,0,1,0,0,0,0
enya,only time,False,2000,0.69,0.418,0.249,0.335,0.0301,0.841,0.661,0.112,0.213,83,3.38,D#,Major,D# Major,Moderato,1,0,0,0,0,0,0,1,0,0,0,0,0,0,0,1,1
faith hill,there you'll be,False,2001,0.6,0.321,0.511,0.63,0.0306,0.513,0.0,0.127,0.17,129,3.42,G#,Major,G# Major,Veloce (Allegro),0,0,0,1,0,0,0,0,0,0,0,0,1,0,0,0,0
ronan keating,lovin' each day,False,2000,0.58,0.541,0.899,0.704,0.0633,0.0178,2.95e-06,0.286,0.829,107,3.32,C#,Major,C# Major,Moderato,0,0,0,0,0,0,0,0,0,0,0,0,1,0,1,0,0
destiny's child,bootylicious,False,2001,0.64,0.84,0.835,0.797,0.275,0.00281,1.11e-06,0.152,0.637,103,3.27,C#,Minor,C# Minor,Moderato,0,0,0,0,0,0,0,0,0,0,0,0,1,1,0,0,0
steps,it's the way you make me feel,False,2000,0.53,0.573,0.665,0.763,0.0239,0.108,2.09e-06,0.095,0.347,105,3.17,G#,Major,G# Major,Moderato,0,0,0,0,1,0,1,0,0,0,0,0,1,0,0,0,0
sunshine anderson,heard it all before,False,2001,0.56,0.697,0.925,0.806,0.216,0.0614,0.0,0.095,0.678,97,4.55,D#,Minor,D# Minor,Moderato,0,0,0,0,0,0,0,0,0,0,0,0,1,1,0,0,0
lenny kravitz,again,False,2000,0.68,0.55,0.804,0.756,0.0271,0.0148,4.33e-05,0.105,0.789,79,3.51,D,Major,D Major,Moderato,0,0,0,0,0,0,0,0,0,0,0,0,1,0,1,0,0
daniel bedingfield,gotta get thru this - d'n'd radio edit,False,2002,0.46,0.836,0.762,0.764,0.0598,0.0826,5.48e-05,0.102,0.941,134,2.42,G,Minor,G Minor,Veloce (Allegro),0,0,0,0,0,0,0,0,0,0,0,0,1,0,0,0,0
db boulevard,point of view - radio edit,False,2018,0.0,0.676,0.715,0.675,0.0287,0.00284,0.0746,0.0685,0.275,129,3.51,F#,Major,F# Major,Veloce (Allegro),0,0,0,0,1,0,1,0,0,0,0,0,0,0,0,0,0
janet jackson,all for you,False,2001,0.65,0.753,0.934,0.865,0.0736,0.0174,0.065,0.128,0.73,114,5.29,D,Major,D Major,Allegretto,0,0,0,0,0,0,0,0,0,0,0,0,1,1,0,0,0
atomic kitten,whole again,False,2001,0.66,0.747,0.706,0.784,0.0413,0.0844,0.00355,0.174,0.567,94,3.05,E,Major,E Major,Moderato,0,0,0,0,0,0,0,0,0,0,0,0,1,0,0,0,0
ja rule,livin' it up,False,2001,0.64,0.874,0.768,0.812,0.311,0.0554,0.0,0.041,0.636,106,4.17,F#,Major,F# Major,Moderato,0,0,0,0,0,0,0,0,1,0,0,0,1,1,0,0,0
destiny's child,"independent women, pt. 1",False,2001,0.65,0.73,0.602,0.827,0.206,0.362,3.69e-06,0.169,0.927,98,3.41,F#,Minor,F# Minor,Moderato,0,0,0,0,0,0,0,0,0,0,0,0,1,1,0,0,0
dj pied piper & the masters of ceremonies,do you really like it? - radio edit,False,2001,0.54,0.847,0.877,0.746,0.0493,0.124,0.0,0.148,0.764,131,3.37,D,Major,D Major,Veloce (Allegro),0,0,0,0,1,0,1,0,0,0,0,0,0,0,0,0,0
jennifer lopez,i'm real (feat. ja rule) - murder remix,True,2001,0.66,0.708,0.587,0.622,0.151,0.273,0.0,0.0718,0.554,83,4.22,B,Minor,B Minor,Moderato,0,0,0,0,0,0,0,0,1,0,0,0,1,1,0,0,0
musiq soulchild,love,False,2000,0.0,0.569,0.385,0.524,0.0499,0.342,0.0,0.0876,0.339,100,5.04,C#,Minor,C# Minor,Moderato,0,0,0,0,0,0,0,0,0,0,0,0,1,1,0,0,0
so solid crew,21 seconds,True,2001,0.51,0.607,0.637,0.467,0.241,0.0191,0.0,0.124,0.818,137,5.02,C#,Major,C# Major,Veloce (Allegro),0,0,0,0,1,0,1,0,0,0,0,0,0,0,0,0,0
robbie williams,eternity,False,2001,0.48,0.469,0.316,0.613,0.0265,0.504,6.04e-06,0.0919,0.199,78,5.02,A#,Major,A# Major,Moderato,0,0,0,0,0,0,0,0,0,0,0,0,1,0,1,0,0
basement jaxx,romeo,False,2001,0.0,0.713,0.829,0.808,0.0491,0.00769,0.00203,0.139,0.844,127,3.37,D,Major,D Major,Veloce (Allegro),0,0,0,0,1,0,1,0,0,0,0,0,1,0,0,0,0
ludacris,southern hospitality (featuring pharrell),True,2000,0.54,0.623,0.896,0.78,0.247,0.035,0.0,0.0941,0.613,95,5.0,C,Major,C Major,Moderato,0,0,0,0,0,0,0,0,1,0,0,0,1,0,0,0,0
gabrielle,rise,False,2001,0.6,0.558,0.481,0.545,0.026,0.315,8.83e-06,0.09,0.631,145,3.39,G#,Major,G# Major,Veloce (Allegro),0,0,0,0,0,0,0,0,0,0,0,0,1,1,0,0,0
nelly,ride wit me,True,2000,0.75,0.85,0.7,0.693,0.0478,0.0616,1.8e-06,0.244,0.722,102,4.51,G,Major,G Major,Moderato,0,0,0,0,0,0,0,0,1,0,0,0,1,1,0,0,0
trick daddy,i'm a thug,True,2001,0.59,0.933,0.561,0.719,0.122,0.0275,0.0,0.102,0.586,140,4.14,B,Major,B Major,Veloce (Allegro),0,0,0,0,0,0,0,0,1,0,0,0,1,0,0,0,0
travis,sing,False,2001,0.68,0.33,0.905,0.764,0.0497,0.000233,8.14e-06,0.0712,0.259,163,3.48,E,Major,E Major,Vivace,0,0,0,0,0,0,0,0,0,0,0,0,1,0,1,0,0
jay-z,izzo (h.o.v.a.),True,2001,0.63,0.618,0.844,0.813,0.342,0.0178,0.000126,0.0634,0.697,84,4.0,C#,Minor,C# Minor,Moderato,0,0,0,0,0,0,0,0,1,0,0,0,0,0,0,0,0
gabrielle,out of reach,False,2001,0.69,0.51,0.48,0.689,0.0452,0.503,0.0,0.106,0.496,183,3.16,B,Major,B Major,Frenetico (Presto),0,0,0,0,0,0,0,0,0,0,0,0,1,1,0,0,0
opm,heaven is a halfpipe (if i die),True,2000,0.56,0.743,0.894,0.673,0.0349,0.0755,0.00283,0.367,0.77,96,4.17,G#,Major,G# Major,Moderato,0,0,0,0,0,0,0,0,0,0,0,0,0,0,1,0,0
k-ci & jojo,crazy,False,2019,0.3,0.68,0.644,0.791,0.0258,0.084,0.0,0.549,0.484,116,4.22,C,Major,C Major,Allegretto,0,0,0,0,0,0,0,0,0,0,0,0,1,1,0,0,0
staind,it's been awhile,True,2001,0.64,0.509,0.774,0.813,0.0338,0.00189,0.000549,0.143,0.0824,117,4.24,F#,Major,F# Major,Allegretto,0,0,0,0,0,0,0,0,0,0,0,1,0,0,1,0,0
3lw,no more (baby i'ma do right),False,2000,0.56,0.721,0.723,0.664,0.0631,0.102,4.4e-06,0.0651,0.761,89,4.23,D,Minor,D Minor,Moderato,0,0,0,0,0,0,0,0,0,0,0,0,1,1,0,0,0
ginuwine,differences,False,2001,0.65,0.562,0.594,0.787,0.0558,0.318,0.0,0.311,0.423,63,4.25,D#,Minor,D# Minor,Lento (Adagio),0,0,0,0,0,0,0,0,1,0,0,0,1,1,0,0,0
nsync,gone,False,2001,0.45,0.699,0.403,0.59,0.0614,0.421,0.0,0.126,0.5,114,4.52,B,Minor,B Minor,Allegretto,0,0,0,0,0,0,0,0,0,0,0,0,1,0,0,0,0
lifehouse,hanging by a moment,False,2000,0.61,0.537,0.858,0.771,0.0349,0.000966,0.0,0.0812,0.502,125,3.36,C#,Major,C# Major,Veloce (Allegro),0,0,0,0,0,0,0,0,0,0,0,1,1,0,1,0,0
nelly,dilemma,True,2002,0.77,0.727,0.552,0.615,0.14,0.227,0.000164,0.198,0.607,168,4.49,D,Minor,D Minor,Vivace,0,0,0,0,0,0,0,0,1,0,0,0,1,1,0,0,0
eminem,without me,True,2002,0.87,0.908,0.669,0.874,0.0738,0.00286,0.0,0.237,0.662,112,4.5,G,Major,G Major,Allegretto,0,0,0,0,0,0,0,0,1,0,0,0,0,0,0,0,0
avril lavigne,complicated,False,2002,0.78,0.585,0.776,0.722,0.0459,0.0572,7.74e-06,0.3,0.427,78,4.04,F,Major,F Major,Moderato,0,0,0,0,0,0,0,0,0,0,0,0,1,0,0,0,0
vanessa carlton,a thousand miles,False,2002,0.75,0.56,0.825,0.823,0.0379,0.323,0.0,0.161,0.268,95,3.57,B,Major,B Major,Moderato,1,0,0,0,0,0,0,1,0,0,0,0,1,0,0,0,0
calling,wherever you will go,False,2001,0.72,0.558,0.719,0.761,0.0267,0.0367,0.0,0.115,0.371,112,3.28,D,Major,D Major,Allegretto,0,0,0,0,0,0,0,0,0,0,0,0,1,0,0,0,0
shakira,underneath your clothes,False,2001,0.64,0.616,0.597,0.75,0.0415,0.691,0.0,0.104,0.362,166,3.44,G#,Major,G# Major,Vivace,0,0,0,0,0,0,0,0,0,0,1,0,1,0,0,0,0
no doubt,underneath it all,False,2001,0.27,0.729,0.731,0.775,0.0684,0.232,1.57e-06,0.391,0.839,138,5.02,E,Major,E Major,Veloce (Allegro),0,0,0,0,0,0,0,0,0,0,0,0,1,0,1,0,0
truth hurts,addictive,True,2002,0.58,0.701,0.677,0.688,0.147,0.0737,0.000162,0.187,0.367,99,3.46,B,Minor,B Minor,Moderato,0,0,0,0,0,0,0,0,0,0,0,0,1,1,0,0,0
busta rhymes,i know what you want (feat. flipmode squad),True,2002,0.68,0.648,0.759,0.8,0.306,0.0142,0.0,0.648,0.518,86,5.24,F#,Major,F# Major,Moderato,0,0,0,0,0,0,0,0,1,0,0,0,1,0,0,0,0
eminem,'till i collapse,True,2002,0.85,0.548,0.847,0.854,0.186,0.0622,0.0,0.0816,0.1,171,4.57,C#,Major,C# Major,Vivace,0,0,0,0,0,0,0,0,1,0,0,0,0,0,0,0,0
diddy,"i need a girl (pt. 2) [feat. loon, ginuwine & mario winans]",False,2004,0.69,0.713,0.471,0.648,0.483,0.421,0.0,0.0308,0.779,200,4.45,C#,Minor,C# Minor,Frenetico (Presto),0,0,0,0,0,0,0,0,1,0,0,0,1,0,0,0,0
christina milian,when you look at me - radio edit,False,2001,0.6,0.955,0.839,0.846,0.127,0.0934,0.000175,0.099,0.825,109,3.42,D#,Minor,D# Minor,Allegretto,0,0,0,0,0,0,0,0,1,0,0,0,1,1,0,0,0
madonna,die another day,False,2003,0.53,0.792,0.797,0.758,0.0901,0.062,0.00325,0.0896,0.491,124,4.36,C,Minor,C Minor,Veloce (Allegro),0,0,0,0,0,0,0,0,0,0,0,0,1,0,0,0,0
jennifer lopez,i'm gonna be alright (feat. nas),False,2002,0.53,0.718,0.69,0.797,0.265,0.106,0.0,0.271,0.774,93,2.52,A#,Minor,A# Minor,Moderato,0,0,0,0,0,0,0,0,1,0,0,0,1,1,0,0,0
angie martinez,if i could go! (feat. lil' mo & sacario),False,2019,0.4,0.583,0.643,0.644,0.355,0.171,0.0,0.0395,0.7,196,4.04,A,Minor,A Minor,Frenetico (Presto),0,0,0,0,0,0,0,0,0,0,0,0,1,0,0,0,0
linkin park,in the end,False,2000,0.83,0.556,0.864,0.724,0.0584,0.00958,0.0,0.209,0.4,105,3.36,D#,Minor,D# Minor,Moderato,0,0,0,0,0,0,0,0,0,0,0,1,0,0,1,0,0
las ketchup,the ketchup song (aserejé) - spanglish version,False,2002,0.66,0.607,0.923,0.679,0.0948,0.0193,1.1e-06,0.0924,0.868,185,3.33,C#,Major,C# Major,Frenetico (Presto),0,0,0,0,0,0,0,0,0,0,1,0,0,0,0,0,0
aaliyah,rock the boat,False,2019,0.0,0.641,0.72,0.756,0.0336,0.0688,0.00286,0.193,0.418,93,4.35,F,Major,F Major,Moderato,0,0,0,0,0,0,0,0,1,0,0,0,1,1,0,0,0
holly valance,kiss kiss,False,2002,0.54,0.705,0.717,0.769,0.125,0.00369,0.461,0.0701,0.554,97,3.24,E,Minor,E Minor,Moderato,0,0,0,0,1,0,1,0,0,0,0,0,1,0,0,0,0
sugababes,round round,False,2002,0.59,0.74,0.845,0.826,0.0338,0.00287,6.23e-06,0.115,0.749,127,3.56,F#,Minor,F# Minor,Veloce (Allegro),0,0,0,0,0,0,0,0,0,0,0,0,1,1,0,0,0
marilyn manson,tainted love,False,2003,0.6,0.622,0.876,0.629,0.0728,0.00107,1.83e-06,0.292,0.537,142,3.2,G#,Major,G# Major,Veloce (Allegro),0,0,0,0,0,0,0,0,0,0,0,1,0,0,1,0,0
brandy,what about us?,False,2002,0.43,0.686,0.698,0.868,0.223,0.263,0.0,0.39,0.748,93,4.13,F,Minor,F Minor,Moderato,0,0,0,0,0,0,0,0,1,0,0,0,1,1,0,0,0
chad kroeger,hero (feat. josey scott),False,2003,0.66,0.427,0.843,0.789,0.0364,0.00216,0.0,0.179,0.304,147,3.2,E,Major,E Major,Veloce (Allegro),0,0,0,0,0,0,0,0,0,0,0,1,0,0,0,0,0
britney spears,overprotected - radio edit,False,2001,0.61,0.682,0.894,0.928,0.0727,0.0381,0.0,0.416,0.845,96,3.18,C,Minor,C Minor,Moderato,0,0,0,0,0,0,0,0,0,0,0,0,1,0,0,0,0
scooter,the logical song,False,2013,0.46,0.527,0.933,0.703,0.0382,0.00112,0.0362,0.425,0.493,144,3.54,F#,Minor,F# Minor,Veloce (Allegro),0,0,0,0,1,0,1,0,0,0,0,0,1,0,0,0,0
missy elliott,4 my people (feat. eve),True,2001,0.49,0.969,0.701,0.643,0.156,0.14,0.00161,0.201,0.905,121,4.49,C#,Major,C# Major,Veloce (Allegro),0,0,0,0,0,0,0,0,1,0,0,0,1,1,0,0,0
aaliyah,more than a woman,False,2002,0.42,0.646,0.638,0.727,0.0787,0.0556,0.0014,0.182,0.74,87,3.5,B,Major,B Major,Moderato,0,0,0,0,0,0,0,0,1,0,0,0,1,1,0,0,0
brandy,full moon,False,2002,0.52,0.611,0.654,0.775,0.139,0.372,0.00432,0.0926,0.609,106,4.08,A#,Minor,A# Minor,Moderato,0,0,0,0,0,0,0,0,1,0,0,0,1,1,0,0,0
blue,one love,False,2002,0.6,0.683,0.722,0.814,0.0358,0.0243,4.2e-05,0.35,0.854,95,3.27,G#,Minor,G# Minor,Moderato,0,0,0,0,0,0,0,0,0,0,0,0,1,0,0,0,0
busta rhymes,pass the courvoisier part ii (feat. p. diddy & pharrell) - remix,True,2001,0.55,0.697,0.793,0.781,0.323,0.0844,0.0,0.0619,0.56,90,3.58,F#,Minor,F# Minor,Moderato,0,0,0,0,0,0,0,0,1,0,0,0,1,0,0,0,0
celine dion,a new day has come - radio remix,False,2001,0.59,0.574,0.691,0.761,0.035,0.0826,1.65e-05,0.149,0.195,92,4.19,F#,Major,F# Major,Moderato,0,0,0,0,0,0,0,0,0,0,0,0,1,0,0,0,0
scooter,nessaja,False,2013,0.47,0.486,0.904,0.685,0.0364,0.000748,0.0984,0.187,0.118,143,3.28,D,Major,D Major,Veloce (Allegro),0,0,0,0,1,0,1,0,0,0,0,0,1,0,0,0,0
eve,gangsta lovin',True,2002,0.58,0.723,0.84,0.84,0.0608,0.0619,0.0,0.0945,0.827,94,3.59,C#,Minor,C# Minor,Moderato,0,0,0,0,0,0,0,0,1,0,0,0,1,1,0,0,0
disturbing tha peace,move bitch,True,2002,0.59,0.777,0.751,0.732,0.133,0.245,0.0,0.1,0.191,178,4.32,C#,Major,C# Major,Frenetico (Presto),0,0,0,0,0,0,0,0,1,0,0,0,1,0,0,0,0
khia,"my neck, my back (lick it)",True,2015,0.59,0.859,0.625,0.804,0.13,0.0296,0.0,0.0537,0.71,102,3.42,A,Minor,A Minor,Moderato,0,0,0,0,0,0,0,0,0,0,0,0,1,1,0,0,0
tweet,oops (oh my) [feat. missy elliott],True,2002,0.64,0.66,0.536,0.58,0.29,0.233,0.00669,0.111,0.775,160,3.57,A#,Minor,A# Minor,Vivace,0,0,0,0,0,0,0,0,1,0,0,0,1,1,0,0,0
kylie minogue,spinning around,False,2000,0.55,0.761,0.662,0.636,0.0548,0.292,6.19e-05,0.0956,0.631,120,3.27,F#,Minor,F# Minor,Allegretto,0,0,0,0,1,0,1,0,0,0,0,0,1,0,0,0,0
nelly,hot in herre,True,2002,0.75,0.956,0.745,0.779,0.12,0.206,0.0,0.0615,0.912,107,3.48,B,Minor,B Minor,Moderato,0,0,0,0,0,0,0,0,1,0,0,0,1,1,0,0,0
gareth gates,anyone of us (stupid mistake),False,2003,0.53,0.7,0.72,0.714,0.0261,0.285,0.0,0.0845,0.654,107,3.47,C#,Major,C# Major,Moderato,0,0,0,0,0,0,0,0,0,0,0,0,1,0,0,0,0
christina aguilera,dirrty (feat. redman),False,2002,0.68,0.64,0.889,0.862,0.322,0.107,0.0,0.339,0.436,100,4.58,D,Major,D Major,Moderato,0,0,0,0,0,0,0,0,0,0,0,0,1,0,0,0,0
b2k,uh huh,False,2002,0.49,0.855,0.681,0.769,0.0688,0.0881,3.7e-06,0.0592,0.908,100,3.43,D,Major,D Major,Moderato,0,0,0,0,0,0,0,0,1,0,0,0,1,1,0,0,0
sugababes,freak like me,False,2002,0.45,0.517,0.919,0.843,0.0925,0.0996,1.81e-06,0.557,0.387,92,3.15,F,Major,F Major,Moderato,0,0,0,0,0,0,0,0,0,0,0,0,1,1,0,0,0
dirty vegas,days go by,False,2002,0.48,0.786,0.853,0.605,0.0688,0.0499,0.0872,0.35,0.309,127,7.12,A,Minor,A Minor,Veloce (Allegro),0,0,0,0,1,0,1,0,0,0,0,0,0,0,0,0,0
fat joe,what's luv? (feat. ja-rule & ashanti),True,2001,0.73,0.835,0.707,0.763,0.0598,0.0219,2.19e-05,0.108,0.919,94,4.27,G#,Major,G# Major,Moderato,0,0,0,0,0,0,0,0,1,0,0,0,1,0,0,0,0
liberty x,just a little,False,2019,0.43,0.786,0.614,0.69,0.0574,0.00616,0.0,0.049,0.742,104,3.57,F,Minor,F Minor,Moderato,0,0,0,0,0,0,0,0,0,0,0,0,1,0,0,0,0
no doubt,hella good,False,2001,0.26,0.771,0.665,0.818,0.035,0.0135,0.0123,0.0903,0.844,115,4.02,G#,Major,G# Major,Allegretto,0,0,0,0,0,0,0,0,0,0,0,0,1,0,1,0,0
ll cool j,luv u better,False,2002,0.02,0.668,0.806,0.821,0.239,0.232,0.0,0.18,0.721,95,4.47,F#,Major,F# Major,Moderato,0,0,0,0,0,0,0,0,1,0,0,0,1,1,0,0,0
red hot chili peppers,can't stop,False,2002,0.8,0.618,0.938,0.844,0.0456,0.0179,0.0,0.167,0.875,91,4.29,A,Major,A Major,Moderato,0,0,0,0,0,0,0,0,0,0,0,0,0,0,1,0,0
musiq soulchild,halfcrazy,False,2002,0.58,0.412,0.77,0.714,0.18,0.462,1.5e-06,0.0485,0.418,102,4.14,B,Minor,B Minor,Moderato,0,0,0,0,0,0,0,0,0,0,0,0,1,1,0,0,0
sean paul,gimme the light,True,2002,0.59,0.778,0.761,0.74,0.0525,0.141,4.61e-05,0.0441,0.923,107,3.48,D,Major,D Major,Moderato,0,0,0,0,0,0,0,0,1,0,0,0,1,0,0,0,0
faith evans,i love you,False,2001,0.53,0.489,0.757,0.813,0.0926,0.00981,0.0,0.234,0.567,168,4.27,B,Minor,B Minor,Vivace,0,0,0,0,0,0,0,0,1,0,0,0,1,1,0,0,0
charli baltimore,down 4 u,True,2002,0.47,0.64,0.59,0.646,0.32,0.252,0.0,0.665,0.519,83,5.18,G,Major,G Major,Moderato,0,0,0,0,0,0,0,0,0,0,0,0,1,0,0,0,0
kylie minogue,love at first sight,False,2001,0.55,0.603,0.774,0.714,0.0428,0.0288,0.051,0.0533,0.48,125,3.58,D#,Minor,D# Minor,Veloce (Allegro),0,0,0,0,1,0,1,0,0,0,0,0,1,0,0,0,0
n.o.r.e.,nothin',True,2002,0.58,0.791,0.863,0.711,0.151,0.317,1.13e-06,0.27,0.742,97,4.24,D#,Minor,D# Minor,Moderato,0,0,0,0,0,0,0,0,1,0,0,0,1,0,0,0,0
gareth gates,unchained melody,False,2003,0.35,0.368,0.426,0.616,0.0277,0.255,5.39e-06,0.108,0.208,107,3.53,A#,Major,A# Major,Moderato,0,0,0,0,0,0,0,0,0,0,0,0,1,0,0,0,0
diddy,i need a girl (pt. 1) [feat. usher & loon],False,2005,0.63,0.66,0.707,0.729,0.208,0.397,0.0,0.211,0.761,89,4.28,F#,Major,F# Major,Moderato,0,0,0,0,0,0,0,0,1,0,0,0,1,0,0,0,0
big brovaz,nu flow,False,2001,0.45,0.783,0.726,0.583,0.106,0.0903,2.53e-06,0.363,0.784,148,3.21,G,Major,G Major,Veloce (Allegro),0,0,0,0,0,0,0,0,0,0,0,0,1,0,0,0,0
no doubt,hey baby,False,2001,0.24,0.705,0.872,0.838,0.125,0.0602,0.0,0.228,0.746,94,3.27,B,Minor,B Minor,Moderato,0,0,0,0,0,0,0,0,0,0,0,0,1,0,1,0,0
ashanti,baby,True,2002,0.55,0.567,0.58,0.729,0.223,0.0084,5.37e-06,0.0342,0.46,158,4.25,E,Minor,E Minor,Vivace,0,0,0,0,0,0,0,0,1,0,0,0,1,1,0,0,0
sophie ellis-bextor,murder on the dancefloor,False,2002,0.62,0.734,0.848,0.752,0.0309,0.00312,1.16e-05,0.313,0.863,117,3.5,C#,Minor,C# Minor,Allegretto,0,0,0,0,1,0,1,0,0,0,0,0,1,0,0,0,0
justin timberlake,like i love you,False,2002,0.62,0.853,0.811,0.77,0.0646,0.0439,0.000307,0.0703,0.9,115,4.43,F#,Minor,F# Minor,Allegretto,0,0,0,0,0,0,0,0,0,0,0,0,1,0,0,0,0
mary j. blige,rainy dayz,False,2001,0.32,0.412,0.667,0.668,0.229,0.195,0.0,0.305,0.533,69,4.36,F#,Major,F# Major,Lento (Adagio),0,0,0,0,0,0,0,0,0,0,0,0,1,1,0,0,0
a1,caught in the middle,False,2001,0.53,0.519,0.874,0.761,0.034,0.0524,0.0,0.243,0.572,96,3.26,F,Major,F Major,Moderato,0,0,0,0,0,0,0,0,0,0,0,0,1,0,0,0,0
eminem,cleanin' out my closet,True,2002,0.71,0.908,0.758,0.779,0.174,0.0687,0.0,0.0783,0.87,148,4.57,A,Minor,A Minor,Veloce (Allegro),0,0,0,0,0,0,0,0,1,0,0,0,0,0,0,0,0
ashanti,happy,True,2002,0.61,0.727,0.515,0.69,0.0289,0.241,3.74e-06,0.124,0.695,89,4.22,D,Minor,D Minor,Moderato,0,0,0,0,0,0,0,0,1,0,0,0,1,1,0,0,0
delta goodrem,born to try,False,2003,0.54,0.542,0.589,0.677,0.0284,0.246,0.0,0.188,0.336,134,4.11,G#,Major,G# Major,Veloce (Allegro),0,0,0,0,0,0,0,0,0,0,0,0,1,0,0,0,0
p!nk,get the party started,False,2001,0.68,0.802,0.903,0.852,0.046,0.0011,0.0,0.173,0.96,129,3.12,B,Minor,B Minor,Veloce (Allegro),0,0,0,0,0,0,0,0,0,0,0,0,1,0,0,0,0
alicia keys,a woman's worth,False,2001,0.52,0.652,0.41,0.602,0.158,0.333,0.0,0.064,0.495,75,5.03,E,Minor,E Minor,Lento (Adagio),0,0,0,0,0,0,0,0,0,0,0,0,1,1,0,0,0
daniel bedingfield,gotta get thru this - d'n'd radio edit,False,2002,0.56,0.838,0.764,0.763,0.0586,0.0862,0.000122,0.0906,0.924,134,2.41,G,Minor,G Minor,Veloce (Allegro),0,0,0,0,0,0,0,0,0,0,0,0,1,0,0,0,0
coldplay,clocks,False,2002,0.79,0.577,0.749,0.657,0.0279,0.599,0.0115,0.183,0.255,131,5.07,F,Minor,F Minor,Veloce (Allegro),0,0,0,0,0,0,0,0,0,0,0,0,1,0,1,0,0
missy elliott,work it,True,2002,0.7,0.884,0.677,0.737,0.283,0.0778,0.0,0.0732,0.584,102,4.23,C#,Major,C# Major,Moderato,0,0,0,0,0,0,0,0,1,0,0,0,1,1,0,0,0
ronan keating,if tomorrow never comes,False,2002,0.6,0.555,0.496,0.71,0.028,0.333,0.0,0.0956,0.27,79,3.34,A#,Major,A# Major,Moderato,0,0,0,0,0,0,0,0,0,0,0,0,1,0,1,0,0
big tymers,still fly,True,2002,0.64,0.675,0.607,0.839,0.162,0.0302,8.97e-06,0.339,0.56,178,5.35,B,Major,B Major,Frenetico (Presto),0,0,0,0,0,0,0,0,1,0,0,0,1,0,0,0,0
creed,my sacrifice,False,2001,0.69,0.32,0.88,0.715,0.0504,0.000101,4.31e-06,0.076,0.257,146,4.54,D,Major,D Major,Veloce (Allegro),0,0,0,0,0,0,0,0,0,0,0,1,1,0,1,0,0
ja rule,always on time,True,2001,0.73,0.839,0.706,0.712,0.199,0.208,0.0,0.242,0.839,97,4.05,F,Minor,F Minor,Moderato,0,0,0,0,0,0,0,0,1,0,0,0,1,1,0,0,0
ashanti,foolish,True,2002,0.7,0.665,0.695,0.729,0.0532,0.347,0.0,0.106,0.707,90,3.47,C,Major,C Major,Moderato,0,0,0,0,0,0,0,0,1,0,0,0,1,1,0,0,0
avril lavigne,sk8er boi,False,2002,0.75,0.487,0.9,0.795,0.0482,6.79e-05,0.0,0.358,0.484,150,3.24,C,Major,C Major,Veloce (Allegro),0,0,0,0,0,0,0,0,0,0,0,0,1,0,0,0,0
dj sammy,heaven,False,2002,0.63,0.571,0.953,0.737,0.0548,0.0011,0.000606,0.226,0.601,138,3.53,G#,Major,G# Major,Veloce (Allegro),0,0,0,0,0,0,0,0,0,0,0,0,1,0,0,0,0
britney spears,"i'm not a girl, not yet a woman",False,2001,0.58,0.534,0.543,0.675,0.0245,0.579,0.0,0.112,0.418,79,3.51,D#,Major,D# Major,Moderato,0,0,0,0,0,0,0,0,0,0,0,0,1,0,0,0,0
cam’ron,oh boy,True,2002,0.67,0.754,0.767,0.738,0.145,0.0216,0.0,0.172,0.828,83,3.24,F#,Major,F# Major,Moderato,0,0,0,0,0,0,0,0,1,0,0,0,1,0,0,0,0
red hot chili peppers,by the way,False,2002,0.73,0.451,0.97,0.77,0.107,0.0264,0.00355,0.102,0.198,122,3.36,C,Major,C Major,Veloce (Allegro),0,0,0,0,0,0,0,0,0,0,0,0,0,0,1,0,0
elvis presley,a little less conversation - jxl radio edit remix,False,2002,0.6,0.597,0.97,0.719,0.0502,0.000385,0.205,0.133,0.717,115,3.31,E,Minor,E Minor,Allegretto,0,0,0,0,0,1,0,0,0,0,0,0,0,0,1,0,0
atomic kitten,the tide is high - radio mix,False,2002,0.65,0.783,0.649,0.81,0.0322,0.0209,0.00482,0.067,0.665,104,3.26,G,Major,G Major,Moderato,0,0,0,0,0,0,0,0,0,0,0,0,1,0,0,0,0
nsync,girlfriend,False,2001,0.5,0.745,0.807,0.757,0.0884,0.0887,1.49e-05,0.0283,0.858,94,4.13,C,Minor,C Minor,Moderato,0,0,0,0,0,0,0,0,0,0,0,0,1,0,0,0,0
robbie williams,somethin' stupid,False,2001,0.64,0.654,0.515,0.412,0.0261,0.429,5.62e-06,0.174,0.677,106,2.5,C,Major,C Major,Moderato,0,0,0,0,0,0,0,0,0,0,0,0,1,0,1,0,0
alanis morissette,hands clean,False,2002,0.57,0.513,0.82,0.745,0.0299,0.00192,2.83e-06,0.504,0.52,100,4.29,G,Major,G Major,Moderato,1,0,0,0,0,0,0,1,0,0,0,0,1,0,0,0,0
usher,u don't have to call,True,2001,0.59,0.793,0.568,0.769,0.0459,0.0478,3.57e-05,0.0304,0.806,100,4.29,C#,Major,C# Major,Moderato,0,0,0,0,0,0,0,0,1,0,0,0,1,1,0,0,0
creed,one last breath - radio version,False,2015,0.47,0.38,0.725,0.713,0.0365,0.00571,0.00015,0.3,0.202,131,4.02,D,Major,D Major,Veloce (Allegro),0,0,0,0,0,0,0,0,0,0,0,1,1,0,1,0,0
goo goo dolls,here is gone,False,2002,0.56,0.338,0.685,0.758,0.0322,0.00052,0.000512,0.109,0.221,102,3.58,C#,Major,C# Major,Moderato,0,0,0,0,0,0,0,0,0,0,0,0,1,0,1,0,0
puddle of mudd,she hates me,True,2001,0.7,0.58,0.748,0.745,0.0323,0.00935,0.0,0.753,0.584,110,3.36,E,Major,E Major,Allegretto,0,0,0,0,0,0,0,0,0,0,0,1,0,0,1,0,0
ludacris,rollout (my business),True,2001,0.6,0.921,0.668,0.582,0.235,0.0949,0.0,0.592,0.892,131,4.56,G,Major,G Major,Veloce (Allegro),0,0,0,0,0,0,0,0,1,0,0,0,1,0,0,0,0
blazin' squad,crossroads - radio edit,False,2012,0.4,0.661,0.746,0.759,0.042,0.109,0.0,0.325,0.502,144,3.08,E,Major,E Major,Veloce (Allegro),0,0,0,0,0,0,0,0,1,0,0,0,0,0,0,0,0
default,wasting my time,False,2001,0.4,0.443,0.769,0.74,0.0312,0.00138,0.0,0.0677,0.17,148,4.28,D,Major,D Major,Veloce (Allegro),0,0,0,0,0,0,0,0,0,0,0,1,1,0,1,0,0
michelle branch,all you wanted,False,2001,0.6,0.499,0.72,0.564,0.0286,0.00466,0.00303,0.122,0.652,96,3.37,G#,Major,G# Major,Moderato,1,0,0,0,0,0,0,1,0,0,0,0,1,0,0,0,0
daniel bedingfield,if you're not the one,False,2002,0.58,0.688,0.538,0.638,0.0292,0.504,0.0,0.111,0.27,120,4.17,A#,Major,A# Major,Allegretto,0,0,0,0,0,0,0,0,0,0,0,0,1,0,0,0,0
enrique iglesias,escape,False,2001,0.56,0.776,0.844,0.752,0.0297,0.0277,0.000244,0.135,0.868,126,3.28,B,Major,B Major,Veloce (Allegro),0,0,0,0,0,0,0,0,0,0,1,0,1,0,0,0,0
puddle of mudd,blurry,False,2001,0.64,0.432,0.936,0.789,0.0562,0.00691,0.0,0.14,0.499,157,5.03,D#,Minor,D# Minor,Vivace,0,0,0,0,0,0,0,0,0,0,0,1,0,0,1,0,0
coldplay,in my place,False,2002,0.72,0.424,0.588,0.744,0.0278,0.0553,4.95e-06,0.298,0.193,145,3.46,A,Major,A Major,Veloce (Allegro),0,0,0,0,0,0,0,0,0,0,0,0,1,0,1,0,0
outkast,the whole world (feat. killer mike),True,2001,0.51,0.814,0.852,0.708,0.401,0.0958,1.32e-06,0.0288,0.717,185,4.55,D,Major,D Major,Frenetico (Presto),0,0,0,0,0,0,0,0,1,0,0,0,1,0,0,0,0
p!nk,don't let me get me - radio edit,False,2001,0.6,0.624,0.85,0.779,0.0756,0.00234,0.0,0.0621,0.615,99,3.3,C,Minor,C Minor,Moderato,0,0,0,0,0,0,0,0,0,0,0,0,1,0,0,0,0
50 cent,in da club,True,2003,0.81,0.899,0.713,0.878,0.366,0.255,0.0,0.0708,0.777,90,3.13,F#,Minor,F# Minor,Moderato,0,0,0,0,0,0,0,0,1,0,0,0,1,0,0,0,0
sean paul,get busy,False,2002,0.74,0.735,0.824,0.809,0.036,0.615,0.0,0.158,0.726,100,3.31,A#,Minor,A# Minor,Moderato,0,0,0,0,0,0,0,0,1,0,0,0,1,0,0,0,0
eminem,"lose yourself - from ""8 mile"" soundtrack",True,2004,0.77,0.686,0.735,0.786,0.264,0.00921,0.00066,0.342,0.0596,171,5.22,D,Major,D Major,Vivace,0,0,0,0,0,0,0,0,1,0,0,0,0,0,0,0,0
beyonce,crazy in love (feat. jay-z),False,2003,0.76,0.646,0.77,0.688,0.226,0.00249,0.0,0.0715,0.681,99,3.56,D,Minor,D Minor,Moderato,0,0,0,0,0,0,0,0,0,0,0,0,1,1,0,0,0
counting crows,big yellow taxi,False,2003,0.5,0.669,0.873,0.8,0.0494,0.00204,0.0,0.137,0.827,88,3.45,G#,Major,G# Major,Moderato,0,0,0,0,0,0,0,0,0,0,0,0,1,0,1,0,0
black eyed peas,where is the love?,False,2003,0.68,0.835,0.687,0.857,0.184,0.101,0.0,0.132,0.828,94,4.32,F,Major,F Major,Moderato,0,0,0,0,0,0,0,0,1,0,0,0,1,0,0,0,0
jennifer lopez,jenny from the block (feat. jadakiss & styles p.) - track masters remix,False,2002,0.7,0.845,0.768,0.744,0.188,0.00733,5.04e-06,0.0575,0.96,100,3.07,F#,Major,F# Major,Moderato,0,0,0,0,0,0,0,0,1,0,0,0,1,1,0,0,0
black eyed peas,shut up,False,2003,0.56,0.81,0.714,0.818,0.243,0.0637,0.0,0.237,0.561,113,4.56,D,Major,D Major,Allegretto,0,0,0,0,0,0,0,0,1,0,0,0,1,0,0,0,0
t.a.t.u.,all the things she said,True,2020,0.39,0.527,0.834,0.729,0.0474,0.0411,0.00599,0.105,0.381,180,3.34,F,Minor,F Minor,Frenetico (Presto),0,0,0,0,0,0,0,0,0,0,0,0,1,0,0,0,0
benny benassi,satisfaction (isak original extended) - benny benassi presents the biz,False,2003,0.66,0.793,0.698,0.834,0.104,0.163,0.145,0.0745,0.339,130,4.45,B,Major,B Major,Veloce (Allegro),0,0,0,0,1,0,1,0,0,0,0,0,1,0,0,0,0
busta rhymes,i know what you want (feat. flipmode squad),True,2002,0.68,0.648,0.759,0.8,0.306,0.0142,0.0,0.648,0.518,86,5.24,F#,Major,F# Major,Moderato,0,0,0,0,0,0,0,0,1,0,0,0,1,0,0,0,0
panjabi mc,mundian to bach ke,False,2003,0.61,0.778,0.879,0.769,0.0371,0.399,0.792,0.15,0.942,98,4.04,G#,Minor,G# Minor,Moderato,0,0,0,0,0,0,0,0,1,0,0,0,0,0,0,1,1
mis-teeq,scandalous - u.s. radio edit,False,2004,0.59,0.734,0.668,0.819,0.0349,0.0526,0.0,0.0925,0.651,100,3.58,C,Minor,C Minor,Moderato,0,0,0,0,1,0,1,0,0,0,0,0,1,0,0,0,0
jay-z,03' bonnie & clyde,True,2002,0.71,0.759,0.678,0.759,0.314,0.23,0.0,0.15,0.327,90,3.25,A,Minor,A Minor,Moderato,0,0,0,0,0,0,0,0,1,0,0,0,0,0,0,0,0
50 cent,p.i.m.p.,True,2003,0.76,0.712,0.772,0.864,0.346,0.0521,4.35e-06,0.0368,0.848,85,4.09,A#,Minor,A# Minor,Moderato,0,0,0,0,0,0,0,0,1,0,0,0,1,0,0,0,0
jamelia,superstar,False,2003,0.69,0.801,0.645,0.671,0.0356,0.0457,0.0,0.0357,0.824,110,3.35,C#,Major,C# Major,Allegretto,0,0,0,0,0,0,0,0,0,0,0,0,1,0,0,0,0
linkin park,faint,False,2003,0.72,0.554,0.978,0.838,0.131,0.111,0.0,0.0731,0.594,135,2.42,E,Major,E Major,Veloce (Allegro),0,0,0,0,0,0,0,0,0,0,0,1,0,0,1,0,0
dmx,x gon' give it to ya,True,2007,0.7,0.761,0.899,0.861,0.183,0.0135,0.0,0.0719,0.673,95,3.37,A#,Minor,A# Minor,Moderato,0,0,0,0,0,0,0,0,1,0,0,0,1,0,0,0,0
evanescence,bring me to life,False,2003,0.79,0.331,0.943,0.856,0.0698,0.00721,2.06e-06,0.242,0.296,95,3.55,E,Minor,E Minor,Moderato,0,0,0,0,0,0,0,0,0,0,0,1,0,0,0,0,0
sugababes,hole in the head,False,2003,0.57,0.785,0.933,0.785,0.0309,0.0303,0.0,0.137,0.962,125,3.38,F#,Minor,F# Minor,Veloce (Allegro),0,0,0,0,0,0,0,0,0,0,0,0,1,1,0,0,0
craig david,rise & fall (feat. sting),False,2002,0.59,0.405,0.589,0.643,0.0586,0.252,0.0,0.661,0.808,83,4.47,F#,Minor,F# Minor,Moderato,0,0,0,0,0,0,0,0,1,0,0,0,1,1,0,0,0
three days grace,i hate everything about you,False,2003,0.72,0.498,0.83,0.759,0.0421,0.00461,0.0,0.139,0.453,89,3.51,F#,Minor,F# Minor,Moderato,0,0,0,0,0,0,0,0,0,0,0,1,0,0,1,0,0
lil jon & the east side boyz,get low,False,2002,0.47,0.78,0.604,0.617,0.0396,0.022,0.0,0.194,0.12,101,5.24,C#,Major,C# Major,Moderato,0,0,0,0,0,0,0,0,1,0,0,0,1,0,0,0,0
b2k,"bump, bump, bump (feat. p. diddy)",False,2003,0.62,0.835,0.68,0.716,0.21,0.1,0.0,0.049,0.889,96,4.42,C#,Minor,C# Minor,Moderato,0,0,0,0,0,0,0,0,1,0,0,0,1,1,0,0,0
baby bash,suga suga,False,2003,0.73,0.662,0.748,0.863,0.268,0.688,8.43e-06,0.0841,0.535,82,3.59,F,Minor,F Minor,Moderato,0,0,0,0,0,0,0,0,1,0,1,0,1,1,0,0,0
aaliyah,miss you - main,False,2002,0.36,0.602,0.34,0.526,0.0375,0.618,0.0,0.234,0.511,110,4.05,A#,Major,A# Major,Allegretto,0,0,0,0,0,0,0,0,1,0,0,0,1,1,0,0,0
britney spears,me against the music (feat. madonna) - lp version / video mix,False,2003,0.59,0.804,0.836,0.686,0.089,0.32,0.0,0.213,0.85,120,3.43,F#,Minor,F# Minor,Allegretto,0,0,0,0,0,0,0,0,0,0,0,0,1,0,0,0,0
blue,sorry seems to be the hardest word,False,2004,0.57,0.564,0.6,0.677,0.0305,0.183,2.19e-06,0.38,0.442,79,3.3,G,Minor,G Minor,Moderato,0,0,0,0,0,0,0,0,0,0,0,0,1,0,0,0,0
delta goodrem,lost without you,False,2003,0.54,0.581,0.747,0.683,0.0283,0.0365,1.69e-06,0.193,0.514,146,4.08,G,Major,G Major,Veloce (Allegro),0,0,0,0,0,0,0,0,0,0,0,0,1,0,0,0,0
justin timberlake,rock your body,False,2002,0.76,0.892,0.714,0.714,0.141,0.201,0.000234,0.0521,0.817,101,4.27,E,Minor,E Minor,Moderato,0,0,0,0,0,0,0,0,0,0,0,0,1,0,0,0,0
white stripes,seven nation army,False,2003,0.03,0.741,0.469,0.637,0.0805,0.00601,0.447,0.306,0.313,124,3.51,E,Minor,E Minor,Veloce (Allegro),0,1,0,0,0,0,0,0,0,0,0,0,0,0,1,0,0
youngbloodz,damn! (feat. lil' jon) - club mix,True,2003,0.54,0.772,0.724,0.727,0.307,0.0149,0.0,0.355,0.518,84,4.58,F#,Minor,F# Minor,Moderato,0,0,0,0,0,0,0,0,1,0,0,0,1,0,0,0,0
beyonce,baby boy (feat. sean paul),False,2003,0.63,0.655,0.488,0.561,0.22,0.0825,1.16e-06,0.221,0.791,91,4.04,C#,Major,C# Major,Moderato,0,0,0,0,0,0,0,0,0,0,0,0,1,1,0,0,0
lil' kim,magic stick,True,2019,0.47,0.849,0.498,0.625,0.272,0.116,4.49e-05,0.268,0.502,93,5.59,D,Major,D Major,Moderato,0,0,0,0,0,0,0,0,1,0,0,0,1,1,0,0,0
christina aguilera,can't hold us down (feat. lil' kim),False,2002,0.61,0.859,0.658,0.792,0.192,0.0326,0.00181,0.0651,0.538,99,4.15,G#,Major,G# Major,Moderato,0,0,0,0,0,0,0,0,0,0,0,0,1,0,0,0,0
nickelback,someday,False,2003,0.68,0.455,0.858,0.734,0.0391,0.000616,0.000247,0.226,0.597,163,3.27,B,Minor,B Minor,Vivace,0,0,0,0,0,0,0,0,0,0,0,1,0,0,1,0,0
blue,u make me wanna - radio edit,False,2003,0.48,0.6,0.736,0.706,0.0329,0.325,0.0,0.137,0.848,158,3.42,G,Major,G Major,Vivace,0,0,0,0,0,0,0,0,0,0,0,0,1,0,0,0,0
ashanti,rain on me,False,2003,0.5,0.606,0.699,0.86,0.0337,0.343,1.89e-06,0.0757,0.509,84,4.57,G#,Minor,G# Minor,Moderato,0,0,0,0,0,0,0,0,1,0,0,0,1,1,0,0,0
trapt,headstrong,True,2002,0.72,0.492,0.896,0.726,0.117,0.000172,2.78e-06,0.189,0.534,185,4.45,E,Minor,E Minor,Frenetico (Presto),0,0,0,0,0,0,0,0,0,0,0,1,0,0,1,0,0
simply red,sunrise,False,2008,0.58,0.791,0.733,0.761,0.029,0.00189,0.201,0.0859,0.917,106,3.19,F,Minor,F Minor,Moderato,1,0,0,0,0,0,0,1,0,0,0,0,1,1,1,0,0
lumidee,"never leave you (uh oooh, uh oooh)",False,2003,0.61,0.811,0.657,0.707,0.362,0.0391,0.712,0.0798,0.777,200,3.04,F#,Major,F# Major,Frenetico (Presto),0,0,0,0,0,0,0,0,0,0,0,0,1,1,0,0,0
girls aloud,sound of the underground,False,2003,0.58,0.568,0.867,0.724,0.0365,0.00344,4.67e-05,0.328,0.88,164,3.41,B,Major,B Major,Vivace,0,0,0,0,1,0,1,0,0,0,0,0,1,0,0,0,0
nelly,shake ya tailfeather (feat. p. diddy & murphy lee) - 2016 remaster,False,2016,0.52,0.527,0.808,0.779,0.295,0.176,0.0,0.169,0.907,87,4.53,C#,Major,C# Major,Moderato,0,0,0,0,0,0,0,0,1,0,0,0,1,1,0,0,0
room 5,make luv,False,2003,0.57,0.883,0.887,0.771,0.116,0.0111,0.63,0.0367,0.648,125,3.32,C#,Major,C# Major,Veloce (Allegro),0,0,0,0,1,0,1,0,0,0,0,0,0,0,0,0,0
fatman scoop,be faithful,True,2009,0.49,0.649,0.713,0.693,0.295,0.000787,0.0,0.318,0.629,101,2.44,G,Major,G Major,Moderato,0,0,0,0,0,0,0,0,1,0,0,0,0,0,0,0,0
limp bizkit,behind blue eyes,False,2003,0.7,0.595,0.489,0.685,0.0271,0.497,0.0,0.119,0.0902,120,4.29,G,Major,G Major,Allegretto,0,0,0,0,0,0,0,0,0,0,0,1,0,0,0,0,0
sugababes,too lost in you,False,2003,0.58,0.586,0.705,0.771,0.0287,0.0485,0.0,0.15,0.459,98,3.57,C#,Minor,C# Minor,Moderato,0,0,0,0,0,0,0,0,0,0,0,0,1,1,0,0,0
50 cent,"wanksta - from ""8 mile"" soundtrack",True,2003,0.57,0.802,0.863,0.838,0.2,0.0199,0.0,0.141,0.873,81,3.39,C#,Major,C# Major,Moderato,0,0,0,0,0,0,0,0,1,0,0,0,1,0,0,0,0
pharrell williams,frontin' (feat. jay-z) - club mix,True,2003,0.67,0.894,0.404,0.721,0.13,0.453,1.57e-06,0.0801,0.759,102,3.56,A,Minor,A Minor,Moderato,0,0,0,0,0,0,0,0,1,0,0,0,1,0,0,0,0
chingy,right thurr,True,2003,0.69,0.866,0.749,0.817,0.253,0.15,0.0,0.0614,0.891,92,4.1,D,Major,D Major,Moderato,0,0,0,0,0,0,0,0,1,0,0,0,1,1,0,0,0
eminem,sing for the moment,True,2002,0.71,0.668,0.824,0.808,0.137,0.0017,3.05e-06,0.0426,0.185,164,5.39,F,Minor,F Minor,Vivace,0,0,0,0,0,0,0,0,1,0,0,0,0,0,0,0,0
lil' kim,the jump off (feat. mr. cheeks) - remix,True,2003,0.48,0.853,0.752,0.577,0.339,0.178,4.65e-06,0.0553,0.935,105,3.54,C#,Major,C# Major,Moderato,0,0,0,0,0,0,0,0,1,0,0,0,1,1,0,0,0
mya,my love is like...wo - main mix,False,2003,0.48,0.831,0.695,0.693,0.109,0.194,1.24e-05,0.309,0.722,133,3.29,E,Major,E Major,Veloce (Allegro),0,0,0,0,0,0,0,0,0,0,0,0,1,1,0,0,0
50 cent,21 questions,True,2003,0.72,0.646,0.813,0.824,0.299,0.349,9.37e-05,0.0427,0.895,93,3.44,F#,Minor,F# Minor,Moderato,0,0,0,0,0,0,0,0,1,0,0,0,1,0,0,0,0
nelly,air force ones,True,2002,0.61,0.784,0.459,0.532,0.317,0.0847,0.0,0.079,0.618,164,5.04,E,Minor,E Minor,Vivace,0,0,0,0,0,0,0,0,1,0,0,0,1,1,0,0,0
missy elliott,gossip folks (feat. ludacris),True,2002,0.57,0.707,0.538,0.754,0.505,0.362,0.0,0.317,0.439,122,3.54,C,Major,C Major,Veloce (Allegro),0,0,0,0,0,0,0,0,1,0,0,0,1,1,0,0,0
girls aloud,jump,False,2003,0.6,0.658,0.826,0.716,0.0346,0.00189,0.00275,0.0492,0.795,134,3.4,G#,Major,G# Major,Veloce (Allegro),0,0,0,0,1,0,1,0,0,0,0,0,1,0,0,0,0
ultrabeat,pretty green eyes - radio edit,False,2003,0.59,0.553,0.775,0.505,0.043,0.212,0.0,0.0728,0.51,140,3.21,C#,Minor,C# Minor,Veloce (Allegro),0,0,0,0,1,0,1,0,0,0,0,0,1,0,0,0,0
christina aguilera,fighter,False,2002,0.67,0.435,0.92,0.947,0.201,0.235,0.000353,0.552,0.45,189,4.05,E,Minor,E Minor,Frenetico (Presto),0,0,0,0,0,0,0,0,0,0,0,0,1,0,0,0,0
frankie j,don't wanna try,False,2003,0.49,0.655,0.433,0.639,0.0348,0.444,0.0,0.221,0.199,130,4.05,F,Minor,F Minor,Veloce (Allegro),0,0,0,0,0,0,0,0,1,0,0,0,1,1,0,0,0
snoop dogg,beautiful,True,2005,0.67,0.893,0.74,0.77,0.132,0.299,0.0,0.0881,0.963,101,4.59,B,Minor,B Minor,Moderato,0,0,0,0,0,0,0,0,1,0,0,0,1,0,0,0,0
floetry,say yes,False,2002,0.57,0.747,0.398,0.375,0.0743,0.211,1.42e-06,0.113,0.428,118,4.28,F,Minor,F Minor,Allegretto,0,0,0,0,0,0,0,0,1,0,0,0,1,1,0,0,0
ginuwine,in those jeans,True,2003,0.59,0.691,0.541,0.723,0.0776,0.508,0.0,0.0753,0.319,128,4.03,C#,Major,C# Major,Veloce (Allegro),0,0,0,0,0,0,0,0,1,0,0,0,1,1,0,0,0
electric six,danger! high voltage - soulchild radio mix,False,2003,0.0,0.66,0.698,0.78,0.0302,1.92e-05,0.166,0.0517,0.511,123,3.34,B,Minor,B Minor,Veloce (Allegro),0,0,0,0,0,0,0,0,0,0,0,0,0,0,1,0,0
rachel stevens,sweet dreams my la ex - radio edit,False,2003,0.38,0.85,0.862,0.836,0.138,0.0733,0.00144,0.0936,0.908,130,3.28,D,Major,D Major,Veloce (Allegro),0,0,0,0,1,0,1,0,0,0,0,0,1,0,0,0,0
ludacris,stand up,True,2003,0.57,0.751,0.84,0.774,0.349,0.367,0.0,0.0916,0.801,99,3.33,F#,Major,F# Major,Moderato,0,0,0,0,0,0,0,0,1,0,0,0,1,0,0,0,0
nas,i can,False,2002,0.58,0.837,0.885,0.82,0.182,0.103,0.0,0.0666,0.694,95,4.13,F#,Minor,F# Minor,Moderato,0,0,0,0,0,0,0,0,1,0,0,0,0,0,0,0,0
3 doors down,when i'm gone,False,2002,0.67,0.53,0.768,0.736,0.0284,0.00385,0.0,0.103,0.374,148,4.2,G,Major,G Major,Veloce (Allegro),0,0,0,0,0,0,0,0,0,0,0,1,1,0,1,0,0
tyrese,how you gonna act like that,False,2002,0.6,0.733,0.521,0.833,0.0457,0.107,0.0,0.0692,0.525,113,4.54,D#,Minor,D# Minor,Allegretto,0,0,0,0,0,0,0,0,1,0,0,0,1,1,0,0,0
justin timberlake,cry me a river,False,2002,0.73,0.624,0.654,0.688,0.183,0.577,0.0,0.104,0.564,74,4.48,G#,Minor,G# Minor,Lento (Adagio),0,0,0,0,0,0,0,0,0,0,0,0,1,0,0,0,0
westlife,mandy,False,2003,0.57,0.447,0.636,0.763,0.0278,0.254,9.25e-05,0.11,0.376,106,3.19,F,Major,F Major,Moderato,0,0,0,0,0,0,0,0,0,0,0,0,1,0,0,0,0
no doubt,it's my life,False,2003,0.6,0.612,0.735,0.763,0.0282,0.00202,0.00118,0.328,0.783,126,3.46,G#,Minor,G# Minor,Veloce (Allegro),0,0,0,0,0,0,0,0,0,0,0,0,1,0,1,0,0
amanda perez,angel,False,2003,0.48,0.638,0.54,0.675,0.0473,0.506,0.0,0.157,0.352,144,3.38,C,Major,C Major,Veloce (Allegro),0,0,0,0,0,0,0,0,0,0,0,0,1,1,0,0,0
jay-z,excuse me miss,True,2002,0.56,0.714,0.862,0.74,0.286,0.0305,0.0,0.0884,0.887,93,4.41,F#,Major,F# Major,Moderato,0,0,0,0,0,0,0,0,1,0,0,0,0,0,0,0,0
coldplay,clocks,False,2002,0.79,0.577,0.749,0.657,0.0279,0.599,0.0115,0.183,0.255,131,5.07,F,Minor,F Minor,Veloce (Allegro),0,0,0,0,0,0,0,0,0,0,0,0,1,0,1,0,0
kelly rowland,stole,False,2002,0.54,0.649,0.718,0.767,0.0594,0.00676,4.26e-06,0.174,0.477,80,4.09,G,Minor,G Minor,Moderato,0,0,0,0,0,0,0,0,1,0,0,0,1,1,0,0,0
missy elliott,work it,True,2002,0.7,0.884,0.677,0.737,0.283,0.0778,0.0,0.0732,0.584,102,4.23,C#,Major,C# Major,Moderato,0,0,0,0,0,0,0,0,1,0,0,0,1,1,0,0,0
ashanti,rock wit u (awww baby),False,2003,0.65,0.71,0.797,0.865,0.0582,0.408,0.0,0.16,0.849,95,3.29,E,Minor,E Minor,Moderato,0,0,0,0,0,0,0,0,1,0,0,0,1,1,0,0,0
junior senior,move your feet,False,2002,0.67,0.747,0.904,0.884,0.0803,0.046,0.106,0.203,0.846,119,3.01,A,Major,A Major,Allegretto,0,0,0,0,0,0,0,0,0,0,0,0,1,0,0,0,0
audioslave,like a stone,False,2002,0.75,0.614,0.568,0.743,0.0276,0.00797,0.0,0.0997,0.516,108,4.53,G,Minor,G Minor,Moderato,0,0,0,0,0,0,0,0,0,0,0,1,0,0,1,0,0
sean paul,like glue,False,2002,0.61,0.757,0.78,0.765,0.319,0.0811,0.0,0.113,0.59,98,3.52,C#,Major,C# Major,Moderato,0,0,0,0,0,0,0,0,1,0,0,0,1,0,0,0,0
jaheim,put that woman first,True,2002,0.55,0.649,0.536,0.579,0.132,0.492,0.0,0.184,0.513,79,4.05,F,Minor,F Minor,Moderato,0,0,0,0,0,0,0,0,0,0,0,0,1,1,0,0,0
jennifer lopez,all i have (feat. ll cool j),False,2002,0.6,0.701,0.669,0.753,0.107,0.271,0.0,0.158,0.446,83,4.14,C#,Major,C# Major,Moderato,0,0,0,0,0,0,0,0,1,0,0,0,1,1,0,0,0
monica,so gone,False,2003,0.64,0.618,0.552,0.675,0.0981,0.176,0.0,0.252,0.586,82,4.02,G#,Major,G# Major,Moderato,0,0,0,0,0,0,0,0,0,0,0,0,1,1,0,0,0
dido,white flag,False,2003,0.44,0.512,0.525,0.676,0.0401,0.327,3.3e-06,0.081,0.294,170,4.0,F,Major,F Major,Vivace,0,0,0,0,0,0,0,0,0,0,0,0,1,0,0,0,0
roots,the seed (2.0),True,2002,0.63,0.758,0.957,0.901,0.0357,0.039,0.0,0.133,0.966,111,4.27,G,Major,G Major,Allegretto,0,0,0,0,0,0,0,0,1,0,0,0,0,0,0,0,0
chingy,holidae in,True,2003,0.61,0.81,0.791,0.722,0.181,0.0893,0.0,0.0838,0.948,153,5.14,G,Major,G Major,Veloce (Allegro),0,0,0,0,0,0,0,0,1,0,0,0,1,1,0,0,0
fabolous,can't let you go (feat. mike shorey & lil' mo),True,2003,0.61,0.646,0.6,0.689,0.458,0.231,0.0,0.0794,0.811,192,3.43,A,Major,A Major,Frenetico (Presto),0,0,0,0,0,0,0,0,1,0,0,0,1,1,0,0,0
kelly clarkson,miss independent,False,2003,0.47,0.656,0.615,0.699,0.137,0.0769,0.000415,0.0706,0.592,176,3.34,B,Minor,B Minor,Vivace,0,0,0,0,0,0,0,0,0,0,0,0,1,1,0,0,0
ja rule,mesmerize,True,2002,0.61,0.769,0.646,0.685,0.199,0.0566,0.0,0.406,0.433,90,4.38,C#,Major,C# Major,Moderato,0,0,0,0,0,0,0,0,1,0,0,0,1,1,0,0,0
matchbox twenty,unwell,False,2002,0.63,0.256,0.788,0.754,0.0403,0.0298,0.0,0.707,0.429,81,3.48,F#,Minor,F# Minor,Moderato,0,0,0,0,0,0,0,0,0,0,0,0,1,0,1,0,0
outkast,the way you move (feat. sleepy brown),True,2003,0.66,0.871,0.597,0.77,0.0464,0.126,0.000113,0.0638,0.635,126,3.54,F,Minor,F Minor,Veloce (Allegro),0,0,0,0,0,0,0,0,1,0,0,0,1,0,0,0,0
fabolous,into you (feat. tamia),True,2003,0.67,0.546,0.538,0.624,0.0523,0.233,0.0,0.118,0.58,182,4.55,G,Minor,G Minor,Frenetico (Presto),0,0,0,0,0,0,0,0,1,0,0,0,1,1,0,0,0
switchfoot,meant to live,False,2003,0.61,0.397,0.903,0.787,0.0457,0.00575,1.6e-06,0.362,0.556,152,3.21,D,Major,D Major,Veloce (Allegro),0,0,0,0,0,0,0,0,0,0,0,0,1,0,1,0,0
daniel bedingfield,if you're not the one,False,2002,0.58,0.688,0.538,0.638,0.0292,0.504,0.0,0.111,0.27,120,4.17,A#,Major,A# Major,Allegretto,0,0,0,0,0,0,0,0,0,0,0,0,1,0,0,0,0
good charlotte,lifestyles of the rich & famous,False,2002,0.68,0.62,0.93,0.832,0.0374,0.00043,0.0,0.0686,0.609,106,3.1,C#,Major,C# Major,Moderato,0,0,0,0,0,0,0,0,0,0,0,1,0,0,1,0,0
wayne wonder,no letting go,False,2003,0.63,0.496,0.819,0.734,0.0444,0.0479,0.000215,0.177,0.317,100,3.22,F,Minor,F Minor,Moderato,0,0,0,0,0,0,0,0,1,0,0,0,0,1,0,0,0
strokes,reptilia,False,2003,0.74,0.489,0.649,0.761,0.0336,0.000603,0.713,0.101,0.77,158,3.39,A,Major,A Major,Vivace,0,0,0,0,0,0,0,0,0,0,0,0,0,0,1,0,0
avril lavigne,i'm with you,False,2002,0.7,0.457,0.406,0.645,0.0291,0.08,0.0,0.117,0.208,152,3.43,A,Major,A Major,Veloce (Allegro),0,0,0,0,0,0,0,0,0,0,0,0,1,0,0,0,0
will young,leave right now,False,2003,0.55,0.641,0.445,0.585,0.0368,0.145,0.0,0.108,0.383,82,3.34,F#,Major,F# Major,Moderato,0,0,0,0,0,0,0,0,0,0,0,0,1,0,0,0,0
usher,yeah! (feat. lil jon & ludacris),False,2004,0.81,0.894,0.791,0.781,0.112,0.0183,0.0,0.0388,0.583,105,4.1,D,Major,D Major,Moderato,0,0,0,0,0,0,0,0,1,0,0,0,1,1,0,0,0
maroon 5,this love,False,2002,0.77,0.712,0.862,0.786,0.0378,0.0525,0.0,0.093,0.809,95,3.26,F,Minor,F Minor,Moderato,0,0,0,0,0,0,0,0,0,0,0,0,1,0,0,0,0
britney spears,toxic,False,2003,0.81,0.774,0.838,0.82,0.114,0.0249,0.025,0.242,0.924,143,3.18,F,Minor,F Minor,Veloce (Allegro),0,0,0,0,0,0,0,0,0,0,0,0,1,0,0,0,0
outkast,hey ya!,False,2003,0.8,0.727,0.974,0.902,0.0664,0.103,0.000532,0.174,0.965,80,3.55,E,Minor,E Minor,Moderato,0,0,0,0,0,0,0,0,1,0,0,0,1,0,0,0,0
hoobastank,the reason,False,2003,0.79,0.472,0.671,0.784,0.029,0.0129,0.0,0.159,0.0681,83,3.52,E,Major,E Major,Moderato,0,0,0,0,0,0,0,0,0,0,0,1,1,0,1,0,0
anastacia,left outside alone,False,2004,0.65,0.663,0.746,0.837,0.0321,0.0697,0.0,0.0929,0.325,103,4.17,D,Minor,D Minor,Moderato,0,0,0,0,0,0,0,0,0,0,0,0,1,0,0,0,0
daddy yankee,gasolina,False,2004,0.11,0.857,0.801,0.693,0.0618,0.332,1.2e-06,0.0789,0.753,96,3.12,C,Major,C Major,Moderato,0,0,0,0,0,0,0,0,0,0,1,0,0,0,0,0,0
black eyed peas,let's get it started - spike mix,False,2004,0.53,0.785,0.799,0.905,0.126,0.117,0.0,0.292,0.797,105,3.37,B,Minor,B Minor,Moderato,0,0,0,0,0,0,0,0,1,0,0,0,1,0,0,0,0
o-zone,dragostea din tei,False,2004,0.56,0.809,0.965,0.819,0.0427,0.177,0.0,0.0577,0.672,130,3.35,C,Major,C Major,Veloce (Allegro),0,0,0,0,0,0,0,0,0,0,0,0,1,0,0,0,0
terror squad,lean back,True,2004,0.67,0.783,0.916,0.848,0.415,0.11,0.0,0.0746,0.695,95,4.07,C#,Major,C# Major,Moderato,0,0,0,0,0,0,0,0,1,0,0,0,0,0,0,0,0
anastacia,sick and tired,False,1999,0.56,0.598,0.868,0.789,0.0373,0.00908,0.0,0.279,0.47,100,3.32,C,Major,C Major,Moderato,0,0,0,0,0,0,0,0,0,0,0,0,1,0,0,0,0
gwen stefani,what you waiting for?,False,2004,0.6,0.676,0.948,0.887,0.0628,0.0509,8.19e-06,0.384,0.731,136,3.41,F,Major,F Major,Veloce (Allegro),0,0,0,0,0,0,0,0,0,0,0,0,1,1,0,0,0
ashanti,only u - no intro,False,2004,0.56,0.601,0.621,0.738,0.0434,0.0374,1.75e-06,0.188,0.278,95,3.06,F#,Minor,F# Minor,Moderato,0,0,0,0,0,0,0,0,1,0,0,0,1,1,0,0,0
rasmus,in the shadows,False,2003,0.68,0.6,0.796,0.792,0.0275,0.000109,5.2e-05,0.484,0.75,106,4.17,D,Major,D Major,Moderato,0,0,0,0,0,0,0,0,0,0,0,1,0,0,0,0,0
houston,i like that,False,2004,0.59,0.797,0.502,0.82,0.0968,0.0154,0.0,0.1,0.385,107,3.56,A#,Minor,A# Minor,Moderato,0,0,0,0,0,0,0,0,1,0,0,0,1,0,0,0,0
beyonce,naughty girl,False,2003,0.63,0.735,0.466,0.586,0.0857,0.239,6.24e-06,0.102,0.643,100,3.28,F#,Minor,F# Minor,Moderato,0,0,0,0,0,0,0,0,0,0,0,0,1,1,0,0,0
linkin park,numb,False,2003,0.81,0.496,0.863,0.808,0.0381,0.0046,0.0,0.639,0.243,110,3.05,A,Major,A Major,Allegretto,0,0,0,0,0,0,0,0,0,0,0,1,0,0,1,0,0
lloyd banks,on fire,True,2004,0.61,0.759,0.825,0.802,0.22,0.0923,0.00057,0.24,0.429,95,3.07,G#,Major,G# Major,Moderato,0,0,0,0,0,0,0,0,1,0,0,0,1,0,0,0,0
akon,locked up,True,2004,0.16,0.818,0.579,0.793,0.101,0.023,0.0,0.107,0.354,90,3.55,G,Major,G Major,Moderato,0,0,0,0,0,0,0,0,0,0,0,0,1,0,0,0,0
d12,my band,True,2004,0.73,0.851,0.849,0.846,0.0828,0.497,2.05e-06,0.116,0.844,120,4.58,C#,Minor,C# Minor,Allegretto,0,0,0,0,0,0,0,0,1,0,0,0,1,0,1,0,0
jay sean,eyes on you - radio mix,False,2004,0.42,0.802,0.672,0.768,0.0847,0.0775,0.0,0.136,0.619,97,3.1,G,Major,G Major,Moderato,0,0,0,0,0,0,0,0,1,0,0,0,1,1,0,0,0
mario winans,i don't wanna know (feat. enya & p. diddy) - 2016 remaster,False,2016,0.66,0.833,0.515,0.767,0.0462,0.347,0.00156,0.116,0.4,97,4.17,B,Minor,B Minor,Moderato,0,0,0,0,0,0,0,0,0,0,0,0,1,0,0,0,0
destiny's child,lose my breath,False,2004,0.61,0.814,0.899,0.719,0.0637,0.00727,0.219,0.0979,0.545,119,4.02,C#,Major,C# Major,Allegretto,0,0,0,0,0,0,0,0,0,0,0,0,1,1,0,0,0
eric prydz,call on me - radio mix,False,2004,0.72,0.597,0.837,0.692,0.375,0.00427,0.00115,0.839,0.447,126,2.51,A#,Major,A# Major,Veloce (Allegro),0,0,0,0,1,0,1,0,0,0,0,0,1,0,0,0,0
ciara,goodies (feat. petey pablo),False,2004,0.67,0.826,0.647,0.702,0.0491,0.0277,1.52e-06,0.298,0.872,102,3.43,F,Minor,F Minor,Moderato,0,0,0,0,0,0,0,0,0,0,0,0,1,1,0,0,0
kelis,trick me,True,2003,0.63,0.97,0.72,0.848,0.149,0.0369,0.000389,0.326,0.962,107,3.26,C#,Minor,C# Minor,Moderato,0,0,0,0,1,0,1,0,0,0,0,0,1,1,0,0,0
ll cool j,headsprung,False,2004,0.56,0.718,0.786,0.729,0.0284,0.0114,2.5e-05,0.0745,0.465,100,4.27,C,Major,C Major,Moderato,0,0,0,0,0,0,0,0,1,0,0,0,1,1,0,0,0
spiderbait,black betty - edit,False,2004,0.63,0.562,0.865,0.694,0.0922,2.06e-05,0.591,0.219,0.35,124,3.25,G,Minor,G Minor,Veloce (Allegro),0,0,0,0,0,0,0,0,0,0,0,0,0,0,1,0,0
george michael,amazing,False,2004,0.57,0.805,0.754,0.676,0.0394,0.0884,1.77e-06,0.117,0.88,128,4.25,A#,Minor,A# Minor,Veloce (Allegro),0,0,0,0,0,0,0,0,0,0,0,0,1,0,0,0,0
britney spears,my prerogative,False,2004,0.53,0.749,0.938,0.795,0.118,0.0127,1.96e-06,0.103,0.619,111,3.33,A#,Minor,A# Minor,Allegretto,0,0,0,0,0,0,0,0,0,0,0,0,1,0,0,0,0
nina sky,move ya body,False,2004,0.67,0.87,0.712,0.702,0.0432,0.0202,0.000331,0.0576,0.877,121,3.52,B,Minor,B Minor,Veloce (Allegro),0,0,0,0,0,0,0,0,0,0,0,0,1,1,0,0,0
baby bash,suga suga,False,2003,0.73,0.662,0.748,0.863,0.268,0.688,8.43e-06,0.0841,0.535,82,3.59,F,Minor,F Minor,Moderato,0,0,0,0,0,0,0,0,1,0,1,0,1,1,0,0,0
petey pablo,freek-a-leek,True,2003,0.56,0.737,0.697,0.83,0.254,0.0756,0.0,0.359,0.662,105,3.55,D,Major,D Major,Moderato,0,0,0,0,0,0,0,0,1,0,0,0,1,0,0,0,0
jay-z,dirt off your shoulder,True,2003,0.53,0.779,0.655,0.66,0.318,0.0319,2.63e-06,0.339,0.645,164,4.05,C#,Major,C# Major,Vivace,0,0,0,0,0,0,0,0,1,0,0,0,0,0,0,0,0
juanes,la camisa negra,False,2004,0.7,0.751,0.731,0.795,0.0308,0.0838,0.0,0.0556,0.973,97,3.36,F#,Minor,F# Minor,Moderato,0,0,0,0,0,0,0,0,0,0,1,0,1,0,0,0,0
avril lavigne,nobody's home,False,2004,0.61,0.348,0.907,0.833,0.0497,0.000516,0.0,0.161,0.177,185,3.32,F,Minor,F Minor,Frenetico (Presto),0,0,0,0,0,0,0,0,0,0,0,0,1,0,0,0,0
robbie williams,radio,False,2004,0.33,0.607,0.874,0.746,0.0349,0.00331,0.0494,0.26,0.846,130,3.53,F,Minor,F Minor,Veloce (Allegro),0,0,0,0,0,0,0,0,0,0,0,0,1,0,1,0,0
black eyed peas,hey mama,True,2003,0.49,0.86,0.866,0.7,0.232,0.104,1.42e-06,0.584,0.933,100,3.34,E,Minor,E Minor,Moderato,0,0,0,0,0,0,0,0,1,0,0,0,1,0,0,0,0
ying yang twins,salt shaker,True,2003,0.61,0.884,0.697,0.716,0.128,0.0509,0.0,0.094,0.322,102,4.12,B,Major,B Major,Moderato,0,0,0,0,0,0,0,0,1,0,0,0,1,0,0,0,0
enrique iglesias,not in love - radio mix,False,2003,0.37,0.762,0.885,0.762,0.0395,0.0371,0.0,0.0519,0.886,117,3.43,C,Minor,C Minor,Allegretto,0,0,0,0,0,0,0,0,0,0,1,0,1,0,0,0,0
kelis,milkshake,False,2003,0.68,0.881,0.774,0.714,0.0439,0.00986,0.0346,0.206,0.759,113,3.02,C#,Major,C# Major,Allegretto,0,0,0,0,1,0,1,0,0,0,0,0,1,1,0,0,0
linkin park,breaking the habit,False,2003,0.68,0.579,0.849,0.756,0.0303,0.108,0.0,0.0909,0.581,100,3.16,E,Minor,E Minor,Moderato,0,0,0,0,0,0,0,0,0,0,0,1,0,0,1,0,0
jojo,leave (get out) - radio edit,False,2005,0.49,0.656,0.513,0.584,0.253,0.156,6.45e-05,0.0763,0.464,87,4.02,F,Major,F Major,Moderato,0,0,0,0,0,0,0,0,1,0,0,0,1,1,0,0,0
christina milian,dip it low,False,2004,0.45,0.752,0.722,0.806,0.104,0.0108,0.000536,0.0753,0.612,169,3.17,B,Minor,B Minor,Vivace,0,0,0,0,0,0,0,0,1,0,0,0,1,1,0,0,0
avant,read your mind,False,2003,0.56,0.755,0.381,0.683,0.0711,0.291,5.13e-06,0.0974,0.695,73,4.23,G#,Minor,G# Minor,Lento (Adagio),0,0,0,0,0,0,0,0,0,0,0,0,1,1,0,0,0
eminem,just lose it,True,2004,0.67,0.94,0.633,0.838,0.0467,0.0581,4.04e-05,0.281,0.962,121,4.08,G#,Major,G# Major,Veloce (Allegro),0,0,0,0,0,0,0,0,1,0,0,0,0,0,0,0,0
sugababes,too lost in you,False,2003,0.58,0.586,0.705,0.771,0.0287,0.0485,0.0,0.15,0.459,98,3.57,C#,Minor,C# Minor,Moderato,0,0,0,0,0,0,0,0,0,0,0,0,1,1,0,0,0
snoop dogg,drop it like it's hot,True,2004,0.39,0.892,0.628,0.824,0.216,0.169,0.0,0.102,0.676,92,4.26,C#,Major,C# Major,Moderato,0,0,0,0,0,0,0,0,1,0,0,0,1,0,0,0,0
sean paul,i'm still in love with you (feat. sasha),False,2002,0.68,0.765,0.666,0.748,0.172,0.102,0.0,0.116,0.756,87,4.33,G,Major,G Major,Moderato,0,0,0,0,0,0,0,0,1,0,0,0,1,0,0,0,0
shapeshifters,lola's theme - radio edit,False,2004,0.65,0.748,0.845,0.786,0.0536,0.00083,0.000225,0.068,0.659,124,3.27,F,Minor,F Minor,Veloce (Allegro),0,0,0,0,1,0,1,0,0,0,0,0,0,0,0,0,0
d12,how come,True,2004,0.57,0.745,0.858,0.904,0.237,0.28,0.0,0.188,0.547,90,4.09,A,Major,A Major,Moderato,0,0,0,0,0,0,0,0,1,0,0,0,1,0,1,0,0
basement jaxx,good luck,False,2003,0.0,0.571,0.968,0.861,0.162,0.0649,3.07e-06,0.592,0.313,154,4.42,F,Major,F Major,Veloce (Allegro),0,0,0,0,1,0,1,0,0,0,0,0,1,0,0,0,0
kevin lyttle,turn me on,False,2004,0.67,0.677,0.682,0.674,0.0361,0.0405,0.0,0.0351,0.875,106,3.12,A,Major,A Major,Moderato,0,0,0,0,0,0,0,0,1,0,0,0,0,0,0,0,0
chingy,one call away,False,2003,0.61,0.765,0.821,0.721,0.183,0.0918,0.0,0.217,0.962,163,4.36,E,Minor,E Minor,Vivace,0,0,0,0,0,0,0,0,1,0,0,0,1,1,0,0,0
t.i.,bring em out,True,2004,0.63,0.759,0.891,0.866,0.257,0.0298,0.0,0.141,0.587,99,3.36,B,Major,B Major,Moderato,0,0,0,0,0,0,0,0,1,0,0,0,1,0,0,0,0
dj casper,cha cha slide - hardino mix,False,2004,0.51,0.853,0.911,0.681,0.125,0.0436,0.00571,0.287,0.802,131,3.42,B,Minor,B Minor,Veloce (Allegro),0,0,0,0,1,0,0,0,0,0,0,0,0,0,0,0,0
kylie minogue,i believe in you,False,2004,0.47,0.548,0.785,0.762,0.0704,0.00277,0.048,0.329,0.418,121,3.2,G,Major,G Major,Veloce (Allegro),0,0,0,0,1,0,1,0,0,0,0,0,1,0,0,0,0
twista,overnight celebrity,True,2004,0.66,0.828,0.792,0.745,0.179,0.182,0.0,0.281,0.777,134,3.53,A#,Minor,A# Minor,Veloce (Allegro),0,0,0,0,0,0,0,0,1,0,0,0,1,1,0,0,0
n.e.r.d,she wants to move,False,2004,0.57,0.766,0.851,0.775,0.0786,0.00402,0.000744,0.256,0.8,115,3.33,F,Major,F Major,Allegretto,0,0,0,0,0,0,0,0,1,0,0,0,0,0,0,0,0
britney spears,everytime,False,2003,0.63,0.398,0.284,0.379,0.0337,0.966,8.57e-05,0.116,0.114,110,3.5,D#,Major,D# Major,Allegretto,0,0,0,0,0,0,0,0,0,0,0,0,1,0,0,0,0
u2,vertigo,False,2004,0.64,0.416,0.819,0.817,0.0613,0.000138,0.00108,0.147,0.632,140,3.13,A,Major,A Major,Veloce (Allegro),0,0,0,0,0,0,0,0,0,0,0,0,0,0,1,1,1
franz ferdinand,take me out,False,2004,0.77,0.277,0.663,0.578,0.0377,0.000409,0.00051,0.136,0.527,105,3.57,E,Minor,E Minor,Moderato,0,0,0,0,0,0,0,0,0,0,0,0,0,0,1,0,0
j-kwon,tipsy - club mix,True,2001,0.59,0.925,0.741,0.726,0.315,0.0653,0.0,0.044,0.654,93,4.07,A,Minor,A Minor,Moderato,0,0,0,0,0,0,0,0,1,0,0,0,1,0,0,0,0
g-unit,wanna get to know you,True,2003,0.61,0.513,0.826,0.833,0.132,0.106,0.0,0.0675,0.889,77,4.25,A#,Minor,A# Minor,Moderato,0,0,0,0,0,0,0,0,1,0,0,0,1,0,0,0,0
lil' flip,sunshine (feat. lea),True,2004,0.42,0.814,0.387,0.526,0.0946,0.0248,0.0,0.131,0.792,94,3.45,C,Major,C Major,Moderato,0,0,0,0,0,0,0,0,1,0,0,0,1,0,0,0,0
kanye west,jesus walks,True,2004,0.73,0.637,0.834,0.782,0.323,0.614,0.0,0.317,0.715,87,3.13,D#,Minor,D# Minor,Moderato,0,0,0,0,0,0,0,0,1,0,0,0,0,0,0,0,0
evanescence,my immortal,False,2003,0.72,0.19,0.265,0.559,0.0356,0.863,0.0,0.134,0.101,79,4.22,A,Major,A Major,Moderato,0,0,0,0,0,0,0,0,0,0,0,1,0,0,0,0,0
nelly,my place,True,2004,0.57,0.6,0.641,0.804,0.0423,0.0498,1.49e-06,0.0982,0.642,163,5.36,C#,Minor,C# Minor,Vivace,0,0,0,0,0,0,0,0,1,0,0,0,1,1,0,0,0
lemar,if there's any justice,False,2004,0.46,0.706,0.665,0.749,0.0453,0.0128,0.0,0.338,0.639,90,3.49,F#,Minor,F# Minor,Moderato,0,0,0,0,0,0,0,0,0,0,0,0,0,1,0,0,0
no doubt,it's my life,False,2003,0.6,0.612,0.735,0.763,0.0282,0.00202,0.00118,0.328,0.783,126,3.46,G#,Minor,G# Minor,Veloce (Allegro),0,0,0,0,0,0,0,0,0,0,0,0,1,0,1,0,0
avril lavigne,don't tell me,False,2004,0.58,0.523,0.795,0.869,0.0386,0.00462,0.0,0.358,0.484,144,3.22,E,Major,E Major,Veloce (Allegro),0,0,0,0,0,0,0,0,0,0,0,0,1,0,0,0,0
twista,slow jamz,True,2004,0.72,0.559,0.733,0.734,0.171,0.314,0.0,0.284,0.611,145,5.16,D,Minor,D Minor,Veloce (Allegro),0,0,0,0,0,0,0,0,1,0,0,0,1,1,0,0,0
green day,american idiot,True,2004,0.77,0.38,0.988,0.913,0.0639,2.64e-05,7.86e-05,0.368,0.769,186,2.56,C#,Major,C# Major,Frenetico (Presto),0,0,0,0,0,0,0,0,0,0,0,0,0,0,1,0,0
kelis,millionaire,False,2003,0.57,0.68,0.847,0.686,0.108,0.0217,0.0,0.0374,0.75,176,3.44,B,Major,B Major,Vivace,0,0,0,0,1,0,1,0,0,0,0,0,1,1,0,0,0
scissor sisters,comfortably numb,False,2004,0.43,0.803,0.924,0.694,0.0391,0.237,0.0167,0.104,0.788,117,4.26,G,Major,G Major,Allegretto,0,0,0,0,1,0,1,0,0,0,0,0,1,0,1,0,0
alicia keys,diary (feat. tony! toni! tone! & jermaine paul),False,2003,0.55,0.663,0.465,0.534,0.0317,0.555,0.00183,0.125,0.279,128,4.44,G#,Minor,G# Minor,Veloce (Allegro),0,0,0,0,0,0,0,0,0,0,0,0,1,1,0,0,0
kanye west,through the wire,True,2004,0.76,0.571,0.739,0.712,0.247,0.00865,5.21e-06,0.158,0.66,83,3.41,G,Major,G Major,Moderato,0,0,0,0,0,0,0,0,1,0,0,0,0,0,0,0,0
special d.,come with me - radio edit,False,2004,0.61,0.739,0.999,0.763,0.0803,0.13,0.00224,0.28,0.501,140,3.05,G,Major,G Major,Veloce (Allegro),0,0,0,0,0,0,0,0,0,0,0,0,1,0,0,0,0
ludacris,splash waterfalls,True,2003,0.48,0.734,0.846,0.712,0.409,0.101,0.0,0.233,0.702,146,4.5,B,Major,B Major,Veloce (Allegro),0,0,0,0,0,0,0,0,1,0,0,0,1,0,0,0,0
avril lavigne,my happy ending,True,2004,0.68,0.414,0.936,0.895,0.0758,0.00136,0.0,0.369,0.74,170,4.02,D,Major,D Major,Vivace,0,0,0,0,0,0,0,0,0,0,0,0,1,0,0,0,0
dido,white flag,False,2003,0.44,0.512,0.525,0.676,0.0401,0.327,3.3e-06,0.081,0.294,170,4.0,F,Major,F Major,Vivace,0,0,0,0,0,0,0,0,0,0,0,0,1,0,0,0,0
eamon,fuck it (i don't want you back),True,2004,0.64,0.828,0.653,0.705,0.0653,0.214,3.25e-06,0.0404,0.575,69,3.45,C,Minor,C Minor,Lento (Adagio),0,0,0,0,0,0,0,0,0,0,0,0,0,1,0,0,0
beyonce,"me, myself and i",False,2003,0.62,0.75,0.458,0.564,0.0803,0.226,3.25e-05,0.137,0.536,84,5.01,C#,Major,C# Major,Moderato,0,0,0,0,0,0,0,0,0,0,0,0,1,1,0,0,0
3 doors down,here without you,False,2002,0.74,0.557,0.533,0.677,0.0252,0.0492,0.0,0.205,0.233,144,3.58,A#,Minor,A# Minor,Veloce (Allegro),0,0,0,0,0,0,0,0,0,0,0,1,1,0,1,0,0
kanye west,all falls down,True,2004,0.8,0.657,0.734,0.775,0.484,0.149,0.0,0.139,0.434,91,3.43,G#,Minor,G# Minor,Moderato,0,0,0,0,0,0,0,0,1,0,0,0,0,0,0,0,0
twista,sunshine (feat. anthony hamilton),True,2004,0.56,0.926,0.888,0.75,0.294,0.261,0.0,0.348,0.819,99,3.46,B,Major,B Major,Moderato,0,0,0,0,0,0,0,0,1,0,0,0,1,1,0,0,0
katie melua,the closest thing to crazy,False,2003,0.55,0.562,0.219,0.361,0.0312,0.856,0.000296,0.0979,0.106,128,4.12,E,Major,E Major,Veloce (Allegro),0,0,0,0,0,1,0,0,0,1,0,0,1,0,0,0,0
usher,my boo,False,2004,0.76,0.662,0.507,0.607,0.118,0.257,0.0,0.0465,0.676,86,3.43,F,Major,F Major,Moderato,0,0,0,0,0,0,0,0,1,0,0,0,1,1,0,0,0
lloyd,southside,False,2004,0.59,0.688,0.404,0.545,0.0818,0.377,0.0,0.0813,0.448,75,4.37,A,Minor,A Minor,Lento (Adagio),0,0,0,0,0,0,0,0,1,0,0,0,1,1,0,0,0
lmc,take me to the clouds above - lmc vs. u2 / radio edit,False,2004,0.59,0.668,0.905,0.747,0.038,0.00232,0.0331,0.141,0.667,129,2.51,F#,Major,F# Major,Veloce (Allegro),0,0,0,0,1,0,1,0,0,0,0,0,0,0,0,0,0
streets,fit but you know it,True,2004,0.58,0.68,0.844,0.928,0.299,0.23,0.0,0.0305,0.895,172,4.14,F#,Major,F# Major,Vivace,0,0,0,0,1,0,1,0,1,0,0,0,0,0,0,0,0
juvenile,slow motion,True,2003,0.64,0.713,0.734,0.772,0.325,0.548,0.0,0.0687,0.89,173,4.08,C,Minor,C Minor,Vivace,0,0,0,0,0,0,0,0,1,0,0,0,1,0,0,0,0
outkast,the way you move (feat. sleepy brown),True,2003,0.66,0.871,0.597,0.77,0.0464,0.126,0.000113,0.0638,0.635,126,3.54,F,Minor,F Minor,Veloce (Allegro),0,0,0,0,0,0,0,0,1,0,0,0,1,0,0,0,0
girls aloud,love machine,False,2004,0.59,0.663,0.95,0.806,0.0621,0.00127,0.00492,0.0753,0.697,116,3.25,G,Major,G Major,Allegretto,0,0,0,0,1,0,1,0,0,0,0,0,1,0,0,0,0
jessica simpson,with you,False,2003,0.57,0.553,0.756,0.787,0.108,0.0923,0.0,0.215,0.605,94,3.11,C,Major,C Major,Moderato,0,0,0,0,0,0,0,0,0,0,0,0,1,1,0,0,0
eminem,like toy soldiers,True,2004,0.48,0.52,0.768,0.841,0.359,0.0193,0.00034,0.104,0.398,79,4.56,G#,Minor,G# Minor,Moderato,0,0,0,0,0,0,0,0,1,0,0,0,0,0,0,0,0
gary jules,mad world (feat. michael andrews),False,2001,0.65,0.345,0.0581,0.163,0.0374,0.976,0.000366,0.103,0.304,174,3.09,D#,Major,D# Major,Vivace,0,0,0,0,0,0,0,0,0,0,0,0,1,0,0,0,0
ashlee simpson,pieces of me,False,2004,0.56,0.505,0.799,0.802,0.0773,0.0572,0.0,0.11,0.772,174,3.37,D,Major,D Major,Vivace,0,0,0,0,0,0,0,0,0,0,0,0,1,0,0,0,0
will young,leave right now,False,2003,0.55,0.641,0.445,0.585,0.0368,0.145,0.0,0.108,0.383,82,3.34,F#,Major,F# Major,Moderato,0,0,0,0,0,0,0,0,0,0,0,0,1,0,0,0,0
alicia keys,you don't know my name,False,2003,0.61,0.264,0.663,0.605,0.187,0.59,0.00443,0.342,0.249,167,6.06,A,Major,A Major,Vivace,0,0,0,0,0,0,0,0,0,0,0,0,1,1,0,0,0
mariah carey,we belong together,False,2005,0.69,0.84,0.476,0.622,0.0629,0.0264,0.0,0.0865,0.767,140,3.21,C,Major,C Major,Veloce (Allegro),0,0,0,0,0,0,0,0,0,0,0,0,1,1,0,0,0
mario,let me love you,False,2004,0.72,0.656,0.578,0.57,0.0922,0.235,0.0,0.118,0.556,95,4.16,G,Minor,G Minor,Moderato,0,0,0,0,0,0,0,0,0,0,0,0,1,1,0,0,0
kanye west,gold digger,True,2005,0.78,0.629,0.696,0.738,0.348,0.0195,0.0,0.0554,0.623,93,3.27,C#,Minor,C# Minor,Moderato,0,0,0,0,0,0,0,0,1,0,0,0,0,0,0,0,0
rihanna,pon de replay,False,2005,0.77,0.779,0.64,0.598,0.159,0.000155,0.00077,0.101,0.498,99,4.06,G,Major,G Major,Moderato,0,0,0,0,0,0,0,0,1,0,0,0,1,1,0,0,0
50 cent,candy shop,True,2005,0.79,0.614,0.574,0.62,0.466,0.0253,3.2e-05,0.38,0.755,125,3.29,B,Major,B Major,Veloce (Allegro),0,0,0,0,0,0,0,0,1,0,0,0,1,0,0,0,0
james blunt,you're beautiful,True,2005,0.75,0.675,0.479,0.526,0.0278,0.633,1.76e-05,0.088,0.454,82,3.29,C,Minor,C Minor,Moderato,0,0,0,0,0,0,0,0,0,0,0,0,1,0,0,0,0
green day,boulevard of broken dreams,True,2004,0.72,0.49,0.679,0.832,0.0309,0.00394,1.54e-05,0.0383,0.506,167,4.21,G#,Major,G# Major,Vivace,0,0,0,0,0,0,0,0,0,0,0,0,0,0,1,0,0
pussycat dolls,don't cha,False,2005,0.72,0.875,0.631,0.842,0.099,0.00542,2.54e-06,0.127,0.549,120,4.32,C#,Major,C# Major,Allegretto,0,0,0,0,0,0,0,0,0,0,0,0,1,1,0,0,0
daniel powter,bad day,False,2005,0.74,0.599,0.785,0.815,0.0309,0.448,0.00336,0.151,0.52,140,3.53,D#,Major,D# Major,Veloce (Allegro),0,0,0,0,0,0,0,0,0,0,0,0,1,0,0,0,0
akon,bananza (belly dancer),False,2004,0.28,0.878,0.699,0.722,0.132,0.0345,3.37e-06,0.755,0.666,105,3.58,A#,Minor,A# Minor,Moderato,0,0,0,0,0,0,0,0,0,0,0,0,1,0,0,0,0
madonna,hung up,False,2005,0.74,0.649,0.647,0.633,0.0452,0.0039,0.161,0.0686,0.405,125,5.37,A,Minor,A Minor,Veloce (Allegro),0,0,0,0,0,0,0,0,0,0,0,0,1,0,0,0,0
50 cent,just a lil bit,True,2005,0.76,0.489,0.692,0.684,0.41,0.0322,0.00608,0.315,0.527,97,3.57,C#,Major,C# Major,Moderato,0,0,0,0,0,0,0,0,1,0,0,0,1,0,0,0,0
crazy frog,axel f,False,2005,0.67,0.86,0.907,0.85,0.0407,0.279,0.693,0.0648,0.786,138,2.48,D,Major,D Major,Veloce (Allegro),0,0,0,0,0,0,0,0,0,0,0,0,1,0,0,0,0
eminem,ass like that,True,2004,0.52,0.646,0.796,0.71,0.366,0.409,0.0,0.107,0.676,83,4.25,D,Major,D Major,Moderato,0,0,0,0,0,0,0,0,1,0,0,0,0,0,0,0,0
sean paul,we be burnin',False,2005,0.59,0.95,0.803,0.806,0.151,0.145,0.0,0.0748,0.86,117,3.33,C#,Major,C# Major,Allegretto,0,0,0,0,0,0,0,0,1,0,0,0,1,0,0,0,0
gwen stefani,rich girl,False,2004,0.68,0.856,0.754,0.879,0.0416,0.0294,1.49e-05,0.206,0.722,98,3.56,G,Minor,G Minor,Moderato,0,0,0,0,0,0,0,0,0,0,0,0,1,1,0,0,0
chemical brothers,galvanize,False,2005,0.63,0.745,0.714,0.832,0.0751,0.0141,0.0222,0.363,0.365,104,6.33,G,Major,G Major,Moderato,0,0,0,0,1,0,1,0,0,0,0,0,0,0,0,0,0
fort minor,remember the name (feat. styles of beyond),True,2005,0.73,0.688,0.835,0.808,0.0911,0.0583,2.87e-06,0.0795,0.88,85,3.5,G#,Major,G# Major,Moderato,0,0,0,0,0,0,0,0,1,0,0,0,1,0,1,0,0
50 cent,disco inferno,True,2005,0.72,0.925,0.659,0.778,0.231,0.206,7.88e-05,0.279,0.71,97,3.34,D#,Major,D# Major,Moderato,0,0,0,0,0,0,0,0,1,0,0,0,1,0,0,0,0
game,how we do,True,2005,0.74,0.862,0.648,0.648,0.251,0.0455,0.0,0.0332,0.637,98,3.55,E,Minor,E Minor,Moderato,0,0,0,0,0,0,0,0,1,0,0,0,1,0,0,0,0
chris brown,run it! (feat. juelz santana),False,2005,0.71,0.846,0.482,0.682,0.129,0.0246,0.0,0.393,0.212,101,3.49,C#,Minor,C# Minor,Moderato,0,0,0,0,0,0,0,0,1,0,0,0,1,1,0,0,0
mariah carey,it's like that,False,2005,0.0,0.8,0.633,0.773,0.0514,0.0901,0.0,0.0315,0.836,96,3.23,G#,Minor,G# Minor,Moderato,0,0,0,0,0,0,0,0,0,0,0,0,1,1,0,0,0
black eyed peas,my humps,False,2005,0.67,0.802,0.682,0.721,0.222,0.111,1.39e-05,0.109,0.586,124,5.26,C#,Minor,C# Minor,Veloce (Allegro),0,0,0,0,0,0,0,0,1,0,0,0,1,0,0,0,0
ciara,oh (feat. ludacris),False,2004,0.61,0.8,0.496,0.661,0.0506,0.000298,0.0,0.0697,0.357,128,4.16,G,Major,G Major,Veloce (Allegro),0,0,0,0,0,0,0,0,0,0,0,0,1,1,0,0,0
50 cent,outta control - remix,True,2005,0.6,0.772,0.599,0.717,0.246,0.0277,0.0,0.0839,0.557,92,4.07,G#,Minor,G# Minor,Moderato,0,0,0,0,0,0,0,0,1,0,0,0,1,0,0,0,0
baby bash,"baby, i'm back",True,2005,0.04,0.899,0.365,0.744,0.105,0.0508,0.0,0.097,0.749,100,3.39,A,Minor,A Minor,Moderato,0,0,0,0,0,0,0,0,1,0,1,0,1,1,0,0,0
jennifer lopez,get right,False,2005,0.65,0.741,0.759,0.762,0.12,0.0218,0.0,0.628,0.362,97,3.45,C,Minor,C Minor,Moderato,0,0,0,0,0,0,0,0,1,0,0,0,1,1,0,0,0
jay-z,numb / encore,True,2004,0.76,0.687,0.793,0.803,0.166,0.0603,0.0,0.582,0.751,107,3.25,D,Major,D Major,Moderato,0,0,0,0,0,0,0,0,1,0,0,0,0,0,0,0,0
game,hate it or love it,True,2005,0.77,0.802,0.785,0.777,0.207,0.14,0.0,0.123,0.435,100,3.26,A,Major,A Major,Moderato,0,0,0,0,0,0,0,0,1,0,0,0,1,0,0,0,0
gorillaz,feel good inc.,False,2005,0.82,0.818,0.705,0.684,0.177,0.00836,0.00233,0.613,0.772,139,3.42,F#,Major,F# Major,Veloce (Allegro),0,0,0,0,0,0,0,0,1,0,0,0,0,0,0,0,0
black eyed peas,don't phunk with my heart,False,2005,0.62,0.69,0.928,0.877,0.061,0.00937,0.0,0.547,0.604,131,3.59,F,Minor,F Minor,Veloce (Allegro),0,0,0,0,0,0,0,0,1,0,0,0,1,0,0,0,0
akon,lonely,True,2004,0.21,0.629,0.532,0.624,0.0352,0.331,0.0,0.238,0.619,90,3.55,F,Minor,F Minor,Moderato,0,0,0,0,0,0,0,0,0,0,0,0,1,0,0,0,0
bodyrockers,i like the way - radio edit,False,2005,0.54,0.642,0.851,0.834,0.0431,0.0248,0.0146,0.084,0.777,128,3.2,F#,Major,F# Major,Veloce (Allegro),0,0,0,0,1,0,1,0,0,0,0,0,0,0,1,0,0
sugababes,push the button,False,2005,0.64,0.962,0.66,0.762,0.061,0.0485,0.0,0.076,0.814,126,3.38,G#,Major,G# Major,Veloce (Allegro),0,0,0,0,0,0,0,0,0,0,0,0,1,1,0,0,0
jeezy,soul survivor,True,2005,0.55,0.684,0.493,0.632,0.0459,0.000839,0.0,0.157,0.08,84,4.4,A#,Major,A# Major,Moderato,0,0,0,0,0,0,0,0,1,0,0,0,1,0,0,0,0
eminem,mockingbird,True,2004,0.77,0.637,0.678,0.826,0.266,0.209,0.0,0.156,0.254,84,4.1,C,Major,C Major,Moderato,0,0,0,0,0,0,0,0,1,0,0,0,0,0,0,0,0
shakira,la tortura (feat. alejandro sanz),False,2005,0.72,0.74,0.783,0.748,0.0427,0.0297,0.000308,0.123,0.812,100,3.32,C,Major,C Major,Moderato,0,0,0,0,0,0,0,0,0,0,1,0,1,0,0,0,0
gorillaz,dare,False,2005,0.73,0.76,0.891,0.724,0.0372,0.0229,0.0869,0.298,0.966,120,4.04,B,Minor,B Minor,Allegretto,0,0,0,0,0,0,0,0,1,0,0,0,0,0,0,0,0
snoop dogg,signs,True,2004,0.54,0.94,0.713,0.751,0.127,0.0319,0.00076,0.325,0.666,113,3.56,G,Major,G Major,Allegretto,0,0,0,0,0,0,0,0,1,0,0,0,1,0,0,0,0
robbie williams,tripping,False,2005,0.58,0.666,0.922,0.793,0.0429,0.0381,0.000191,0.0633,0.828,118,4.36,D,Minor,D Minor,Allegretto,0,0,0,0,0,0,0,0,0,0,0,0,1,0,1,0,0
david banner,play,True,2005,0.52,0.837,0.658,0.618,0.126,0.000213,0.122,0.243,0.586,95,3.5,C#,Minor,C# Minor,Moderato,0,0,0,0,0,0,0,0,1,0,0,0,1,0,0,0,0
trillville,some cut,True,2004,0.5,0.9,0.515,0.686,0.372,0.00341,0.0,0.111,0.659,85,4.43,C#,Major,C# Major,Moderato,0,0,0,0,0,0,0,0,1,0,0,0,1,0,0,0,0
d4l,laffy taffy,True,2005,0.63,0.891,0.439,0.619,0.428,0.0351,0.0,0.0932,0.622,77,3.44,G,Minor,G Minor,Moderato,0,0,0,0,0,0,0,0,1,0,0,0,1,0,0,0,0
missy elliott,lose control (feat. ciara & fat man scoop),True,2005,0.67,0.904,0.813,0.663,0.121,0.0311,0.00697,0.0471,0.81,125,3.46,E,Minor,E Minor,Veloce (Allegro),0,0,0,0,0,0,0,0,1,0,0,0,1,1,0,0,0
rob thomas,lonely no more,False,2005,0.56,0.551,0.896,0.858,0.109,0.033,0.0,0.0899,0.858,172,3.46,A,Minor,A Minor,Vivace,1,0,0,0,0,0,0,1,0,0,0,0,1,0,0,0,0
brian mcfadden,almost here,False,2004,0.42,0.561,0.452,0.652,0.0336,0.409,0.0,0.106,0.316,78,3.49,A,Minor,A Minor,Moderato,0,0,0,0,0,0,0,0,0,0,0,0,1,0,0,0,0
bobby v.,"slow down - 12"" version",False,2005,0.65,0.568,0.732,0.772,0.103,0.179,4.92e-06,0.401,0.626,186,4.18,B,Minor,B Minor,Frenetico (Presto),0,0,0,0,0,0,0,0,1,0,0,0,1,1,0,0,0
backstreet boys,incomplete,False,2005,0.63,0.437,0.589,0.775,0.0331,0.231,0.0,0.0768,0.165,134,3.59,E,Major,E Major,Veloce (Allegro),0,0,0,0,0,0,0,0,0,0,0,0,1,0,0,0,0
pretty ricky,grind with me,True,2005,0.63,0.7,0.538,0.72,0.045,0.000204,0.0,0.105,0.189,137,3.57,C#,Major,C# Major,Veloce (Allegro),0,0,0,0,0,0,0,0,1,0,0,0,1,1,0,0,0
kanye west,diamonds from sierra leone - remix,True,2005,0.61,0.672,0.814,0.827,0.27,0.258,0.0,0.164,0.379,97,3.53,G,Major,G Major,Moderato,0,0,0,0,0,0,0,0,1,0,0,0,0,0,0,0,0
snoop dogg,drop it like it's hot,True,2004,0.39,0.892,0.628,0.824,0.216,0.169,0.0,0.102,0.676,92,4.26,C#,Major,C# Major,Moderato,0,0,0,0,0,0,0,0,1,0,0,0,1,0,0,0,0
fat joe,get it poppin' (feat. nelly) - radio version,False,2005,0.41,0.905,0.55,0.64,0.372,0.0628,0.0,0.0644,0.52,101,3.31,C#,Major,C# Major,Moderato,0,0,0,0,0,0,0,0,1,0,0,0,1,0,0,0,0
destiny's child,soldier (feat. t.i. & lil' wayne),False,2004,0.63,0.878,0.417,0.678,0.361,0.0444,0.0,0.0833,0.904,77,5.25,G,Major,G Major,Moderato,0,0,0,0,0,0,0,0,0,0,0,0,1,1,0,0,0
ciara,"1, 2 step (feat. missy elliott) - main",False,2005,0.52,0.939,0.498,0.473,0.161,0.0444,0.00128,0.0475,0.801,113,3.22,F,Minor,F Minor,Allegretto,0,0,0,0,0,0,0,0,0,0,0,0,1,1,0,0,0
amerie,1 thing,False,2008,0.52,0.636,0.946,0.782,0.332,0.115,3.75e-05,0.0416,0.891,125,3.58,A#,Minor,A# Minor,Veloce (Allegro),0,0,0,0,0,0,0,0,1,0,0,0,1,1,0,0,0
ludacris,get back,True,2004,0.59,0.555,0.639,0.759,0.263,0.0594,0.0,0.118,0.184,172,4.3,C#,Major,C# Major,Vivace,0,0,0,0,0,0,0,0,1,0,0,0,1,0,0,0,0
franz ferdinand,do you want to,False,2005,0.61,0.412,0.944,0.871,0.0448,0.0724,0.000493,0.801,0.79,123,3.35,C,Major,C Major,Veloce (Allegro),0,0,0,0,0,0,0,0,0,0,0,0,0,0,1,0,0
natalie imbruglia,shiver,False,2005,0.52,0.489,0.798,0.792,0.0316,0.00115,2.81e-06,0.149,0.309,94,3.42,C#,Major,C# Major,Moderato,1,0,0,0,0,0,0,1,0,0,0,0,1,0,0,0,0
gwen stefani,hollaback girl,True,2004,0.69,0.926,0.916,0.904,0.0929,0.35,6.17e-06,0.0234,0.904,110,3.19,A#,Minor,A# Minor,Allegretto,0,0,0,0,0,0,0,0,0,0,0,0,1,1,0,0,0
pretty ricky,your body,True,2005,0.59,0.838,0.594,0.732,0.113,0.176,0.0,0.0867,0.507,90,4.0,E,Minor,E Minor,Moderato,0,0,0,0,0,0,0,0,1,0,0,0,1,1,0,0,0
thirty seconds to mars,the kill,False,2005,0.74,0.179,0.912,0.822,0.0791,0.0014,0.000294,0.582,0.289,183,3.51,E,Minor,E Minor,Frenetico (Presto),0,0,0,0,0,0,0,0,0,0,0,0,0,0,1,0,0
alicia keys,karma,False,2003,0.5,0.727,0.736,0.707,0.0615,0.0743,0.00311,0.0348,0.687,85,4.16,A#,Major,A# Major,Moderato,0,0,0,0,0,0,0,0,0,0,0,0,1,1,0,0,0
2pac,ghetto gospel,True,2004,0.68,0.794,0.614,0.749,0.0467,0.0964,0.0,0.0788,0.663,81,3.58,F,Minor,F Minor,Moderato,0,0,0,0,0,0,0,0,1,0,0,0,0,0,0,0,0
craig david,don't love you no more (i'm sorry),False,2005,0.56,0.636,0.558,0.664,0.0245,0.462,0.0,0.062,0.572,100,4.03,G,Major,G Major,Moderato,0,0,0,0,0,0,0,0,1,0,0,0,1,1,0,0,0
katie melua,nine million bicycles,False,2005,0.6,0.534,0.247,0.241,0.0322,0.516,0.00859,0.122,0.344,82,3.17,C,Major,C Major,Moderato,0,0,0,0,0,1,0,0,0,1,0,0,1,0,0,0,0
lil jon & the east side boyz,lovers and friends,True,2004,0.66,0.675,0.501,0.708,0.22,0.0541,0.0,0.429,0.532,140,4.2,A#,Major,A# Major,Veloce (Allegro),0,0,0,0,0,0,0,0,1,0,0,0,1,0,0,0,0
mariah carey,don't forget about us - radio edit,False,2005,0.0,0.7,0.529,0.677,0.0395,0.0422,0.0,0.101,0.386,144,3.53,A#,Minor,A# Minor,Veloce (Allegro),0,0,0,0,0,0,0,0,0,0,0,0,1,1,0,0,0
ying yang twins,wait (the whisper song),True,2005,0.57,0.933,0.513,0.361,0.347,0.00112,0.00248,0.107,0.595,102,2.59,G,Major,G Major,Moderato,0,0,0,0,0,0,0,0,1,0,0,0,1,0,0,0,0
will smith,switch,False,2020,0.34,0.873,0.9,0.8,0.18,0.0107,0.000502,0.556,0.478,103,3.17,F,Minor,F Minor,Moderato,0,0,0,0,0,0,0,0,1,0,0,0,1,0,0,0,0
bow wow,like you (feat. ciara),False,2005,0.66,0.714,0.6,0.6,0.0876,0.0465,0.0,0.0646,0.504,82,3.25,F#,Major,F# Major,Moderato,0,0,0,0,0,0,0,0,1,0,0,0,1,1,0,0,0
kaiser chiefs,everyday i love you less and less,False,2005,0.58,0.49,0.956,0.789,0.0407,0.00466,6.15e-06,0.242,0.577,160,3.37,C#,Minor,C# Minor,Vivace,0,0,0,0,0,0,0,0,0,0,0,0,0,0,1,0,0
kelly clarkson,behind these hazel eyes,False,2004,0.59,0.548,0.889,0.782,0.0382,0.00165,0.00109,0.197,0.425,90,3.18,A,Major,A Major,Moderato,0,0,0,0,0,0,0,0,0,0,0,0,1,1,0,0,0
black eyed peas,don't lie,False,2005,0.61,0.662,0.785,0.752,0.186,0.16,0.0,0.0784,0.604,90,3.39,A,Major,A Major,Moderato,0,0,0,0,0,0,0,0,1,0,0,0,1,0,0,0,0
westlife,you raise me up,False,2005,0.01,0.129,0.358,0.688,0.0314,0.631,0.0,0.0886,0.172,75,4.01,A#,Major,A# Major,Lento (Adagio),0,0,0,0,0,0,0,0,0,0,0,0,1,0,0,0,0
ray j,one wish,False,2005,0.62,0.525,0.652,0.666,0.28,0.278,0.0,0.339,0.602,128,5.37,F,Minor,F Minor,Veloce (Allegro),0,0,0,0,0,0,0,0,1,0,0,0,1,1,0,0,0
papa roach,scars,False,2004,0.6,0.455,0.929,0.851,0.0494,0.0875,0.0,0.226,0.484,90,3.28,B,Major,B Major,Moderato,0,0,0,0,0,0,0,0,0,0,0,1,0,0,1,0,0
arctic monkeys,i bet you look good on the dancefloor,False,2006,0.71,0.535,0.948,0.807,0.0356,0.00225,0.0,0.376,0.778,103,2.53,F#,Minor,F# Minor,Moderato,0,0,0,0,0,0,0,0,0,0,0,0,0,0,1,0,0
shayne ward,that's my goal,False,2006,0.01,0.286,0.508,0.719,0.0336,0.372,0.0,0.27,0.14,69,3.39,D,Major,D Major,Lento (Adagio),0,0,0,0,0,0,0,0,0,0,0,0,1,0,0,0,0
bow wow,let me hold you (feat. omarion),False,2005,0.62,0.815,0.662,0.606,0.199,0.0915,0.000409,0.0898,0.611,152,4.08,F#,Major,F# Major,Veloce (Allegro),0,0,0,0,0,0,0,0,1,0,0,0,1,1,0,0,0
kaiser chiefs,i predict a riot,False,2005,0.63,0.395,0.979,0.853,0.0766,0.0243,0.0,0.12,0.41,159,3.53,G#,Major,G# Major,Vivace,0,0,0,0,0,0,0,0,0,0,0,0,0,0,1,0,0
usher,caught up,False,2004,0.61,0.817,0.806,0.786,0.0623,0.027,9e-06,0.119,0.805,110,3.44,F#,Major,F# Major,Allegretto,0,0,0,0,0,0,0,0,1,0,0,0,1,1,0,0,0
kelly clarkson,because of you,False,2004,0.71,0.587,0.583,0.753,0.0313,0.248,0.0,0.124,0.15,140,3.39,F,Minor,F Minor,Veloce (Allegro),0,0,0,0,0,0,0,0,0,0,0,0,1,1,0,0,0
3 doors down,let me go,False,2012,0.52,0.478,0.863,0.771,0.0387,0.0181,0.0,0.111,0.491,92,4.03,C#,Minor,C# Minor,Moderato,0,0,0,0,0,0,0,0,0,0,0,1,1,0,1,0,0
nickelback,photograph,False,2005,0.67,0.515,0.876,0.828,0.0292,0.000932,0.000166,0.136,0.385,146,4.18,G#,Major,G# Major,Veloce (Allegro),0,0,0,0,0,0,0,0,0,0,0,1,0,0,1,0,0
t-pain,i'm sprung,False,2005,0.0,0.722,0.329,0.44,0.108,0.088,0.0,0.081,0.166,100,3.51,C,Minor,C Minor,Moderato,0,0,0,0,0,0,0,0,1,0,0,0,1,1,0,0,0
destiny's child,cater 2 u,False,2004,0.58,0.605,0.584,0.666,0.197,0.286,0.0,0.235,0.464,126,4.05,B,Minor,B Minor,Veloce (Allegro),0,0,0,0,0,0,0,0,0,0,0,0,1,1,0,0,0
pussycat dolls,stickwitu,False,2005,0.67,0.548,0.554,0.697,0.0587,0.283,0.0,0.0708,0.382,80,3.27,A,Major,A Major,Moderato,0,0,0,0,0,0,0,0,0,0,0,0,1,1,0,0,0
ryan cabrera,true,False,2004,0.62,0.598,0.4,0.517,0.0241,0.459,0.0,0.151,0.369,97,3.24,F#,Major,F# Major,Moderato,0,0,0,0,0,0,0,0,0,0,0,0,1,0,0,0,0
stereophonics,dakota,False,2005,0.69,0.506,0.93,0.841,0.0675,0.129,0.00682,0.0931,0.305,147,4.57,E,Major,E Major,Veloce (Allegro),0,0,0,0,0,0,0,0,0,0,0,0,1,0,1,0,0
eminem,like toy soldiers,True,2004,0.67,0.52,0.768,0.841,0.359,0.0193,0.00034,0.104,0.398,79,4.56,G#,Minor,G# Minor,Moderato,0,0,0,0,0,0,0,0,1,0,0,0,0,0,0,0,0
nelly,over and over,True,2004,0.61,0.644,0.517,0.519,0.0803,0.0065,1.37e-06,0.158,0.464,170,4.13,G,Major,G Major,Vivace,0,0,0,0,0,0,0,0,1,0,0,0,1,1,0,0,0
coldplay,speed of sound,False,2005,0.69,0.514,0.898,0.679,0.0577,0.00488,0.0345,0.0746,0.353,123,4.47,B,Minor,B Minor,Veloce (Allegro),0,0,0,0,0,0,0,0,0,0,0,0,1,0,1,0,0
kt tunstall,suddenly i see,False,2005,0.71,0.587,0.767,0.731,0.0449,0.225,0.0,0.112,0.664,100,3.21,C,Major,C Major,Moderato,1,0,0,0,0,0,0,1,0,0,0,0,1,0,0,1,1
destiny's child,girl,False,2004,0.55,0.567,0.747,0.716,0.105,0.31,0.0,0.04,0.556,89,3.44,F#,Minor,F# Minor,Moderato,0,0,0,0,0,0,0,0,0,0,0,0,1,1,0,0,0
kelly clarkson,since u been gone,False,2004,0.71,0.662,0.739,0.749,0.0322,0.00206,0.0603,0.113,0.382,131,3.08,A,Minor,A Minor,Veloce (Allegro),0,0,0,0,0,0,0,0,0,0,0,0,1,1,0,0,0
u2,sometimes you can't make it on your own,False,2004,0.56,0.53,0.597,0.734,0.0247,0.00275,0.473,0.105,0.346,96,5.05,D,Major,D Major,Moderato,0,0,0,0,0,0,0,0,0,0,0,0,0,0,1,1,1
all-american rejects,dirty little secret,False,2005,0.65,0.469,0.955,0.803,0.0432,0.000343,1.35e-06,0.548,0.462,144,3.13,A#,Major,A# Major,Veloce (Allegro),0,0,0,0,0,0,0,0,0,0,0,0,1,0,1,0,0
toby keith,as good as i once was,False,2005,0.67,0.68,0.87,0.793,0.0393,0.266,0.0,0.109,0.646,119,3.47,F,Major,F Major,Allegretto,0,0,0,1,0,0,0,0,0,0,0,0,0,0,0,0,0
gwen stefani,cool,False,2004,0.59,0.709,0.721,0.84,0.0281,0.0322,0.000309,0.355,0.801,112,3.09,D,Major,D Major,Allegretto,0,0,0,0,0,0,0,0,0,0,0,0,1,1,0,0,0
foo fighters,best of you,False,2005,0.76,0.366,0.94,0.761,0.0696,0.000769,9.42e-05,0.188,0.369,130,4.15,C#,Minor,C# Minor,Veloce (Allegro),0,0,0,0,0,0,0,0,0,0,0,1,0,0,1,0,0
shakira,hips don't lie (feat. wyclef jean),False,2005,0.82,0.778,0.824,0.723,0.0707,0.284,0.0,0.405,0.758,100,3.38,A#,Minor,A# Minor,Moderato,0,0,0,0,0,0,0,0,0,0,1,0,1,0,0,0,0
sean paul,temperature,False,2005,0.78,0.951,0.6,0.783,0.0685,0.106,0.0,0.0712,0.822,125,3.38,C,Minor,C Minor,Veloce (Allegro),0,0,0,0,0,0,0,0,1,0,0,0,1,0,0,0,0
justin timberlake,sexyback (feat. timbaland),True,2006,0.78,0.967,0.583,0.739,0.0789,0.0584,0.0,0.0519,0.964,117,4.02,G,Minor,G Minor,Allegretto,0,0,0,0,0,0,0,0,0,0,0,0,1,0,0,0,0
beyonce,irreplaceable,False,2007,0.7,0.447,0.694,0.785,0.382,0.0293,5.46e-06,0.167,0.509,176,3.47,G,Minor,G Minor,Vivace,0,0,0,0,0,0,0,0,0,0,0,0,1,1,0,0,0
amy winehouse,rehab,False,2006,0.71,0.407,0.558,0.341,0.0552,0.0541,1.51e-06,0.34,0.777,72,3.34,C,Major,C Major,Lento (Adagio),0,0,0,0,0,0,0,0,0,0,0,0,0,1,0,0,0
rihanna,sos,False,2006,0.73,0.677,0.671,0.771,0.0361,0.004,5.07e-05,0.413,0.527,137,3.58,G,Major,G Major,Veloce (Allegro),0,0,0,0,0,0,0,0,1,0,0,0,1,1,0,0,0
gnarls barkley,crazy,False,2006,0.74,0.855,0.587,0.787,0.0336,0.0505,0.00714,0.105,0.64,112,2.57,G#,Major,G# Major,Allegretto,0,0,0,0,0,0,0,0,1,0,0,0,0,1,0,0,0
busta rhymes,touch it,True,2006,0.61,0.658,0.551,0.687,0.37,0.0043,0.000108,0.197,0.442,138,3.34,C#,Major,C# Major,Veloce (Allegro),0,0,0,0,0,0,0,0,1,0,0,0,1,0,0,0,0
nelly furtado,maneater,False,2006,0.79,0.796,0.777,0.776,0.0397,0.0261,0.000358,0.121,0.787,133,4.18,F#,Major,F# Major,Veloce (Allegro),0,0,0,0,0,0,0,0,1,0,1,0,1,0,0,0,0
bob sinclar,rock this party - everybody dance now,False,2006,0.69,0.893,0.823,0.83,0.122,0.0714,0.0,0.0509,0.902,128,4.05,F,Minor,F Minor,Veloce (Allegro),0,0,0,0,1,0,1,0,0,0,0,0,1,0,0,0,0
diddy,come to me (feat. nicole scherzinger),True,2006,0.55,0.819,0.485,0.695,0.0756,0.0176,0.0,0.658,0.386,97,4.36,F#,Minor,F# Minor,Moderato,0,0,0,0,0,0,0,0,1,0,0,0,1,0,0,0,0
madonna,sorry,False,2005,0.61,0.589,0.877,0.706,0.046,0.00121,0.013,0.169,0.443,133,4.41,C,Minor,C Minor,Veloce (Allegro),0,0,0,0,0,0,0,0,0,0,0,0,1,0,0,0,0
chamillionaire,ridin',True,2005,0.71,0.787,0.799,0.782,0.0993,0.189,0.0,0.3,0.835,143,5.03,G#,Minor,G# Minor,Veloce (Allegro),0,0,0,0,0,0,0,0,1,0,0,0,1,0,0,0,0
black eyed peas,pump it,False,2005,0.75,0.648,0.931,0.858,0.181,0.00937,0.0,0.752,0.744,154,3.33,C#,Minor,C# Minor,Veloce (Allegro),0,0,0,0,0,0,0,0,1,0,0,0,1,0,0,0,0
nelly furtado,promiscuous,False,2006,0.82,0.808,0.97,0.712,0.0506,0.0569,6.13e-05,0.154,0.868,114,4.02,A#,Minor,A# Minor,Allegretto,0,0,0,0,0,0,0,0,1,0,1,0,1,0,0,0,0
fedde le grand,put your hands up for detroit - radio edit,False,2015,0.39,0.814,0.923,0.79,0.229,0.0154,0.154,0.0862,0.518,128,2.3,G,Major,G Major,Veloce (Allegro),0,0,0,0,1,0,1,0,0,0,0,0,1,0,0,0,0
sean paul,(when you gonna) give it up to me (feat. keyshia cole) - radio version,False,2006,0.58,0.711,0.761,0.863,0.225,0.067,0.0,0.041,0.718,96,4.03,G#,Major,G# Major,Moderato,0,0,0,0,0,0,0,0,1,0,0,0,1,0,0,0,0
pussycat dolls,buttons,False,2005,0.68,0.565,0.817,0.799,0.27,0.152,0.0,0.247,0.477,211,3.45,D,Major,D Major,Frenetico (Presto),0,0,0,0,0,0,0,0,0,0,0,0,1,1,0,0,0
ciara,get up (feat. chamillionaire),False,2006,0.59,0.964,0.595,0.673,0.109,0.0248,5.14e-06,0.0405,0.629,129,4.21,C#,Minor,C# Minor,Veloce (Allegro),0,0,0,0,0,0,0,0,0,0,0,0,1,1,0,0,0
eminem,shake that,True,2005,0.74,0.963,0.643,0.728,0.117,0.0507,4.94e-05,0.157,0.534,107,4.34,C#,Minor,C# Minor,Moderato,0,0,0,0,0,0,0,0,1,0,0,0,0,0,0,0,0
cherish,do it to it,False,2006,0.65,0.826,0.67,0.739,0.169,0.00798,0.0,0.495,0.794,74,3.46,D,Major,D Major,Lento (Adagio),0,0,0,0,0,0,0,0,1,0,0,0,1,1,0,0,0
muse,supermassive black hole,False,2006,0.75,0.668,0.921,0.829,0.0439,0.0492,0.00517,0.0877,0.782,120,3.32,G,Major,G Major,Allegretto,0,0,0,0,0,0,0,0,0,0,0,0,0,0,1,0,0
chris brown,gimme that,False,2005,0.63,0.678,0.572,0.666,0.0466,0.00374,6.59e-05,0.118,0.444,87,3.06,B,Minor,B Minor,Moderato,0,0,0,0,0,0,0,0,1,0,0,0,1,1,0,0,0
infernal,from paris to berlin,False,2004,0.57,0.741,0.869,0.691,0.0816,0.096,0.0,0.0396,0.839,126,3.29,A,Minor,A Minor,Veloce (Allegro),0,0,0,0,0,0,0,0,0,0,0,0,1,0,0,0,0
cassie,me & u,False,2006,0.73,0.803,0.454,0.776,0.0294,0.352,0.0,0.0655,0.739,100,3.12,G#,Minor,G# Minor,Moderato,0,0,0,0,0,0,0,0,0,0,0,0,1,1,0,0,0
e-40,u and dat (feat. t. pain & kandi girl),True,2006,0.63,0.858,0.484,0.646,0.277,0.0241,1.8e-06,0.123,0.329,100,3.22,F#,Minor,F# Minor,Moderato,0,0,0,0,0,0,0,0,1,0,0,0,1,0,0,0,0
pussycat dolls,beep,False,2005,0.57,0.938,0.735,0.698,0.0434,0.00952,0.0,0.0998,0.55,104,3.49,G,Major,G Major,Moderato,0,0,0,0,0,0,0,0,0,0,0,0,1,1,0,0,0
lil jon,snap yo fingers,False,2006,0.67,0.835,0.757,0.765,0.23,0.00647,0.0,0.29,0.626,82,4.34,G#,Minor,G# Minor,Moderato,0,0,0,0,0,0,0,0,1,0,0,0,1,0,0,0,0
armand van helden,my my my - radio edit,False,2006,0.4,0.678,0.768,0.594,0.137,0.0195,0.00866,0.0322,0.758,128,3.1,G,Major,G Major,Veloce (Allegro),0,0,0,0,1,0,1,0,0,0,0,0,1,0,0,0,0
notorious b.i.g.,"nasty girl (feat. diddy, nelly, jagged edge & avery storm) - 2005 remaster",True,2005,0.68,0.833,0.628,0.666,0.141,0.0949,1.6e-06,0.282,0.645,106,4.46,D,Major,D Major,Moderato,0,0,0,0,0,0,0,0,1,0,0,0,0,0,0,0,0
yung joc,it's goin' down (feat. nitti),True,2006,0.66,0.888,0.577,0.633,0.0612,0.0986,0.0,0.131,0.609,84,4.01,C#,Minor,C# Minor,Moderato,0,0,0,0,0,0,0,0,1,0,0,0,1,0,0,0,0
shayne ward,no promises,False,2006,0.01,0.5,0.498,0.713,0.026,0.527,0.0,0.123,0.182,80,3.43,E,Major,E Major,Moderato,0,0,0,0,0,0,0,0,0,0,0,0,1,0,0,0,0
justin timberlake,my love (feat. t.i.),False,2006,0.72,0.771,0.68,0.723,0.224,0.277,1.18e-05,0.682,0.808,120,4.36,B,Minor,B Minor,Allegretto,0,0,0,0,0,0,0,0,0,0,0,0,1,0,0,0,0
nickelback,savin' me,False,2005,0.65,0.441,0.815,0.812,0.0276,0.000731,0.0,0.414,0.522,164,3.39,D#,Major,D# Major,Vivace,0,0,0,0,0,0,0,0,0,0,0,1,0,0,1,0,0
nelly,grillz,False,2005,0.6,0.867,0.504,0.631,0.241,0.0358,0.0,0.307,0.84,83,4.31,E,Minor,E Minor,Moderato,0,0,0,0,0,0,0,0,1,0,0,0,1,1,0,0,0
take that,patience,False,2006,0.64,0.309,0.783,0.808,0.0405,0.142,1.11e-06,0.118,0.372,176,3.22,A#,Major,A# Major,Vivace,0,0,0,0,0,0,0,0,0,0,0,0,1,0,0,0,0
fergie,london bridge,True,2006,0.57,0.769,0.609,0.722,0.357,0.216,0.0,0.166,0.633,91,4.01,C#,Major,C# Major,Moderato,0,0,0,0,0,0,0,0,0,0,0,0,1,1,0,0,0
cascada,everytime we touch - radio edit,False,2011,0.0,0.64,0.977,0.748,0.0555,0.00461,1.68e-05,0.371,0.493,142,3.19,G#,Major,G# Major,Veloce (Allegro),0,0,0,0,1,0,1,0,1,0,0,0,1,0,0,0,0
d4l,laffy taffy,True,2005,0.63,0.891,0.439,0.619,0.428,0.0351,0.0,0.0932,0.622,77,3.44,G,Minor,G Minor,Moderato,0,0,0,0,0,0,0,0,1,0,0,0,1,0,0,0,0
ll cool j,control myself,False,2006,0.42,0.825,0.876,0.69,0.211,0.00928,1.2e-05,0.205,0.48,120,3.53,A#,Minor,A# Minor,Allegretto,0,0,0,0,0,0,0,0,1,0,0,0,1,1,0,0,0
beyonce,deja vu (feat. jay-z),False,2007,0.57,0.644,0.746,0.769,0.341,0.0071,1.22e-05,0.0743,0.355,105,4.0,G,Major,G Major,Moderato,0,0,0,0,0,0,0,0,0,0,0,0,1,1,0,0,0
p!nk,stupid girls,True,2006,0.0,0.683,0.886,0.764,0.071,0.000738,0.00188,0.0524,0.566,100,3.17,E,Minor,E Minor,Moderato,0,0,0,0,0,0,0,0,0,0,0,0,1,0,0,0,0
eminem,when i'm gone,True,2005,0.68,0.618,0.746,0.743,0.352,0.0553,0.0,0.273,0.75,75,4.41,A#,Minor,A# Minor,Lento (Adagio),0,0,0,0,0,0,0,0,1,0,0,0,0,0,0,0,0
kelis,bossy,False,2006,0.5,0.906,0.633,0.751,0.19,0.000182,8.34e-06,0.058,0.779,84,4.33,E,Major,E Major,Moderato,0,0,0,0,1,0,1,0,0,0,0,0,1,1,0,0,0
bob sinclar,love generation - radio edit,False,2005,0.49,0.715,0.812,0.729,0.062,0.175,0.000134,0.044,0.554,128,3.27,C#,Major,C# Major,Veloce (Allegro),0,0,0,0,1,0,1,0,0,0,0,0,1,0,0,0,0
meck,thunder in my heart again (radio edit),False,2005,0.46,0.679,0.922,0.783,0.0294,0.000241,0.69,0.0697,0.806,129,3.09,D,Minor,D Minor,Veloce (Allegro),0,0,0,0,0,0,1,0,0,0,0,0,0,0,0,0,0
mary j. blige,be without you - kendu mix,True,2005,0.69,0.726,0.7,0.723,0.0998,0.0717,0.0,0.262,0.673,147,4.06,D,Minor,D Minor,Veloce (Allegro),0,0,0,0,0,0,0,0,0,0,0,0,1,1,0,0,0
girls aloud,something kinda ooooh,False,2012,0.49,0.681,0.908,0.82,0.0473,0.0232,0.0,0.355,0.879,132,3.21,B,Minor,B Minor,Veloce (Allegro),0,0,0,0,1,0,1,0,0,0,0,0,1,0,0,0,0
rihanna,unfaithful,False,2006,0.7,0.588,0.391,0.588,0.0334,0.839,0.0,0.227,0.349,144,3.46,C,Minor,C Minor,Veloce (Allegro),0,0,0,0,0,0,0,0,1,0,0,0,1,1,0,0,0
kanye west,touch the sky,True,2005,0.73,0.552,0.846,0.771,0.342,0.0114,0.0,0.309,0.554,99,3.56,A,Major,A Major,Moderato,0,0,0,0,0,0,0,0,1,0,0,0,0,0,0,0,0
dem franchize boyz,"lean wit it, rock wit it",True,2006,0.6,0.886,0.62,0.724,0.307,0.082,0.0,0.1,0.6,76,3.49,F,Major,F Major,Lento (Adagio),0,0,0,0,0,0,0,0,1,0,0,0,1,0,0,0,0
evanescence,call me when you're sober,False,2006,0.65,0.45,0.883,0.811,0.0524,0.00193,0.0,0.293,0.328,93,3.34,G,Major,G Major,Moderato,0,0,0,0,0,0,0,0,0,0,0,1,0,0,0,0,0
chingy,pullin' me back,True,2006,0.62,0.786,0.511,0.685,0.286,0.0825,0.0,0.12,0.587,80,3.54,G,Major,G Major,Moderato,0,0,0,0,0,0,0,0,1,0,0,0,1,1,0,0,0
nickelback,far away,False,2005,0.7,0.518,0.797,0.759,0.0309,0.000681,0.0,0.107,0.293,133,3.58,F#,Major,F# Major,Veloce (Allegro),0,0,0,0,0,0,0,0,0,0,0,1,0,0,1,0,0
fall out boy,"dance, dance",False,2005,0.74,0.622,0.961,0.856,0.154,0.00523,0.0,0.0854,0.449,114,3.0,B,Minor,B Minor,Allegretto,0,0,0,0,0,0,0,0,0,0,0,0,0,0,1,0,0
leona lewis,a moment like this,False,2007,0.57,0.261,0.562,0.832,0.0301,0.423,7.54e-06,0.131,0.167,71,4.17,G#,Major,G# Major,Lento (Adagio),0,0,0,0,0,0,0,0,0,0,0,0,1,1,0,0,0
t.i.,what you know,True,2006,0.64,0.551,0.81,0.798,0.0344,0.0155,0.0,0.169,0.332,73,4.34,B,Major,B Major,Lento (Adagio),0,0,0,0,0,0,0,0,1,0,0,0,1,0,0,0,0
ludacris,money maker,True,2006,0.62,0.551,0.598,0.678,0.27,0.15,0.0,0.299,0.612,79,3.5,C#,Major,C# Major,Moderato,0,0,0,0,0,0,0,0,1,0,0,0,1,0,0,0,0
nick lachey,what's left of me,False,2006,0.37,0.42,0.742,0.734,0.0375,0.142,0.0,0.145,0.294,150,4.04,G,Major,G Major,Veloce (Allegro),0,0,0,0,0,0,0,0,0,0,0,0,1,0,0,0,0
jibbs,chain hang low,True,2006,0.56,0.792,0.589,0.674,0.262,0.0259,0.000128,0.114,0.778,157,3.27,E,Minor,E Minor,Vivace,0,0,0,0,0,0,0,0,1,0,0,0,1,0,0,0,0
arctic monkeys,when the sun goes down,True,2006,0.72,0.348,0.875,0.779,0.199,0.0341,0.0,0.117,0.407,169,3.22,B,Minor,B Minor,Vivace,0,0,0,0,0,0,0,0,0,0,0,0,0,0,1,0,0
rascal flatts,life is a highway,False,2006,0.0,0.561,0.936,0.746,0.0613,0.00185,0.0,0.102,0.594,103,4.36,F,Major,F Major,Moderato,0,0,0,1,0,0,0,0,0,0,0,0,0,0,0,0,0
beyonce,check on it (feat. slim thug),False,2006,0.45,0.7,0.887,0.822,0.218,0.0805,0.0,0.376,0.883,166,3.31,G,Major,G Major,Vivace,0,0,0,0,0,0,0,0,0,0,0,0,1,1,0,0,0
keyshia cole,love,False,2005,0.72,0.688,0.519,0.802,0.0283,0.064,0.0,0.1,0.318,117,4.15,F,Major,F Major,Allegretto,0,0,0,0,0,0,0,0,1,0,0,0,1,1,0,0,0
lily allen,smile,True,2006,0.68,0.632,0.639,0.72,0.0259,0.00143,0.0,0.221,0.733,96,3.16,F,Major,F Major,Moderato,0,0,0,0,0,0,0,0,0,0,0,0,1,0,0,0,0
ne-yo,sexy love,False,2006,0.67,0.693,0.516,0.695,0.0413,0.297,0.000127,0.0604,0.494,94,3.4,G#,Major,G# Major,Moderato,0,0,0,0,0,0,0,0,0,0,0,0,1,1,0,0,0
jojo,too little too late,False,2006,0.48,0.535,0.823,0.75,0.0431,0.0113,3.88e-06,0.146,0.685,83,3.43,F#,Minor,F# Minor,Moderato,0,0,0,0,0,0,0,0,1,0,0,0,1,1,0,0,0
mary j. blige,one,False,2005,0.64,0.344,0.874,0.857,0.0777,0.0841,0.0,0.129,0.269,186,4.2,C,Major,C Major,Frenetico (Presto),0,0,0,0,0,0,0,0,0,0,0,0,1,1,0,0,0
bubba sparxxx,ms. new booty,True,2005,0.62,0.64,0.62,0.721,0.416,0.016,0.0,0.0831,0.609,129,4.12,C#,Major,C# Major,Veloce (Allegro),0,0,0,1,0,0,0,0,1,0,0,0,1,0,0,0,0
amy winehouse,you know i'm no good,False,2006,0.63,0.705,0.806,0.835,0.0309,0.0132,0.00428,0.0701,0.734,103,4.16,A,Major,A Major,Moderato,0,0,0,0,0,0,0,0,0,0,0,0,0,1,0,0,0
rascal flatts,what hurts the most,False,2006,0.69,0.537,0.674,0.76,0.0277,0.0088,0.0,0.265,0.33,136,3.34,F,Minor,F Minor,Veloce (Allegro),0,0,0,1,0,0,0,0,0,0,0,0,0,0,0,0,0
red hot chili peppers,dani california,False,2006,0.76,0.556,0.913,0.897,0.0437,0.0193,8.59e-06,0.346,0.73,96,4.42,C,Major,C Major,Moderato,0,0,0,0,0,0,0,0,0,0,0,0,0,0,1,0,0
scissor sisters,i don't feel like dancin',False,2006,0.63,0.707,0.923,0.845,0.0276,0.0195,0.0,0.342,0.845,108,4.48,G,Major,G Major,Moderato,0,0,0,0,1,0,1,0,0,0,0,0,1,0,1,0,0
ne-yo,so sick,False,2006,0.75,0.452,0.574,0.602,0.31,0.246,0.0,0.189,0.58,93,3.27,F#,Major,F# Major,Moderato,0,0,0,0,0,0,0,0,0,0,0,0,1,1,0,0,0
hinder,lips of an angel,False,2019,0.35,0.474,0.744,0.748,0.0341,0.0208,1.22e-06,0.209,0.238,129,4.21,D,Major,D Major,Veloce (Allegro),0,0,0,0,0,0,0,0,0,0,0,1,1,0,1,0,0
raconteurs,"steady, as she goes",False,2006,0.56,0.525,0.578,0.788,0.12,0.0132,0.00916,0.108,0.537,124,3.35,A,Major,A Major,Veloce (Allegro),0,0,0,0,0,0,0,0,0,0,0,0,0,0,1,0,0
fratellis,chelsea dagger,False,2006,0.68,0.511,0.815,0.858,0.144,0.0491,0.0,0.0826,0.586,155,3.35,G,Major,G Major,Veloce (Allegro),0,0,0,0,0,0,0,0,0,0,0,0,0,0,1,0,0
fort minor,where'd you go (feat. holly brook & jonah matranga),True,2005,0.42,0.684,0.819,0.85,0.238,0.262,0.00197,0.113,0.25,180,3.51,C#,Minor,C# Minor,Frenetico (Presto),0,0,0,0,0,0,0,0,1,0,0,0,1,0,1,0,0
pussycat dolls,stickwitu,False,2005,0.67,0.548,0.554,0.697,0.0587,0.283,0.0,0.0708,0.382,80,3.27,A,Major,A Major,Moderato,0,0,0,0,0,0,0,0,0,0,0,0,1,1,0,0,0
panic! at the disco,i write sins not tragedies,False,2005,0.7,0.566,0.815,0.792,0.14,0.0737,0.0,0.12,0.672,170,3.05,A,Minor,A Minor,Vivace,0,0,0,0,0,0,0,0,0,0,0,0,0,0,1,0,0
james blunt,goodbye my lover,False,2005,0.67,0.432,0.261,0.391,0.0512,0.953,0.00342,0.0903,0.273,90,4.18,E,Major,E Major,Moderato,0,0,0,0,0,0,0,0,0,0,0,0,1,0,0,0,0
christina aguilera,ain't no other man,False,2006,0.63,0.862,0.742,0.78,0.222,0.00376,0.00855,0.103,0.511,128,3.48,G,Major,G Major,Veloce (Allegro),0,0,0,0,0,0,0,0,0,0,0,0,1,0,0,0,0
westlife,the rose,False,2006,0.0,0.272,0.203,0.534,0.0294,0.784,0.0,0.0805,0.172,110,3.39,A,Major,A Major,Allegretto,0,0,0,0,0,0,0,0,0,0,0,0,1,0,0,0,0
keane,is it any wonder?,False,2006,0.59,0.489,0.955,0.877,0.0363,3.82e-05,0.000178,0.334,0.816,129,3.06,B,Minor,B Minor,Veloce (Allegro),0,0,0,0,0,0,0,0,0,0,0,0,1,0,0,0,0
orson,no tomorrow,False,2006,0.46,0.656,0.624,0.785,0.0691,0.0065,0.0,0.278,0.735,124,2.47,D#,Minor,D# Minor,Veloce (Allegro),0,0,0,0,0,0,0,0,0,0,0,0,1,0,0,0,0
t-pain,i'm n luv (wit a stripper) (feat. mike jones),True,2005,0.0,0.731,0.368,0.501,0.0688,0.00544,0.0,0.193,0.512,145,4.25,G#,Major,G# Major,Veloce (Allegro),0,0,0,0,0,0,0,0,1,0,0,0,1,1,0,0,0
kt tunstall,black horse and the cherry tree,False,2005,0.64,0.748,0.786,0.629,0.0641,0.328,0.0,0.34,0.917,105,2.52,E,Minor,E Minor,Moderato,1,0,0,0,0,0,0,1,0,0,0,0,1,0,0,1,1
natasha bedingfield,unwritten,False,2004,0.02,0.706,0.8,0.701,0.0399,0.00584,0.0,0.0822,0.629,100,4.19,F,Major,F Major,Moderato,0,0,0,0,0,0,0,0,0,0,0,0,1,0,0,0,0
razorlight,america,False,2006,0.67,0.447,0.568,0.768,0.0305,0.295,3.26e-06,0.355,0.149,91,4.09,D,Major,D Major,Moderato,0,0,0,0,0,0,0,0,0,0,0,0,1,0,1,0,0
james morrison,you give me something,False,2006,0.64,0.559,0.688,0.693,0.114,0.216,0.0,0.0855,0.578,80,3.33,G,Major,G Major,Moderato,0,0,0,0,0,0,0,0,0,0,0,0,1,1,0,0,0
snow patrol,you're all i have,False,2006,0.35,0.467,0.921,0.789,0.045,5.48e-05,0.0566,0.176,0.501,132,4.33,D,Major,D Major,Veloce (Allegro),0,0,0,0,0,0,0,0,0,0,0,0,1,0,1,1,1
fray,how to save a life,False,2005,0.79,0.64,0.743,0.812,0.0379,0.269,0.0,0.101,0.361,122,4.22,A#,Major,A# Major,Veloce (Allegro),0,0,0,0,0,0,0,0,0,0,0,0,1,0,0,0,0
sandi thom,i wish i was a punk rocker (with flowers in my hair),False,2006,0.61,0.7,0.465,0.677,0.358,0.544,0.0,0.606,0.719,108,2.31,E,Major,E Major,Moderato,0,0,0,0,0,0,0,0,0,0,0,0,1,0,0,1,1
my chemical romance,welcome to the black parade,False,2006,0.76,0.217,0.905,0.811,0.0752,0.000289,0.00011,0.222,0.236,97,5.11,D,Major,D Major,Moderato,0,0,0,0,0,0,0,0,0,0,0,0,0,0,1,0,0
razorlight,in the morning,False,2006,0.59,0.616,0.855,0.841,0.042,0.00379,0.000863,0.318,0.686,124,3.42,E,Minor,E Minor,Veloce (Allegro),0,0,0,0,0,0,0,0,0,0,0,0,1,0,1,0,0
all-american rejects,dirty little secret,False,2005,0.65,0.469,0.955,0.803,0.0432,0.000343,1.35e-06,0.548,0.462,144,3.13,A#,Major,A# Major,Veloce (Allegro),0,0,0,0,0,0,0,0,0,0,0,0,1,0,1,0,0
james morrison,wonderful world,False,2006,0.49,0.474,0.71,0.786,0.029,0.0548,0.0,0.0974,0.591,79,3.3,C#,Major,C# Major,Moderato,0,0,0,0,0,0,0,0,0,0,0,0,1,1,0,0,0
chris brown,yo (excuse me miss),False,2005,0.69,0.536,0.612,0.725,0.272,0.119,0.0,0.209,0.57,87,3.49,E,Major,E Major,Moderato,0,0,0,0,0,0,0,0,1,0,0,0,1,1,0,0,0
p!nk,who knew,False,2006,0.0,0.688,0.734,0.788,0.0274,0.00462,0.0,0.0756,0.46,140,3.28,A,Major,A Major,Veloce (Allegro),0,0,0,0,0,0,0,0,0,0,0,0,1,0,0,0,0
kooks,naive,False,2006,0.73,0.391,0.808,0.707,0.0892,0.0759,0.0,0.149,0.737,100,3.23,G#,Minor,G# Minor,Moderato,0,0,0,0,0,0,0,0,0,0,0,0,0,0,1,0,0
leona lewis,bleeding love,False,2007,0.75,0.638,0.656,0.723,0.0357,0.188,0.0,0.146,0.225,104,4.22,F,Major,F Major,Moderato,0,0,0,0,0,0,0,0,0,0,0,0,1,1,0,0,0
rihanna,umbrella,False,2008,0.81,0.583,0.829,0.786,0.134,0.00864,0.0,0.0426,0.575,174,4.35,C#,Major,C# Major,Vivace,0,0,0,0,0,0,0,0,1,0,0,0,1,1,0,0,0
britney spears,gimme more,False,2007,0.79,0.788,0.844,0.859,0.0334,0.25,0.000678,0.0723,0.382,113,4.11,D,Major,D Major,Allegretto,0,0,0,0,0,0,0,0,0,0,0,0,1,0,0,0,0
fergie,big girls don't cry (personal),False,2006,0.76,0.708,0.641,0.801,0.0335,0.205,0.0,0.0945,0.253,113,4.28,G,Major,G Major,Allegretto,0,0,0,0,0,0,0,0,0,0,0,0,1,1,0,0,0
mark ronson,valerie (feat. amy winehouse) - version revisited,False,2007,0.0,0.698,0.844,0.777,0.0544,0.00253,0.000426,0.124,0.896,106,3.39,C#,Major,C# Major,Moderato,0,0,0,0,0,0,0,0,0,0,0,0,1,0,0,0,0
plain white t's,hey there delilah,False,2005,0.78,0.656,0.291,0.491,0.0293,0.872,0.0,0.114,0.298,104,3.52,D,Major,D Major,Moderato,0,0,0,0,0,0,0,0,0,0,0,0,1,0,0,0,0
justin timberlake,what goes around.../...comes around (interlude),False,2006,0.7,0.687,0.723,0.779,0.0709,0.122,0.00102,0.573,0.432,76,7.28,G,Major,G Major,Lento (Adagio),0,0,0,0,0,0,0,0,0,0,0,0,1,0,0,0,0
gwen stefani,the sweet escape,False,2006,0.71,0.756,0.77,0.841,0.0343,0.191,0.0,0.178,0.73,120,4.06,C#,Major,C# Major,Allegretto,0,0,0,0,0,0,0,0,0,0,0,0,1,1,0,0,0
timbaland,the way i are,False,2007,0.8,0.731,0.807,0.693,0.1,0.181,0.751,0.319,0.765,115,2.59,D#,Minor,D# Minor,Allegretto,0,0,0,0,0,0,0,0,1,0,0,0,1,1,0,0,0
nelly furtado,say it right,False,2006,0.81,0.872,0.872,0.701,0.139,0.0476,0.00112,0.0543,0.809,117,3.43,C#,Major,C# Major,Allegretto,0,0,0,0,0,0,0,0,1,0,1,0,1,0,0,0,0
ida corr,let me think about it,False,2012,0.43,0.762,0.754,0.844,0.046,0.00022,0.0665,0.146,0.715,129,2.31,C,Minor,C Minor,Veloce (Allegro),0,0,0,0,0,0,1,0,0,0,0,0,1,0,0,0,0
alex gaudino,destination calabria - radio edit,False,2007,0.73,0.627,0.954,0.776,0.0425,0.0015,0.000814,0.292,0.312,128,3.43,D,Major,D Major,Veloce (Allegro),0,0,0,0,1,0,1,0,0,0,0,0,0,0,0,0,0
september,cry for you,False,2007,0.65,0.767,0.881,0.817,0.0301,0.00133,0.000139,0.0551,0.961,130,3.29,A,Major,A Major,Veloce (Allegro),0,0,0,0,1,0,1,0,0,0,0,0,1,0,0,0,0
akon,smack that,True,2006,0.58,0.94,0.743,0.758,0.0475,0.317,0.0,0.0909,0.932,119,3.32,F,Minor,F Minor,Allegretto,0,0,0,0,0,0,0,0,0,0,0,0,1,0,0,0,0
timbaland,give it to me,True,2007,0.7,0.975,0.711,0.821,0.0632,0.168,0.000552,0.0799,0.815,111,3.54,G#,Major,G# Major,Allegretto,0,0,0,0,0,0,0,0,1,0,0,0,1,1,0,0,0
50 cent,ayo technology,True,2007,0.67,0.63,0.782,0.745,0.132,0.0828,0.0,0.034,0.418,140,4.07,G#,Minor,G# Minor,Veloce (Allegro),0,0,0,0,0,0,0,0,1,0,0,0,1,0,0,0,0
eric prydz,proper education - radio edit,False,2007,0.0,0.537,0.937,0.789,0.0523,0.00102,0.035,0.0917,0.324,125,3.18,C,Major,C Major,Veloce (Allegro),0,0,0,0,1,0,1,0,0,0,0,0,1,0,0,0,0
fedde le grand,put your hands up for detroit - radio edit,False,2015,0.0,0.827,0.931,0.793,0.202,0.0153,0.21,0.0992,0.491,128,2.3,G,Major,G Major,Veloce (Allegro),0,0,0,0,1,0,1,0,0,0,0,0,1,0,0,0,0
ciara,like a boy,False,2006,0.68,0.701,0.724,0.729,0.145,0.267,0.0,0.0867,0.425,132,3.57,C,Minor,C Minor,Veloce (Allegro),0,0,0,0,0,0,0,0,0,0,0,0,1,1,0,0,0
kanye west,stronger,True,2007,0.54,0.617,0.717,0.625,0.153,0.00564,0.0,0.408,0.49,104,5.11,A#,Minor,A# Minor,Moderato,0,0,0,0,0,0,0,0,1,0,0,0,0,0,0,0,0
beyonce,beautiful liar,False,2007,0.64,0.764,0.751,0.829,0.0703,0.00554,0.000237,0.164,0.418,92,3.19,G#,Major,G# Major,Moderato,0,0,0,0,0,0,0,0,0,0,0,0,1,1,0,0,0
gym class heroes,cupid's chokehold / breakfast in america - radio mix,False,2007,0.59,0.584,0.681,0.762,0.0781,0.495,0.0,0.289,0.821,80,3.57,C#,Minor,C# Minor,Moderato,0,0,0,0,0,0,0,0,1,0,0,0,1,0,0,0,0
akon,i wanna love you,True,2006,0.53,0.865,0.45,0.55,0.0417,0.0359,1.28e-06,0.308,0.352,100,4.07,C,Major,C Major,Moderato,0,0,0,0,0,0,0,0,0,0,0,0,1,0,0,0,0
soulja boy,crank that (soulja boy),False,2007,0.74,0.736,0.74,0.906,0.0786,0.515,0.0,0.0468,0.803,140,3.41,C,Major,C Major,Veloce (Allegro),0,0,0,0,0,0,0,0,1,0,0,0,1,0,0,0,0
fat joe,make it rain,True,2006,0.59,0.744,0.697,0.763,0.197,0.0106,0.0,0.0842,0.767,149,4.07,B,Minor,B Minor,Veloce (Allegro),0,0,0,0,0,0,0,0,1,0,0,0,1,0,0,0,0
p!nk,u + ur hand,True,2006,0.0,0.709,0.891,0.831,0.0528,0.00144,0.0,0.034,0.886,141,3.34,C,Major,C Major,Veloce (Allegro),0,0,0,0,0,0,0,0,0,0,0,0,1,0,0,0,0
rihanna,shut up and drive,False,2008,0.69,0.735,0.826,0.771,0.0349,0.00101,0.129,0.197,0.74,133,3.32,C#,Major,C# Major,Veloce (Allegro),0,0,0,0,0,0,0,0,1,0,0,0,1,1,0,0,0
lloyd,get it shawty,False,2007,0.62,0.822,0.905,0.814,0.241,0.123,0.0,0.0496,0.674,128,3.29,F,Minor,F Minor,Veloce (Allegro),0,0,0,0,0,0,0,0,1,0,0,0,1,1,0,0,0
kanye west,can't tell me nothing,True,2007,0.47,0.596,0.62,0.711,0.039,0.0122,0.0,0.82,0.102,80,4.31,F,Minor,F Minor,Moderato,0,0,0,0,0,0,0,0,1,0,0,0,0,0,0,0,0
camille jones,the creeps - fedde le grand radio mix,False,2006,0.17,0.847,0.861,0.686,0.0603,0.278,0.029,0.0626,0.724,128,2.32,F#,Major,F# Major,Veloce (Allegro),0,0,0,0,0,0,0,0,0,0,0,0,1,0,0,0,0
linkin park,what i've done,False,2007,0.77,0.623,0.93,0.752,0.0324,0.0141,1.64e-06,0.138,0.287,120,3.25,F,Major,F Major,Allegretto,0,0,0,0,0,0,0,0,0,0,0,1,0,0,1,0,0
keyshia cole,last night,False,2007,0.6,0.918,0.857,0.765,0.0623,0.166,0.0003,0.0855,0.972,121,4.15,D#,Minor,D# Minor,Veloce (Allegro),0,0,0,0,0,0,0,0,1,0,0,0,1,1,0,0,0
chris brown,kiss kiss (feat. t-pain),False,2007,0.68,0.729,0.658,0.846,0.225,0.0506,0.0,0.0693,0.551,140,4.1,A#,Minor,A# Minor,Veloce (Allegro),0,0,0,0,0,0,0,0,1,0,0,0,1,1,0,0,0
shop boyz,party like a rock star,True,2007,0.61,0.619,0.709,0.785,0.0395,0.00541,0.0,0.507,0.68,145,4.13,G,Major,G Major,Veloce (Allegro),0,0,0,0,0,0,0,0,1,0,0,0,1,0,0,0,0
finger eleven,paralyzer,False,2007,0.73,0.644,0.939,0.841,0.0456,0.157,0.0,0.233,0.861,106,3.28,B,Minor,B Minor,Moderato,0,0,0,0,0,0,0,0,0,0,0,1,0,0,1,0,0
justin timberlake,summer love,False,2006,0.66,0.606,0.591,0.656,0.087,0.0756,0.0,0.328,0.477,96,4.12,C,Minor,C Minor,Moderato,0,0,0,0,0,0,0,0,0,0,0,0,1,0,0,0,0
mims,this is why i'm hot,True,2007,0.59,0.621,0.6,0.7,0.576,0.277,0.0,0.495,0.485,80,4.13,G#,Major,G# Major,Moderato,0,0,0,0,0,0,0,0,1,0,0,0,1,0,0,0,0
fabolous,make me better,True,2007,0.62,0.607,0.599,0.673,0.0995,0.33,0.0,0.199,0.562,86,4.13,B,Major,B Major,Moderato,0,0,0,0,0,0,0,0,1,0,0,0,1,1,0,0,0
seether,fake it,True,2007,0.73,0.611,0.95,0.84,0.0518,0.00141,1.59e-06,0.0543,0.607,132,3.13,G#,Major,G# Major,Veloce (Allegro),0,0,0,0,0,0,0,0,0,0,0,1,0,0,1,0,0
take that,patience,False,2006,0.64,0.309,0.783,0.808,0.0405,0.142,1.11e-06,0.118,0.372,176,3.22,A#,Major,A# Major,Vivace,0,0,0,0,0,0,0,0,0,0,0,0,1,0,0,0,0
arctic monkeys,brianstorm,False,2007,0.67,0.42,0.974,0.781,0.191,8.15e-05,0.00155,0.0871,0.463,165,2.52,C#,Major,C# Major,Vivace,0,0,0,0,0,0,0,0,0,0,0,0,0,0,1,0,0
justin timberlake,my love (feat. t.i.),False,2006,0.72,0.771,0.68,0.723,0.224,0.277,1.18e-05,0.682,0.808,120,4.36,B,Minor,B Minor,Allegretto,0,0,0,0,0,0,0,0,0,0,0,0,1,0,0,0,0
fergie,glamorous,True,2006,0.64,0.811,0.757,0.695,0.23,0.298,0.0,0.103,0.565,131,4.06,C,Major,C Major,Veloce (Allegro),0,0,0,0,0,0,0,0,0,0,0,0,1,1,0,0,0
linkin park,bleed it out,True,2007,0.73,0.529,0.967,0.833,0.0508,0.114,0.0,0.61,0.596,140,2.46,C#,Minor,C# Minor,Veloce (Allegro),0,0,0,0,0,0,0,0,0,0,0,1,0,0,1,0,0
my chemical romance,teenagers,False,2006,0.8,0.463,0.857,0.862,0.0632,0.0506,0.0,0.184,0.856,112,2.41,E,Major,E Major,Allegretto,0,0,0,0,0,0,0,0,0,0,0,0,0,0,1,0,0
calvin harris,acceptable in the 80's,False,2007,0.57,0.787,0.808,0.744,0.0511,0.0143,0.257,0.0466,0.942,128,5.33,G,Major,G Major,Veloce (Allegro),0,0,0,0,1,0,1,0,1,0,0,0,1,0,0,0,0
sugababes,about you now,False,2007,0.66,0.584,0.699,0.714,0.0378,6.52e-05,6.05e-05,0.486,0.585,82,3.32,C#,Minor,C# Minor,Moderato,0,0,0,0,0,0,0,0,0,0,0,0,1,1,0,0,0
avril lavigne,girlfriend,True,2007,0.75,0.56,0.959,0.893,0.102,0.000722,0.000221,0.209,0.669,164,3.36,G,Major,G Major,Vivace,0,0,0,0,0,0,0,0,0,0,0,0,1,0,0,0,0
ne-yo,because of you,False,2007,0.74,0.81,0.538,0.728,0.0356,0.528,0.0,0.0951,0.828,110,4.26,C,Minor,C Minor,Allegretto,0,0,0,0,0,0,0,0,0,0,0,0,1,1,0,0,0
daughtry,it's not over,False,2016,0.45,0.45,0.921,0.842,0.0538,0.0467,0.0,0.311,0.413,146,3.35,A#,Minor,A# Minor,Veloce (Allegro),0,0,0,0,0,0,0,0,0,0,0,1,1,0,1,0,0
unk,walk it out,True,2013,0.48,0.794,0.777,0.831,0.0813,0.0982,0.0,0.202,0.706,160,2.53,C#,Minor,C# Minor,Vivace,0,0,0,0,0,0,0,0,1,0,0,0,1,0,0,0,0
lloyd,you,False,2007,0.7,0.412,0.876,0.717,0.47,0.102,0.0,0.297,0.703,130,4.33,F,Minor,F Minor,Veloce (Allegro),0,0,0,0,0,0,0,0,1,0,0,0,1,1,0,0,0
klaxons,golden skans,False,2007,0.65,0.463,0.836,0.876,0.0381,0.000418,7.38e-06,0.25,0.713,142,2.45,D,Minor,D Minor,Veloce (Allegro),0,0,0,0,0,0,0,0,0,0,0,0,0,0,1,0,0
t-pain,bartender (feat. akon),True,2007,0.03,0.675,0.394,0.592,0.133,0.0611,0.0,0.214,0.405,105,3.58,G#,Major,G# Major,Moderato,0,0,0,0,0,0,0,0,1,0,0,0,1,1,0,0,0
baby boy da prince,the way i live - main explicit,True,2006,0.59,0.88,0.438,0.64,0.248,0.0147,0.0,0.0907,0.714,90,5.24,C,Major,C Major,Moderato,0,0,0,0,0,0,0,0,1,0,0,0,1,0,0,0,0
fergie,fergalicious,True,2006,0.63,0.906,0.584,0.632,0.316,0.0576,0.0,0.128,0.831,129,4.52,G#,Minor,G# Minor,Veloce (Allegro),0,0,0,0,0,0,0,0,0,0,0,0,1,1,0,0,0
omarion,ice box,False,2006,0.57,0.775,0.731,0.745,0.134,0.189,0.0,0.129,0.821,131,4.16,G#,Major,G# Major,Veloce (Allegro),0,0,0,0,0,0,0,0,1,0,0,0,1,1,0,0,0
pretty ricky,on the hotline - amended version,False,2007,0.57,0.704,0.854,0.743,0.183,0.0185,0.0,0.148,0.688,93,4.02,A#,Minor,A# Minor,Moderato,0,0,0,0,0,0,0,0,1,0,0,0,1,1,0,0,0
nickelback,rockstar,False,2005,0.69,0.616,0.91,0.865,0.0386,0.0459,0.0,0.343,0.693,144,4.12,C,Major,C Major,Veloce (Allegro),0,0,0,0,0,0,0,0,0,0,0,1,0,0,1,0,0
fall out boy,thnks fr th mmrs,False,2007,0.76,0.459,0.891,0.764,0.0623,0.00511,0.0,0.106,0.588,155,3.23,A#,Minor,A# Minor,Veloce (Allegro),0,0,0,0,0,0,0,0,0,0,0,0,0,0,1,0,0
justin timberlake,lovestoned / i think she knows (interlude),True,2006,0.57,0.859,0.681,0.705,0.0549,0.34,0.000161,0.213,0.852,121,7.24,C#,Major,C# Major,Veloce (Allegro),0,0,0,0,0,0,0,0,0,0,0,0,1,0,0,0,0
all time low,"dear maria, count me in",False,2007,0.76,0.459,0.895,0.859,0.0805,0.00725,0.0,0.206,0.572,181,3.02,D,Major,D Major,Frenetico (Presto),0,0,0,0,0,0,0,0,0,0,0,0,0,0,1,0,0
amy winehouse,back to black,True,2006,0.76,0.403,0.422,0.324,0.0373,0.134,2.05e-05,0.0861,0.378,123,4.01,G,Minor,G Minor,Veloce (Allegro),0,0,0,0,0,0,0,0,0,0,0,0,0,1,0,0,0
keyshia cole,let it go,False,2007,0.58,0.808,0.721,0.758,0.213,0.197,0.0,0.205,0.773,95,3.58,C#,Major,C# Major,Moderato,0,0,0,0,0,0,0,0,1,0,0,0,1,1,0,0,0
ciara,promise,False,2006,0.56,0.697,0.629,0.729,0.0425,0.409,3.8e-06,0.0819,0.439,123,4.27,A,Major,A Major,Veloce (Allegro),0,0,0,0,0,0,0,0,0,0,0,0,1,1,0,0,0
enrique iglesias,do you know? (the ping pong song),False,2007,0.45,0.753,0.759,0.775,0.0487,0.0523,0.0,0.0263,0.706,115,3.39,G#,Major,G# Major,Allegretto,0,0,0,0,0,0,0,0,0,0,1,0,1,0,0,0,0
t2,heartbroken - edit,False,2017,0.59,0.716,0.757,0.745,0.0329,0.0258,0.00392,0.16,0.877,140,2.58,B,Minor,B Minor,Veloce (Allegro),0,0,0,0,1,0,1,0,0,0,0,0,0,0,0,0,0
robyn,with every heartbeat,False,2005,0.36,0.477,0.865,0.793,0.0395,0.00877,4.52e-05,0.271,0.413,121,4.14,E,Minor,E Minor,Veloce (Allegro),0,0,0,0,1,0,1,0,0,0,0,0,1,0,0,0,0
maroon 5,makes me wonder,True,2007,0.62,0.803,0.851,0.894,0.0357,0.00485,0.000358,0.0577,0.881,114,3.31,G,Major,G Major,Allegretto,0,0,0,0,0,0,0,0,0,0,0,0,1,0,0,0,0
fall out boy,"this ain't a scene, it's an arms race",False,2007,0.68,0.435,0.887,0.813,0.0636,0.000747,0.0,0.0327,0.408,200,3.32,A,Major,A Major,Frenetico (Presto),0,0,0,0,0,0,0,0,0,0,0,0,0,0,1,0,0
paramore,misery business,False,2007,0.72,0.517,0.906,0.832,0.0735,0.00272,9.26e-06,0.113,0.731,173,3.31,C#,Major,C# Major,Vivace,0,0,0,0,0,0,0,0,0,0,0,0,1,0,1,0,0
hinder,better than me,False,2019,0.3,0.451,0.682,0.752,0.029,0.205,0.0,0.175,0.254,140,3.43,D,Minor,D Minor,Veloce (Allegro),0,0,0,0,0,0,0,0,0,0,0,1,1,0,1,0,0
huey,"pop, lock & drop it - video edit",False,2006,0.52,0.723,0.644,0.675,0.222,0.00308,0.0,0.352,0.645,144,4.21,B,Minor,B Minor,Veloce (Allegro),0,0,0,0,0,0,0,0,1,0,0,0,1,0,0,0,0
foo fighters,the pretender,False,2007,0.78,0.433,0.959,0.814,0.0431,0.000917,0.0,0.028,0.365,173,4.29,A,Major,A Major,Vivace,0,0,0,0,0,0,0,0,0,0,0,1,0,0,1,0,0
plies,shawty (feat. t pain),True,2007,0.61,0.444,0.708,0.721,0.126,0.0419,0.0,0.0775,0.26,105,4.15,E,Minor,E Minor,Moderato,0,0,0,0,0,0,0,0,1,0,0,0,1,1,0,0,0
kaiser chiefs,ruby,False,2007,0.67,0.451,0.939,0.874,0.0512,0.00673,4.85e-06,0.0774,0.448,93,3.24,F,Minor,F Minor,Moderato,0,0,0,0,0,0,0,0,0,0,0,0,0,0,1,0,0
mark ronson,stop me (feat. daniel merriweather),False,2007,0.46,0.626,0.906,0.799,0.0403,0.00128,8.52e-06,0.137,0.346,118,3.52,C,Major,C Major,Allegretto,0,0,0,0,0,0,0,0,0,0,0,0,1,0,0,0,0
bow wow,outta my system (feat. t-pain & johntá austin),False,2006,0.57,0.772,0.59,0.67,0.183,0.0917,0.0,0.101,0.743,84,3.58,F#,Major,F# Major,Moderato,0,0,0,0,0,0,0,0,1,0,0,0,1,1,0,0,0
jim jones,we fly high,True,2006,0.0,0.685,0.8,0.689,0.298,0.0847,0.0,0.092,0.483,120,3.56,C#,Major,C# Major,Allegretto,0,0,0,0,0,0,0,0,1,0,0,0,1,0,0,0,0
red jumpsuit apparatus,face down,False,2006,0.74,0.545,0.932,0.905,0.0399,0.000665,0.0,0.127,0.464,93,3.12,G,Minor,G Minor,Moderato,0,0,0,0,0,0,0,0,0,0,0,0,1,0,0,0,0
mika,grace kelly,False,2006,0.69,0.675,0.828,0.727,0.0454,0.0242,0.0102,0.364,0.669,122,3.07,C,Major,C Major,Veloce (Allegro),0,0,0,0,0,0,0,0,0,0,0,0,1,0,0,0,0
christina aguilera,candyman,False,2006,0.66,0.686,0.789,0.781,0.23,0.0125,0.0147,0.142,0.72,173,3.14,G#,Minor,G# Minor,Vivace,0,0,0,0,0,0,0,0,0,0,0,0,1,0,0,0,0
sean kingston,beautiful girls,False,2007,0.78,0.762,0.661,0.713,0.0687,0.15,0.0,0.256,0.769,130,3.45,C#,Minor,C# Minor,Veloce (Allegro),0,0,0,0,0,0,0,0,1,0,0,0,1,1,0,0,0
akon,don't matter,True,2006,0.52,0.801,0.454,0.715,0.0371,0.225,0.0,0.226,0.34,125,4.53,D,Major,D Major,Veloce (Allegro),0,0,0,0,0,0,0,0,0,0,0,0,1,0,0,0,0
james blunt,1973,False,2007,0.68,0.72,0.668,0.622,0.0269,0.0652,0.00664,0.0789,0.768,123,4.4,A,Major,A Major,Veloce (Allegro),0,0,0,0,0,0,0,0,0,0,0,0,1,0,0,0,0
carrie underwood,before he cheats,False,2005,0.76,0.519,0.749,0.85,0.0405,0.271,0.0,0.119,0.29,148,3.19,F#,Minor,F# Minor,Veloce (Allegro),0,0,0,1,0,0,0,0,0,0,0,0,1,0,0,0,0
just jack,starz in their eyes,False,2006,0.52,0.67,0.8,0.681,0.0652,0.00184,0.000356,0.466,0.656,124,4.55,D#,Major,D# Major,Veloce (Allegro),0,0,0,0,1,0,1,0,0,0,0,0,0,0,0,0,0
t-pain,buy u a drank (shawty snappin') (feat. yung joc),False,2007,0.02,0.451,0.55,0.612,0.262,0.0108,0.0,0.0737,0.594,80,3.47,C#,Major,C# Major,Moderato,0,0,0,0,0,0,0,0,1,0,0,0,1,1,0,0,0
bone thugs-n-harmony,i tried,True,2007,0.61,0.727,0.71,0.71,0.0742,0.0104,0.0,0.107,0.378,82,4.47,E,Major,E Major,Moderato,0,0,0,0,0,0,0,0,1,0,0,0,1,0,0,0,0
avril lavigne,when you're gone,False,2007,0.68,0.457,0.719,0.82,0.0323,0.191,0.0,0.228,0.168,142,4.0,E,Minor,E Minor,Veloce (Allegro),0,0,0,0,0,0,0,0,0,0,0,0,1,0,0,0,0
rich boy,throw some d's,True,2007,0.57,0.697,0.86,0.758,0.43,0.0368,0.0,0.0721,0.433,161,4.23,B,Major,B Major,Vivace,0,0,0,0,0,0,0,0,1,0,0,0,1,0,0,0,0
mika,love today,False,2006,0.57,0.673,0.913,0.768,0.0664,0.0304,0.00298,0.113,0.587,124,3.55,E,Major,E Major,Veloce (Allegro),0,0,0,0,0,0,0,0,0,0,0,0,1,0,0,0,0
manic street preachers,your love alone is not enough (feat. nina persson),False,2007,0.53,0.344,0.921,0.863,0.0459,0.00143,1.13e-05,0.38,0.396,127,3.55,D,Major,D Major,Veloce (Allegro),0,0,0,0,0,0,0,0,0,0,0,0,1,0,1,0,0
elliott yamin,wait for you,False,2007,0.58,0.764,0.487,0.681,0.0281,0.25,0.0,0.184,0.352,116,4.21,C,Major,C Major,Allegretto,0,0,0,0,0,0,0,0,0,0,0,0,1,1,0,0,0
wyclef jean,"sweetest girl (dollar bill) (feat. akon, lil' wayne & niia)",False,2007,0.56,0.733,0.744,0.84,0.0553,0.0772,0.0,0.341,0.529,93,4.01,C#,Major,C# Major,Moderato,0,0,0,0,0,0,0,0,1,0,0,0,0,1,0,0,0
boys like girls,the great escape,False,2007,0.62,0.423,0.94,0.815,0.0635,0.00166,0.0,0.178,0.505,150,3.26,C#,Minor,C# Minor,Veloce (Allegro),0,0,0,0,0,0,0,0,0,0,0,0,1,0,0,0,0
take that,rule the world - radio edit,False,2007,0.58,0.357,0.774,0.805,0.034,0.0376,0.0,0.348,0.348,164,3.57,D,Major,D Major,Vivace,0,0,0,0,0,0,0,0,0,0,0,0,1,0,0,0,0
j. holiday,bed,False,2007,0.64,0.684,0.606,0.655,0.0504,0.17,0.0,0.058,0.723,128,4.35,F,Minor,F Minor,Veloce (Allegro),0,0,0,0,1,0,1,0,1,0,0,0,1,1,0,0,0
red hot chili peppers,snow (hey oh),False,2006,0.79,0.427,0.9,0.832,0.0499,0.116,1.75e-05,0.119,0.599,105,5.34,B,Major,B Major,Moderato,0,0,0,0,0,0,0,0,0,0,0,0,0,0,1,0,0
ludacris,runaway love,True,2006,0.51,0.405,0.721,0.669,0.283,0.329,0.0,0.252,0.815,93,4.4,C#,Major,C# Major,Moderato,0,0,0,0,0,0,0,0,1,0,0,0,1,0,0,0,0
flo rida,low (feat. t-pain),False,2008,0.8,0.918,0.609,0.735,0.0791,0.0928,0.0,0.139,0.304,128,3.51,A#,Minor,A# Minor,Veloce (Allegro),0,0,0,0,0,0,0,0,1,0,0,0,1,0,0,0,0
katy perry,i kissed a girl,False,2008,0.73,0.699,0.76,0.857,0.0677,0.00223,0.0,0.132,0.696,130,2.59,F,Major,F Major,Veloce (Allegro),0,0,0,0,0,0,0,0,0,0,0,0,1,0,0,0,0
rihanna,take a bow,False,2008,0.74,0.697,0.467,0.641,0.0715,0.248,0.0,0.0941,0.572,82,3.49,A,Major,A Major,Moderato,0,0,0,0,0,0,0,0,1,0,0,0,1,1,0,0,0
alicia keys,no one,False,2007,0.77,0.644,0.549,0.746,0.0285,0.0209,8.85e-06,0.134,0.167,90,4.13,C#,Minor,C# Minor,Moderato,0,0,0,0,0,0,0,0,0,0,0,0,1,1,0,0,0
timbaland,apologize,False,2007,0.74,0.653,0.604,0.716,0.0278,0.0292,0.0,0.097,0.101,118,3.04,G#,Major,G# Major,Allegretto,0,0,0,0,0,0,0,0,1,0,0,0,1,1,0,0,0
ne-yo,miss independent,False,2008,0.71,0.668,0.673,0.731,0.145,0.48,0.0,0.194,0.727,172,3.52,C#,Major,C# Major,Vivace,0,0,0,0,0,0,0,0,0,0,0,0,1,1,0,0,0
chris brown,with you,False,2007,0.7,0.662,0.693,0.801,0.0698,0.134,0.0,0.145,0.655,86,4.12,D#,Major,D# Major,Moderato,0,0,0,0,0,0,0,0,1,0,0,0,1,1,0,0,0
beyonce,if i were a boy,False,2008,0.66,0.632,0.518,0.711,0.0313,0.107,0.0,0.354,0.427,90,4.09,F#,Major,F# Major,Moderato,0,0,0,0,0,0,0,0,0,0,0,0,1,1,0,0,0
kardinal offishall,dangerous,True,2008,0.75,0.949,0.79,0.719,0.0756,0.00437,0.0,0.0816,0.807,117,4.06,G#,Major,G# Major,Allegretto,0,0,0,0,0,0,0,0,1,0,0,0,1,1,0,0,0
madcon,beggin (original version),False,2007,0.7,0.715,0.8,0.759,0.057,0.0271,0.0,0.0648,0.445,129,3.36,E,Minor,E Minor,Veloce (Allegro),0,0,0,0,0,0,0,0,1,0,0,0,1,0,0,0,0
september,cry for you,False,2007,0.65,0.767,0.881,0.817,0.0301,0.00133,0.000139,0.0551,0.961,130,3.29,A,Major,A Major,Veloce (Allegro),0,0,0,0,1,0,1,0,0,0,0,0,1,0,0,0,0
rihanna,disturbia,False,2008,0.76,0.707,0.813,0.791,0.0571,0.0863,0.0,0.168,0.722,125,3.58,B,Minor,B Minor,Veloce (Allegro),0,0,0,0,0,0,0,0,1,0,0,0,1,1,0,0,0
guru josh project,infinity 2008,False,2011,0.01,0.493,0.849,0.71,0.0576,0.000337,0.00672,0.355,0.483,128,3.1,G,Minor,G Minor,Veloce (Allegro),0,0,0,0,0,0,0,0,1,0,0,0,0,0,0,0,0
britney spears,break the ice,False,2007,0.61,0.712,0.911,0.823,0.0445,0.689,8.02e-06,0.107,0.85,118,3.16,F,Minor,F Minor,Allegretto,0,0,0,0,0,0,0,0,0,0,0,0,1,0,0,0,0
lil wayne,lollipop,True,2008,0.69,0.829,0.428,0.546,0.0831,0.056,0.00413,0.137,0.45,148,4.59,C,Major,C Major,Veloce (Allegro),0,0,0,0,0,0,0,0,1,0,0,0,1,0,0,0,0
basshunter,now you're gone - video edit,False,2008,0.63,0.639,0.976,0.742,0.354,0.0213,0.0,0.0856,0.354,148,2.28,C#,Major,C# Major,Veloce (Allegro),0,0,0,0,0,0,0,0,0,0,0,0,1,0,0,0,0
kanye west,flashing lights,True,2007,0.52,0.639,0.628,0.639,0.0399,0.0381,0.0,0.386,0.43,90,3.57,F#,Minor,F# Minor,Moderato,0,0,0,0,0,0,0,0,1,0,0,0,0,0,0,0,0
madonna,4 minutes (feat. justin timberlake & timbaland),False,2009,0.71,0.753,0.931,0.77,0.0652,0.00994,0.00696,0.234,0.767,113,3.09,D,Major,D Major,Allegretto,0,0,0,0,0,0,0,0,0,0,0,0,1,0,0,0,0
katy perry,hot n cold,False,2008,0.73,0.706,0.841,0.818,0.0418,7.95e-05,0.0,0.0688,0.861,132,3.4,G,Major,G Major,Veloce (Allegro),0,0,0,0,0,0,0,0,0,0,0,0,1,0,0,0,0
rihanna,don't stop the music,False,2008,0.77,0.835,0.669,0.738,0.0643,0.0336,6.92e-05,0.0535,0.542,123,4.27,F#,Minor,F# Minor,Veloce (Allegro),0,0,0,0,0,0,0,0,1,0,0,0,1,1,0,0,0
snoop dogg,sensual seduction,False,2007,0.56,0.756,0.829,0.817,0.0682,0.003,3.46e-05,0.0578,0.504,120,4.05,B,Major,B Major,Allegretto,0,0,0,0,0,0,0,0,1,0,0,0,1,0,0,0,0
akon,right now (na na na),False,2008,0.69,0.83,0.857,0.806,0.152,0.262,0.0,0.413,0.607,138,4.0,G#,Minor,G# Minor,Veloce (Allegro),0,0,0,0,0,0,0,0,0,0,0,0,1,0,0,0,0
britney spears,womanizer,False,2008,0.76,0.724,0.695,0.755,0.0622,0.073,0.0,0.0889,0.235,139,3.44,B,Major,B Major,Veloce (Allegro),0,0,0,0,0,0,0,0,0,0,0,0,1,0,0,0,0
eric prydz,pjanoo - radio edit,False,2008,0.65,0.605,0.874,0.769,0.0295,0.000563,0.812,0.112,0.836,126,2.37,G,Minor,G Minor,Veloce (Allegro),0,0,0,0,1,0,1,0,0,0,0,0,1,0,0,0,0
kelly rowland,work,False,2010,0.34,0.888,0.823,0.7,0.0538,0.00499,0.0,0.291,0.623,103,3.27,A#,Minor,A# Minor,Moderato,0,0,0,0,0,0,0,0,1,0,0,0,1,1,0,0,0
jeezy,put on,True,2008,0.69,0.654,0.77,0.713,0.0353,0.00342,0.0,0.0887,0.272,138,5.21,A,Minor,A Minor,Veloce (Allegro),0,0,0,0,0,0,0,0,1,0,0,0,1,0,0,0,0
madonna,give it 2 me,False,2008,0.57,0.837,0.954,0.84,0.0414,0.0933,0.000405,0.143,0.972,127,4.47,G#,Minor,G# Minor,Veloce (Allegro),0,0,0,0,0,0,0,0,0,0,0,0,1,0,0,0,0
pussycat dolls,when i grow up,False,2008,0.72,0.671,0.685,0.729,0.05,0.00165,0.0,0.398,0.368,118,4.05,B,Minor,B Minor,Allegretto,0,0,0,0,0,0,0,0,0,0,0,0,1,1,0,0,0
will.i.am,heartbreaker,True,2007,0.46,0.788,0.549,0.579,0.0732,0.0352,0.127,0.147,0.449,120,5.27,A,Minor,A Minor,Allegretto,0,0,0,0,0,0,0,0,1,0,0,0,1,0,0,0,0
soulja boy,crank that (soulja boy),False,2007,0.74,0.736,0.74,0.906,0.0786,0.515,0.0,0.0468,0.803,140,3.41,C,Major,C Major,Veloce (Allegro),0,0,0,0,0,0,0,0,1,0,0,0,1,0,0,0,0
britney spears,piece of me,False,2007,0.64,0.769,0.638,0.764,0.216,0.0902,0.0,0.0857,0.782,115,3.32,B,Major,B Major,Allegretto,0,0,0,0,0,0,0,0,0,0,0,0,1,0,0,0,0
t.i.,live your life,True,2008,0.75,0.375,0.862,0.847,0.255,0.071,0.0,0.211,0.478,160,5.38,B,Minor,B Minor,Vivace,0,0,0,0,0,0,0,0,1,0,0,0,1,0,0,0,0
ne-yo,closer,False,2008,0.65,0.709,0.745,0.696,0.0738,0.0225,5.2e-05,0.154,0.576,126,3.54,E,Minor,E Minor,Veloce (Allegro),0,0,0,0,0,0,0,0,0,0,0,0,1,1,0,0,0
lil wayne,a milli,True,2008,0.69,0.674,0.695,0.587,0.278,0.0387,0.00202,0.194,0.773,151,3.41,F#,Minor,F# Minor,Veloce (Allegro),0,0,0,0,0,0,0,0,1,0,0,0,1,0,0,0,0
colby o'donis,what you got,False,2008,0.61,0.775,0.641,0.682,0.038,0.0327,0.0,0.18,0.305,120,4.03,C#,Major,C# Major,Allegretto,0,0,0,0,0,0,0,0,1,0,0,0,1,1,0,0,0
miley cyrus,see you again,False,2007,0.0,0.692,0.911,0.762,0.177,0.0149,7.34e-05,0.112,0.801,139,3.1,A,Minor,A Minor,Veloce (Allegro),0,0,0,0,0,0,0,0,0,0,0,0,1,0,0,0,0
basshunter,all i ever wanted - radio edit,False,2008,0.65,0.645,0.984,0.665,0.0508,0.164,0.00701,0.164,0.553,145,2.56,E,Major,E Major,Veloce (Allegro),0,0,0,0,0,0,0,0,0,0,0,0,1,0,0,0,0
chris brown,kiss kiss (feat. t-pain),False,2007,0.68,0.729,0.658,0.846,0.225,0.0506,0.0,0.0693,0.551,140,4.1,A#,Minor,A# Minor,Veloce (Allegro),0,0,0,0,0,0,0,0,1,0,0,0,1,1,0,0,0
finger eleven,paralyzer,False,2007,0.73,0.644,0.939,0.841,0.0456,0.157,0.0,0.233,0.861,106,3.28,B,Minor,B Minor,Moderato,0,0,0,0,0,0,0,0,0,0,0,1,0,0,1,0,0
alesha dixon,the boy does nothing,False,2008,0.51,0.632,0.972,0.894,0.121,0.121,7.74e-05,0.0317,0.845,87,3.3,D#,Minor,D# Minor,Moderato,0,0,0,0,0,0,0,0,0,0,0,0,1,0,0,0,0
dizzee rascal,dance wiv me - radio edit,False,2011,0.68,0.878,0.746,0.802,0.0451,0.0476,0.0,0.154,0.792,112,3.24,B,Major,B Major,Allegretto,0,0,0,0,1,0,1,0,1,0,0,0,1,0,0,0,0
gabriella cilmi,sweet about me,False,2008,0.56,0.671,0.701,0.765,0.0288,0.0607,2.7e-06,0.163,0.585,132,3.22,F#,Major,F# Major,Veloce (Allegro),0,0,0,0,0,0,0,0,0,0,0,0,0,1,0,0,0
jack white,another way to die,False,2007,0.56,0.486,0.765,0.805,0.128,0.0239,3.02e-05,0.11,0.386,142,4.22,E,Minor,E Minor,Veloce (Allegro),0,1,0,0,0,0,0,0,0,0,0,0,0,0,1,0,0
plies,hypnotized (feat. akon),True,2007,0.66,0.84,0.571,0.647,0.0797,0.16,0.0,0.406,0.617,117,3.08,A#,Major,A# Major,Allegretto,0,0,0,0,0,0,0,0,1,0,0,0,1,1,0,0,0
pussycat dolls,i hate this part,False,2008,0.64,0.756,0.612,0.798,0.0317,0.0659,0.0,0.274,0.452,112,3.38,F,Major,F Major,Allegretto,0,0,0,0,0,0,0,0,0,0,0,0,1,1,0,0,0
sean kingston,take you there,False,2008,0.65,0.752,0.921,0.8,0.0696,0.0182,0.0,0.256,0.634,115,3.56,F,Minor,F Minor,Allegretto,0,0,0,0,0,0,0,0,1,0,0,0,1,1,0,0,0
natasha bedingfield,pocketful of sunshine,False,2008,0.62,0.726,0.881,0.821,0.0391,0.203,0.0,0.108,0.682,110,3.23,A,Minor,A Minor,Allegretto,0,0,0,0,0,0,0,0,0,0,0,0,1,0,0,0,0
offspring,"you're gonna go far, kid",True,2008,0.78,0.55,0.917,0.858,0.0638,0.00428,0.0,0.197,0.601,126,2.57,C,Major,C Major,Veloce (Allegro),0,0,0,0,0,0,0,0,0,0,0,1,1,0,1,0,0
kanye west,homecoming,True,2007,0.47,0.667,0.747,0.665,0.189,0.337,0.0,0.115,0.918,87,3.23,C#,Major,C# Major,Moderato,0,0,0,0,0,0,0,0,1,0,0,0,0,0,0,0,0
estelle,american boy,True,2008,0.78,0.727,0.729,0.866,0.326,0.171,0.0,0.07,0.512,118,4.44,C,Major,C Major,Allegretto,0,0,0,0,0,0,0,0,0,0,0,0,0,1,0,0,0
saving abel,addicted,True,2008,0.69,0.512,0.864,0.809,0.0338,0.000821,0.0,0.0982,0.527,138,3.42,G,Major,G Major,Veloce (Allegro),0,0,0,0,0,0,0,0,0,0,0,1,0,0,1,0,0
pendulum,propane nightmares,False,2008,0.57,0.356,0.966,0.81,0.0825,0.000262,0.148,0.192,0.215,174,5.13,G,Minor,G Minor,Vivace,0,0,0,0,1,0,1,0,0,0,0,0,0,0,0,0,0
game,my life,True,2008,0.6,0.673,0.766,0.766,0.349,0.0724,0.0,0.0563,0.382,148,5.2,B,Major,B Major,Veloce (Allegro),0,0,0,0,0,0,0,0,1,0,0,0,1,0,0,0,0
danity kane,damaged,False,2008,0.57,0.774,0.653,0.759,0.05,0.0912,0.0,0.151,0.818,120,4.04,G#,Minor,G# Minor,Allegretto,0,0,0,0,0,0,0,0,0,0,0,0,1,1,0,0,0
p!nk,so what,True,2008,0.76,0.534,0.87,0.862,0.0425,0.000334,0.0,0.241,0.462,126,3.35,B,Minor,B Minor,Veloce (Allegro),0,0,0,0,0,0,0,0,0,0,0,0,1,0,0,0,0
kanye west,love lockdown,False,2008,0.66,0.76,0.524,0.635,0.0323,0.0542,0.5,0.112,0.112,120,4.3,C#,Minor,C# Minor,Allegretto,0,0,0,0,0,0,0,0,1,0,0,0,0,0,0,0,0
gym class heroes,cookie jar (feat. the-dream),True,2008,0.54,0.687,0.668,0.813,0.0282,0.0253,0.0,0.744,0.418,113,3.36,F,Major,F Major,Allegretto,0,0,0,0,0,0,0,0,1,0,0,0,1,0,0,0,0
m.i.a.,paper planes,False,2007,0.01,0.447,0.848,0.709,0.222,0.033,7.45e-05,0.65,0.485,172,3.25,D,Major,D Major,Vivace,0,0,0,0,0,0,0,0,0,0,0,0,1,0,1,0,0
3 doors down,it's not my time,False,2008,0.56,0.529,0.934,0.776,0.0602,0.00153,5.16e-06,0.118,0.282,128,4.01,C,Major,C Major,Veloce (Allegro),0,0,0,0,0,0,0,0,0,0,0,1,1,0,1,0,0
kylie minogue,wow,False,2007,0.47,0.654,0.884,0.744,0.202,0.151,0.000268,0.379,0.851,124,3.1,A,Major,A Major,Veloce (Allegro),0,0,0,0,1,0,1,0,0,0,0,0,1,0,0,0,0
mariah carey,touch my body,False,2008,0.0,0.715,0.665,0.631,0.0502,0.0996,0.0,0.224,0.84,79,3.24,E,Minor,E Minor,Moderato,0,0,0,0,0,0,0,0,0,0,0,0,1,1,0,0,0
mgmt,kids,False,2007,0.77,0.451,0.931,0.822,0.0719,0.00076,0.0049,0.361,0.172,123,5.02,A,Major,A Major,Veloce (Allegro),0,0,0,0,0,0,0,0,0,0,0,0,0,0,1,0,0
ting tings,shut up and let me go,False,2007,0.55,0.852,0.927,0.791,0.0581,0.0109,0.00268,0.054,0.887,108,2.51,G,Major,G Major,Moderato,0,0,0,0,1,0,1,0,0,0,0,0,1,0,1,0,0
lil wayne,got money,True,2008,0.58,0.694,0.661,0.774,0.118,0.00188,0.0,0.676,0.702,82,4.04,G,Major,G Major,Moderato,0,0,0,0,0,0,0,0,1,0,0,0,1,0,0,0,0
santana,into the night (feat. chad kroeger),False,2007,0.57,0.595,0.844,0.782,0.0331,0.0137,0.0,0.234,0.603,128,3.42,G,Major,G Major,Veloce (Allegro),0,1,0,0,0,0,0,0,0,0,1,0,0,0,1,0,0
the-dream,i luv your girl,True,2007,0.62,0.723,0.322,0.534,0.0341,0.014,0.0,0.119,0.0406,90,4.27,G#,Major,G# Major,Moderato,0,0,0,0,0,0,0,0,1,0,0,0,1,1,0,0,0
wiley,wearing my rolex - radio edit,False,2008,0.59,0.876,0.716,0.673,0.135,0.0468,0.000482,0.0667,0.755,132,2.5,C#,Major,C# Major,Veloce (Allegro),0,0,0,0,1,0,1,0,1,0,0,0,0,0,0,0,0
usher,love in this club (feat. young jeezy),False,2008,0.71,0.573,0.712,0.718,0.0732,0.0572,0.0,0.167,0.346,140,4.19,C,Major,C Major,Veloce (Allegro),0,0,0,0,0,0,0,0,1,0,0,0,1,1,0,0,0
sam sparro,black & gold - radio edit,False,2008,0.53,0.383,0.703,0.734,0.0763,0.00116,2.39e-05,0.112,0.42,136,3.32,E,Minor,E Minor,Veloce (Allegro),0,0,0,0,1,0,1,0,0,0,0,0,1,0,0,0,0
"h ""two"" o",what's it gonna be (feat. platnum),False,2008,0.55,0.733,0.9,0.779,0.0341,0.0085,0.0218,0.151,0.937,140,3.27,A,Major,A Major,Veloce (Allegro),0,0,0,0,1,0,1,0,0,0,0,0,0,0,0,0,0
ting tings,that's not my name,False,2008,0.51,0.755,0.901,0.858,0.0893,0.0451,0.0373,0.363,0.959,145,5.1,A,Major,A Major,Veloce (Allegro),0,0,0,0,1,0,1,0,0,0,0,0,1,0,1,0,0
plies,"bust it baby, pt. 2 (feat. ne-yo)",True,2008,0.61,0.648,0.801,0.656,0.167,0.154,0.0,0.339,0.807,79,4.0,F,Minor,F Minor,Moderato,0,0,0,0,0,0,0,0,1,0,0,0,1,1,0,0,0
james morrison,broken strings,False,2008,0.7,0.57,0.717,0.771,0.029,0.00967,0.0,0.0833,0.321,112,4.1,C#,Major,C# Major,Allegretto,0,0,0,0,0,0,0,0,0,0,0,0,1,1,0,0,0
leona lewis,run,False,2007,0.62,0.285,0.462,0.709,0.0291,0.428,5.61e-06,0.122,0.0923,142,5.14,F,Minor,F Minor,Veloce (Allegro),0,0,0,0,0,0,0,0,0,0,0,0,1,1,0,0,0
metro station,shake it,False,2007,0.67,0.618,0.955,0.824,0.0798,0.00221,3.09e-06,0.486,0.79,150,2.59,E,Major,E Major,Veloce (Allegro),0,0,0,0,0,0,0,0,0,0,0,0,1,0,1,0,0
t.i.,whatever you like,True,2008,0.74,0.68,0.687,0.709,0.0709,0.0161,0.0,0.261,0.467,150,4.09,A,Minor,A Minor,Veloce (Allegro),0,0,0,0,0,0,0,0,1,0,0,0,1,0,0,0,0
trey songz,can't help but wait,False,2007,0.62,0.699,0.699,0.739,0.0737,0.358,0.0,0.0912,0.611,95,3.26,G#,Minor,G# Minor,Moderato,0,0,0,0,0,0,0,0,1,0,0,0,1,1,0,0,0
onerepublic,stop and stare,False,2007,0.59,0.492,0.859,0.802,0.0332,0.0659,0.0,0.0756,0.251,92,3.43,E,Major,E Major,Moderato,0,0,0,0,0,0,0,0,0,0,0,0,1,0,0,0,0
alexandra burke,hallelujah,False,2009,0.63,0.177,0.425,0.707,0.0291,0.654,0.0,0.195,0.0942,183,3.37,D,Minor,D Minor,Frenetico (Presto),0,0,0,0,0,0,0,0,0,0,0,0,1,0,0,0,0
mary j. blige,just fine,False,2007,0.64,0.923,0.795,0.835,0.117,0.0394,0.000565,0.101,0.588,123,4.02,B,Minor,B Minor,Veloce (Allegro),0,0,0,0,0,0,0,0,0,0,0,0,1,1,0,0,0
jordin sparks,one step at a time,False,2007,0.56,0.766,0.692,0.783,0.0289,0.0825,0.0,0.0384,0.691,102,3.25,C#,Major,C# Major,Moderato,0,0,0,0,0,0,0,0,0,0,0,0,1,1,0,0,0
coldplay,viva la vida,False,2008,0.8,0.486,0.617,0.662,0.0287,0.0954,3.23e-06,0.109,0.417,138,4.02,F,Minor,F Minor,Veloce (Allegro),0,0,0,0,0,0,0,0,0,0,0,0,1,0,1,0,0
kings of leon,sex on fire,False,2008,0.8,0.542,0.905,0.734,0.054,0.00172,0.0104,0.136,0.374,153,3.23,A,Major,A Major,Veloce (Allegro),0,0,0,0,0,0,0,0,0,0,0,0,0,0,1,0,0
kanye west,good life,True,2007,0.45,0.439,0.808,0.674,0.346,0.00305,0.0,0.439,0.487,83,3.27,C#,Major,C# Major,Moderato,0,0,0,0,0,0,0,0,1,0,0,0,0,0,0,0,0
duffy,mercy,False,2008,0.69,0.793,0.859,0.827,0.0332,0.266,0.000356,0.133,0.964,130,3.39,C,Major,C Major,Veloce (Allegro),0,0,0,0,0,0,0,0,0,0,0,0,1,1,0,0,0
david archuleta,crush,False,2008,0.67,0.57,0.664,0.781,0.0322,0.00836,1.2e-05,0.0719,0.487,162,3.33,C,Minor,C Minor,Vivace,0,0,0,0,0,0,0,0,0,0,0,0,1,0,0,0,0
j. holiday,suffocate - superclean,False,2007,0.58,0.458,0.445,0.599,0.361,0.64,0.0,0.118,0.447,83,3.4,A,Minor,A Minor,Moderato,0,0,0,0,1,0,1,0,1,0,0,0,1,1,0,0,0
gavin degraw,in love with a girl,False,2008,0.51,0.438,0.906,0.776,0.0438,0.0191,0.0,0.373,0.684,162,3.26,D#,Major,D# Major,Vivace,1,0,0,0,0,0,0,1,0,0,0,0,1,0,0,0,0
jordin sparks,tattoo,False,2007,0.54,0.566,0.766,0.765,0.0399,0.431,0.0,0.101,0.547,168,3.53,D,Major,D Major,Vivace,0,0,0,0,0,0,0,0,0,0,0,0,1,1,0,0,0
coldplay,violet hill,False,2008,0.63,0.33,0.58,0.625,0.0374,0.0614,0.00129,0.115,0.11,76,3.42,C#,Minor,C# Minor,Lento (Adagio),0,0,0,0,0,0,0,0,0,0,0,0,1,0,1,0,0
ray j,sexy can i feat. yung berg,True,2008,0.01,0.575,0.684,0.717,0.325,0.299,0.0,0.614,0.926,172,3.24,C#,Major,C# Major,Vivace,0,0,0,0,0,0,0,0,1,0,0,0,1,1,0,0,0
jennifer hudson,spotlight,False,2008,0.6,0.707,0.724,0.822,0.051,0.0448,0.0,0.072,0.659,109,4.1,B,Minor,B Minor,Allegretto,0,0,0,0,0,1,0,0,0,0,0,0,1,1,0,0,0
john legend,green light (feat. andré 3000),False,2008,0.55,0.622,0.882,0.737,0.119,0.0912,0.0,0.216,0.762,78,4.44,A,Minor,A Minor,Moderato,0,0,0,0,0,0,0,0,0,0,0,0,1,1,0,0,0
jonas brothers,burnin' up,False,2008,0.68,0.667,0.954,0.843,0.0817,0.0296,0.0,0.331,0.807,114,2.55,D,Major,D Major,Allegretto,0,0,0,0,0,0,0,0,0,0,0,0,1,0,0,0,0
lupe fiasco,superstar (feat. matthew santos),False,2007,0.64,0.572,0.822,0.716,0.361,0.207,0.0,0.359,0.472,95,4.49,B,Minor,B Minor,Moderato,0,0,0,0,0,0,0,0,1,0,0,0,1,0,0,0,0
chris brown,forever,False,2008,0.74,0.672,0.82,0.793,0.0459,0.0368,0.000188,0.184,0.438,120,4.38,B,Major,B Major,Allegretto,0,0,0,0,0,0,0,0,1,0,0,0,1,1,0,0,0
adele,chasing pavements,False,2008,0.01,0.614,0.47,0.713,0.0255,0.291,0.0,0.111,0.329,80,3.3,F,Minor,F Minor,Moderato,0,0,0,0,0,0,0,0,0,0,0,0,1,1,0,0,0
leona lewis,better in time,False,2007,0.67,0.584,0.7,0.804,0.0506,0.512,2.43e-05,0.13,0.549,164,3.54,F#,Major,F# Major,Vivace,0,0,0,0,0,0,0,0,0,0,0,0,1,1,0,0,0
fergie,clumsy,False,2006,0.58,0.731,0.563,0.814,0.131,0.191,0.00042,0.296,0.452,184,4.0,D,Major,D Major,Frenetico (Presto),0,0,0,0,0,0,0,0,0,0,0,0,1,1,0,0,0
t-pain,can't believe it (feat. lil' wayne),False,2008,0.0,0.648,0.516,0.575,0.049,0.00179,0.0,0.0772,0.0756,90,4.33,A#,Minor,A# Minor,Moderato,0,0,0,0,0,0,0,0,1,0,0,0,1,1,0,0,0
black eyed peas,i gotta feeling,False,2009,0.8,0.743,0.766,0.699,0.0265,0.0873,0.0,0.509,0.61,128,4.49,C,Major,C Major,Veloce (Allegro),0,0,0,0,0,0,0,0,1,0,0,0,1,0,0,0,0
lady gaga,poker face,False,2008,0.77,0.851,0.806,0.785,0.0787,0.118,1.64e-06,0.121,0.787,119,3.57,E,Major,E Major,Allegretto,0,0,0,0,0,0,0,0,0,0,0,0,1,0,0,0,0
beyonce,halo,False,2008,0.74,0.508,0.72,0.722,0.0628,0.272,0.0,0.0563,0.472,80,4.21,B,Minor,B Minor,Moderato,0,0,0,0,0,0,0,0,0,0,0,0,1,1,0,0,0
david guetta,sexy bitch (feat. akon),True,2010,0.75,0.813,0.627,0.766,0.0486,0.0771,0.000616,0.131,0.801,130,3.15,B,Minor,B Minor,Veloce (Allegro),0,0,0,0,1,0,1,0,1,0,0,0,1,0,0,0,0
flo rida,right round,False,2009,0.74,0.72,0.672,0.675,0.0551,0.009,0.0,0.232,0.705,125,3.24,G,Major,G Major,Veloce (Allegro),0,0,0,0,0,0,0,0,1,0,0,0,1,0,0,0,0
taylor swift,love story,False,2008,0.74,0.617,0.741,0.817,0.0311,0.131,0.0,0.0772,0.306,119,3.56,D,Major,D Major,Allegretto,0,0,0,0,0,0,0,0,0,0,0,0,1,0,0,0,0
pitbull,hotel room service,False,2009,0.63,0.849,0.599,0.61,0.227,0.00301,0.000249,0.0763,0.761,126,3.58,F#,Major,F# Major,Veloce (Allegro),0,0,0,0,0,0,0,0,1,0,1,0,1,0,0,0,0
britney spears,circus,False,2008,0.74,0.791,0.733,0.756,0.052,0.147,0.000381,0.0713,0.761,115,3.12,F#,Minor,F# Minor,Allegretto,0,0,0,0,0,0,0,0,0,0,0,0,1,0,0,0,0
lady gaga,lovegame,False,2008,0.69,0.894,0.678,0.736,0.0523,0.00569,2.43e-06,0.317,0.844,105,3.36,F#,Minor,F# Minor,Moderato,0,0,0,0,0,0,0,0,0,0,0,0,1,0,0,0,0
skillet,monster,False,2009,0.75,0.64,0.957,0.898,0.0741,0.0431,0.0,0.0789,0.692,135,2.58,G#,Major,G# Major,Veloce (Allegro),0,0,0,0,0,0,0,0,0,0,0,1,1,0,1,0,0
prodigy,omen,False,2009,0.57,0.545,0.953,0.758,0.0441,0.000941,0.117,0.281,0.558,140,3.36,G,Major,G Major,Veloce (Allegro),0,0,0,0,1,0,1,0,0,0,0,0,1,0,1,0,0
black eyed peas,meet me halfway,False,2009,0.72,0.798,0.629,0.675,0.0735,0.00474,2.17e-05,0.324,0.4,130,4.44,B,Minor,B Minor,Veloce (Allegro),0,0,0,0,0,0,0,0,1,0,0,0,1,0,0,0,0
kanye west,heartless,False,2008,0.82,0.79,0.647,0.718,0.136,0.0515,0.0,0.248,0.654,88,3.31,A#,Minor,A# Minor,Moderato,0,0,0,0,0,0,0,0,1,0,0,0,0,0,0,0,0
kid cudi,day 'n' nite (nightmare),False,2009,0.72,0.88,0.443,0.699,0.0653,0.462,7.13e-06,0.122,0.803,138,3.41,B,Minor,B Minor,Veloce (Allegro),0,0,0,0,0,0,0,0,1,0,0,0,0,0,0,0,0
lady gaga,just dance,False,2008,0.76,0.822,0.739,0.789,0.0311,0.0264,4.26e-05,0.181,0.745,119,4.01,C#,Minor,C# Minor,Allegretto,0,0,0,0,0,0,0,0,0,0,0,0,1,0,0,0,0
britney spears,if u seek amy,False,2008,0.69,0.717,0.587,0.653,0.0339,0.0192,0.0,0.0523,0.544,130,3.36,E,Minor,E Minor,Veloce (Allegro),0,0,0,0,0,0,0,0,0,0,0,0,1,0,0,0,0
pitbull,i know you want me (calle ocho),False,2009,0.59,0.825,0.743,0.717,0.149,0.0142,2.12e-05,0.237,0.8,127,3.57,D,Major,D Major,Veloce (Allegro),0,0,0,0,0,0,0,0,1,0,1,0,1,0,0,0,0
mariah carey,obsessed,False,2009,0.66,0.742,0.468,0.739,0.0625,0.0465,0.0,0.826,0.369,86,4.02,A#,Minor,A# Minor,Moderato,0,0,0,0,0,0,0,0,0,0,0,0,1,1,0,0,0
beyonce,sweet dreams,False,2008,0.48,0.694,0.825,0.718,0.111,0.0895,1.86e-05,0.0618,0.788,122,3.28,C#,Major,C# Major,Veloce (Allegro),0,0,0,0,0,0,0,0,0,0,0,0,1,1,0,0,0
agnes,release me,False,2009,0.65,0.621,0.923,0.859,0.0321,0.00645,7.28e-05,0.108,0.716,128,4.16,D,Minor,D Minor,Veloce (Allegro),0,0,0,0,1,0,1,0,0,0,0,0,1,0,0,0,0
black eyed peas,boom boom pow,True,2009,0.68,0.867,0.857,0.723,0.0663,0.13,0.00171,0.13,0.402,130,4.11,A,Major,A Major,Veloce (Allegro),0,0,0,0,0,0,0,0,1,0,0,0,1,0,0,0,0
shakira,she wolf,False,2009,0.68,0.865,0.69,0.646,0.0443,0.285,0.0162,0.225,0.867,122,3.08,G,Major,G Major,Veloce (Allegro),0,0,0,0,0,0,0,0,0,0,1,0,1,0,0,0,0
lady gaga,paparazzi,False,2008,0.7,0.762,0.692,0.817,0.0438,0.113,0.0,0.094,0.397,115,3.28,F,Minor,F Minor,Allegretto,0,0,0,0,0,0,0,0,0,0,0,0,1,0,0,0,0
jay-z,empire state of mind,True,2009,0.82,0.491,0.956,0.938,0.392,0.0295,0.0,0.46,0.811,174,4.36,B,Major,B Major,Vivace,0,0,0,0,0,0,0,0,1,0,0,0,0,0,0,0,0
onerepublic,all the right moves,False,2009,0.65,0.529,0.948,0.839,0.0474,0.258,9.35e-06,0.283,0.65,146,3.58,C,Major,C Major,Veloce (Allegro),0,0,0,0,0,0,0,0,0,0,0,0,1,0,0,0,0
jeremih,birthday sex,False,2009,0.67,0.677,0.523,0.737,0.0439,0.295,0.0,0.15,0.446,60,3.46,G,Minor,G Minor,Lento (Adagio),0,0,0,0,0,0,0,0,1,0,0,0,1,1,0,0,0
cascada,evacuate the dancefloor,False,2009,0.63,0.762,0.702,0.724,0.0432,0.0167,0.0,0.314,0.898,127,3.27,C,Major,C Major,Veloce (Allegro),0,0,0,0,1,0,1,0,1,0,0,0,1,0,0,0,0
linkin park,new divide,False,2009,0.68,0.493,0.808,0.847,0.0362,0.000235,0.0,0.0983,0.38,118,4.28,F,Minor,F Minor,Allegretto,0,0,0,0,0,0,0,0,0,0,0,1,0,0,1,0,0
kevin rudolf,let it rock,True,2008,0.66,0.607,0.783,0.796,0.0397,0.000683,0.0,0.0678,0.434,113,3.51,G,Major,G Major,Allegretto,0,0,0,0,0,0,0,0,1,0,0,0,1,0,0,0,0
jay-z,run this town,True,2009,0.75,0.632,0.924,0.925,0.29,0.281,0.0,0.263,0.441,87,4.27,C#,Major,C# Major,Moderato,0,0,0,0,0,0,0,0,1,0,0,0,0,0,0,0,0
lady gaga,bad romance,True,2009,0.8,0.696,0.921,0.828,0.0363,0.00314,5.24e-05,0.0842,0.714,119,4.54,C,Major,C Major,Allegretto,0,0,0,0,0,0,0,0,0,0,0,0,1,0,0,0,0
t.i.,live your life,True,2008,0.75,0.375,0.862,0.847,0.255,0.071,0.0,0.211,0.478,160,5.38,B,Minor,B Minor,Vivace,0,0,0,0,0,0,0,0,1,0,0,0,1,0,0,0,0
eminem,we made you,False,2009,0.63,0.924,0.853,0.954,0.0792,0.107,1.45e-06,0.129,0.67,114,4.29,D,Major,D Major,Allegretto,0,0,0,0,0,0,0,0,1,0,0,0,0,0,0,0,0
dizzee rascal,bonkers,False,2011,0.38,0.624,0.977,0.849,0.22,0.00615,0.0,0.253,0.74,126,2.57,B,Minor,B Minor,Veloce (Allegro),0,0,0,0,1,0,1,0,1,0,0,0,1,0,0,0,0
ciara,love sex magic (feat. justin timberlake),False,2009,0.58,0.893,0.666,0.762,0.138,0.0206,0.0,0.342,0.874,107,3.4,A#,Minor,A# Minor,Moderato,0,0,0,0,0,0,0,0,0,0,0,0,1,1,0,0,0
rihanna,russian roulette,True,2009,0.64,0.48,0.486,0.729,0.0447,0.046,0.0,0.107,0.265,80,3.47,F#,Minor,F# Minor,Moderato,0,0,0,0,0,0,0,0,1,0,0,0,1,1,0,0,0
soulja boy,turn my swag on,False,2008,0.59,0.546,0.712,0.86,0.0269,0.000969,0.0,0.406,0.489,150,3.26,D#,Minor,D# Minor,Veloce (Allegro),0,0,0,0,0,0,0,0,1,0,0,0,1,0,0,0,0
xx,intro,False,2009,0.02,0.617,0.778,0.575,0.027,0.459,0.925,0.128,0.152,100,2.07,A,Minor,A Minor,Moderato,0,0,0,0,0,0,0,0,0,0,0,0,0,0,1,0,0
jay sean,down,False,2009,0.03,0.657,0.695,0.792,0.0321,0.0108,0.0,0.0822,0.683,66,3.32,D,Major,D Major,Lento (Adagio),0,0,0,0,0,0,0,0,1,0,0,0,1,1,0,0,0
keri hilson,turnin me on - original dirty,True,2008,0.41,0.661,0.584,0.762,0.061,0.00293,4.82e-06,0.134,0.0949,160,4.08,C#,Major,C# Major,Vivace,0,0,0,0,0,0,0,0,0,0,0,0,1,1,0,0,0
david guetta,when love takes over (feat. kelly rowland),False,2010,0.69,0.675,0.862,0.786,0.0253,0.0165,0.000427,0.169,0.498,130,3.11,B,Major,B Major,Veloce (Allegro),0,0,0,0,1,0,1,0,1,0,0,0,1,0,0,0,0
cheryl,fight for this love,False,2009,0.65,0.739,0.741,0.723,0.0912,0.013,0.0,0.0679,0.727,123,3.43,G,Major,G Major,Veloce (Allegro),0,0,0,0,1,0,1,0,0,0,0,0,1,0,0,0,0
soulja boy,kiss me thru the phone,True,2008,0.76,0.758,0.712,0.827,0.112,0.0185,0.0,0.0677,0.795,150,3.13,G,Major,G Major,Veloce (Allegro),0,0,0,0,0,0,0,0,1,0,0,0,1,0,0,0,0
eminem,crack a bottle,True,2009,0.7,0.516,0.874,0.887,0.186,0.0864,0.0,0.173,0.391,170,4.57,A,Major,A Major,Vivace,0,0,0,0,0,0,0,0,1,0,0,0,0,0,0,0,0
p!nk,sober,False,2010,0.46,0.614,0.792,0.771,0.0299,0.0653,0.0,0.195,0.407,91,4.11,F#,Major,F# Major,Moderato,0,0,0,0,0,0,0,0,0,0,0,0,1,0,0,0,0
tinchy stryder,number 1,False,2009,0.59,0.581,0.824,0.82,0.0377,0.0105,0.0,0.483,0.747,115,3.32,C,Minor,C Minor,Allegretto,0,0,0,0,1,0,1,0,0,0,0,0,1,0,0,0,0
pixie lott,"mama do (uh oh, uh oh)",False,2009,0.54,0.451,0.873,0.781,0.19,0.171,0.0,0.327,0.589,120,3.16,D#,Minor,D# Minor,Allegretto,0,0,0,0,1,0,1,0,0,0,0,0,1,0,0,0,0
jls,beat again - radio edit,False,2009,0.0,0.894,0.93,0.787,0.0712,0.0355,0.0,0.0759,0.968,120,3.16,B,Major,B Major,Allegretto,0,0,0,0,0,0,0,0,0,0,0,0,1,0,0,0,0
3oh!3,donttrustme,True,2008,0.7,0.791,0.713,0.829,0.254,0.0163,0.0,0.189,0.514,130,3.12,F,Minor,F Minor,Veloce (Allegro),0,0,0,0,0,0,0,0,1,0,0,0,1,0,1,0,0
a.r. rahman,jai ho! (you are my destiny),False,2009,0.65,0.657,0.941,0.82,0.061,0.0476,0.0,0.0797,0.879,136,3.42,G#,Minor,G# Minor,Veloce (Allegro),0,0,0,0,0,0,0,0,0,0,0,0,0,0,0,0,1
pussycat dolls,i hate this part,False,2008,0.64,0.756,0.612,0.798,0.0317,0.0659,0.0,0.274,0.452,112,3.38,F,Major,F Major,Allegretto,0,0,0,0,0,0,0,0,0,0,0,0,1,1,0,0,0
akon,beautiful,False,2008,0.65,0.74,0.945,0.794,0.0889,0.123,0.0,0.112,0.629,130,5.12,C,Minor,C Minor,Veloce (Allegro),0,0,0,0,0,0,0,0,0,0,0,0,1,0,0,0,0
alexandra burke,bad boys (feat. flo rida),False,2009,0.57,0.67,0.866,0.832,0.0538,0.0115,0.0,0.358,0.636,140,3.26,C#,Major,C# Major,Veloce (Allegro),0,0,0,0,0,0,0,0,0,0,0,0,1,0,0,0,0
mario,break up,True,2009,0.51,0.44,0.517,0.65,0.363,0.428,0.0,0.173,0.475,74,4.09,C,Major,C Major,Lento (Adagio),0,0,0,0,0,0,0,0,0,0,0,0,1,1,0,0,0
drake,forever,True,2009,0.73,0.457,0.906,0.901,0.342,0.249,0.0,0.182,0.54,104,5.57,F,Minor,F Minor,Moderato,0,0,0,0,0,0,0,0,1,0,0,0,1,1,0,0,0
selena gomez & the scene,naturally,False,2009,0.63,0.605,0.902,0.747,0.0511,0.0185,1.01e-06,0.0534,0.875,133,3.22,A#,Minor,A# Minor,Veloce (Allegro),0,0,0,0,1,0,1,0,0,0,0,0,1,0,0,0,0
kanye west,love lockdown,False,2008,0.66,0.76,0.524,0.635,0.0323,0.0542,0.5,0.112,0.112,120,4.3,C#,Minor,C# Minor,Allegretto,0,0,0,0,0,0,0,0,1,0,0,0,0,0,0,0,0
veronicas,untouched,False,2005,0.58,0.557,0.783,0.772,0.234,0.0171,0.0172,0.151,0.442,177,4.15,F#,Minor,F# Minor,Frenetico (Presto),0,0,0,0,1,0,1,0,0,0,0,0,1,0,0,0,0
fabolous,throw it in the bag,True,2009,0.59,0.789,0.55,0.647,0.0473,0.174,0.0,0.0614,0.696,172,3.51,B,Minor,B Minor,Vivace,0,0,0,0,0,0,0,0,1,0,0,0,1,1,0,0,0
jason derulo,whatcha say,False,2010,0.7,0.615,0.711,0.742,0.0779,0.0444,0.0,0.145,0.711,144,3.41,B,Major,B Major,Veloce (Allegro),0,0,0,0,0,0,0,0,1,0,0,0,1,0,0,0,0
lily allen,not fair,True,2009,0.54,0.719,0.861,0.669,0.0402,0.0447,0.00989,0.219,0.948,121,3.21,F,Major,F Major,Veloce (Allegro),0,0,0,0,0,0,0,0,0,0,0,0,1,0,0,0,0
t.i.,dead and gone,True,2008,0.68,0.713,0.746,0.767,0.259,0.0402,0.0,0.601,0.47,135,4.59,C,Major,C Major,Veloce (Allegro),0,0,0,0,0,0,0,0,1,0,0,0,1,0,0,0,0
sean kingston,fire burning,False,2009,0.71,0.839,0.804,0.889,0.0329,0.0192,0.0,0.331,0.888,123,3.59,C#,Major,C# Major,Veloce (Allegro),0,0,0,0,0,0,0,0,1,0,0,0,1,1,0,0,0
empire of the sun,walking on a dream,False,2008,0.77,0.871,0.701,0.737,0.0458,0.257,7.52e-06,0.0589,0.716,127,3.18,F,Minor,F Minor,Veloce (Allegro),0,0,0,0,1,0,1,0,0,0,0,0,1,0,1,0,0
cobra starship,good girls go bad (feat. leighton meester),False,2009,0.65,0.594,0.874,0.83,0.0815,0.0116,0.0,0.549,0.628,120,3.16,C,Major,C Major,Allegretto,0,0,0,0,1,0,1,0,0,0,0,0,1,0,0,0,0
nickelback,if today was your last day,False,2008,0.66,0.485,0.911,0.73,0.0355,8.67e-05,0.0,0.092,0.568,90,4.09,D#,Major,D# Major,Moderato,0,0,0,0,0,0,0,0,0,0,0,1,0,0,1,0,0
la roux,bulletproof,False,2009,0.71,0.674,0.882,0.877,0.0477,0.000441,6.47e-05,0.068,0.682,123,3.25,D#,Minor,D# Minor,Veloce (Allegro),0,0,0,0,1,0,1,0,0,0,0,0,1,0,0,0,0
kasabian,fire,False,2009,0.64,0.525,0.742,0.735,0.0311,0.0874,0.149,0.117,0.179,117,4.12,A#,Major,A# Major,Allegretto,0,0,0,0,0,0,0,0,0,0,0,0,0,0,1,0,0
calvin harris,i'm not alone - radio edit,False,2009,0.55,0.597,0.684,0.687,0.0321,0.00481,0.105,0.317,0.435,131,3.3,G,Major,G Major,Veloce (Allegro),0,0,0,0,1,0,1,0,1,0,0,0,1,0,0,0,0
justin bieber,one time,False,2009,0.71,0.691,0.853,0.889,0.0372,0.0631,7.13e-05,0.082,0.762,146,3.35,C#,Minor,C# Minor,Veloce (Allegro),0,0,0,0,0,0,0,0,0,0,0,0,1,0,0,0,0
jamie foxx,blame it,True,2008,0.65,0.673,0.614,0.746,0.103,0.0782,0.0,0.139,0.362,176,4.49,G,Major,G Major,Vivace,0,0,0,0,0,0,0,0,1,0,0,0,1,1,0,0,0
la roux,in for the kill,False,2009,0.59,0.629,0.969,1.0,0.0455,0.00184,0.0,0.122,0.905,150,4.08,G#,Minor,G# Minor,Veloce (Allegro),0,0,0,0,1,0,1,0,0,0,0,0,1,0,0,0,0
muse,uprising,False,2009,0.75,0.602,0.905,0.814,0.0775,0.000202,0.064,0.117,0.411,128,5.04,D,Major,D Major,Veloce (Allegro),0,0,0,0,0,0,0,0,0,0,0,0,0,0,1,0,0
nickelback,gotta be somebody,False,2008,0.62,0.536,0.89,0.756,0.0601,0.000354,0.00165,0.133,0.205,116,4.12,C,Major,C Major,Allegretto,0,0,0,0,0,0,0,0,0,0,0,1,0,0,1,0,0
james morrison,broken strings,False,2008,0.7,0.57,0.717,0.771,0.029,0.00967,0.0,0.0833,0.321,112,4.1,C#,Major,C# Major,Allegretto,0,0,0,0,0,0,0,0,0,0,0,0,1,1,0,0,0
t.i.,whatever you like,True,2008,0.74,0.68,0.687,0.709,0.0709,0.0161,0.0,0.261,0.467,150,4.09,A,Minor,A Minor,Veloce (Allegro),0,0,0,0,0,0,0,0,1,0,0,0,1,0,0,0,0
dizzee rascal,holiday,False,2011,0.6,0.545,0.918,0.919,0.0448,0.0571,0.0,0.0415,0.855,118,3.4,C,Major,C Major,Allegretto,0,0,0,0,1,0,1,0,1,0,0,0,1,0,0,0,0
beyonce,single ladies (put a ring on it),False,2008,0.67,0.426,0.584,0.752,0.296,0.0383,0.0,0.188,0.272,193,3.13,C#,Major,C# Major,Frenetico (Presto),0,0,0,0,0,0,0,0,0,0,0,0,1,1,0,0,0
boys like girls,love drunk,False,2009,0.64,0.44,0.976,0.857,0.141,0.00177,3.39e-06,0.16,0.412,150,3.46,A#,Major,A# Major,Veloce (Allegro),0,0,0,0,0,0,0,0,0,0,0,0,1,0,0,0,0
the-dream,rockin' that shit,True,2009,0.62,0.672,0.62,0.773,0.0422,0.123,0.0,0.362,0.627,78,3.41,G#,Major,G# Major,Moderato,0,0,0,0,0,0,0,0,1,0,0,0,1,1,0,0,0
onerepublic,secrets,False,2009,0.74,0.516,0.764,0.706,0.0366,0.0717,0.0,0.115,0.376,148,3.44,D,Major,D Major,Veloce (Allegro),0,0,0,0,0,0,0,0,0,0,0,0,1,0,0,0,0
jls,everybody in love,False,2013,0.39,0.705,0.783,0.719,0.0327,0.0703,0.0,0.36,0.656,140,3.15,F,Minor,F Minor,Veloce (Allegro),0,0,0,0,0,0,0,0,0,0,0,0,1,0,0,0,0
jason aldean,big green tractor,False,2009,0.5,0.616,0.596,0.765,0.0289,0.654,0.0,0.218,0.58,137,3.24,E,Major,E Major,Veloce (Allegro),0,0,0,1,0,0,0,0,0,0,0,0,0,0,0,0,0
fray,never say never,False,2009,0.67,0.23,0.492,0.729,0.0317,0.568,8.18e-06,0.176,0.262,160,4.16,G#,Major,G# Major,Vivace,0,0,0,0,0,0,0,0,0,0,0,0,1,0,0,0,0
lily allen,the fear,True,2009,0.53,0.661,0.847,0.67,0.0404,0.419,8.82e-05,0.107,0.522,134,3.27,A#,Major,A# Major,Veloce (Allegro),0,0,0,0,0,0,0,0,0,0,0,0,1,0,0,0,0
kings of leon,sex on fire,False,2008,0.8,0.542,0.905,0.734,0.054,0.00172,0.0104,0.136,0.374,153,3.23,A,Major,A Major,Veloce (Allegro),0,0,0,0,0,0,0,0,0,0,0,0,0,0,1,0,0
drake,best i ever had,True,2010,0.54,0.431,0.894,0.882,0.33,0.0951,0.0,0.188,0.605,162,4.18,F,Minor,F Minor,Vivace,0,0,0,0,0,0,0,0,1,0,0,0,1,1,0,0,0
kelly clarkson,already gone,False,2009,0.56,0.209,0.872,0.866,0.0757,0.217,0.0,0.0768,0.294,78,4.41,A,Major,A Major,Moderato,0,0,0,0,0,0,0,0,0,0,0,0,1,1,0,0,0
miley cyrus,party in the u.s.a.,False,2009,0.79,0.652,0.698,0.783,0.042,0.00112,0.000115,0.0886,0.47,96,3.22,A#,Minor,A# Minor,Moderato,0,0,0,0,0,0,0,0,0,0,0,0,1,0,0,0,0
jordin sparks,battlefield,False,2009,0.57,0.613,0.634,0.842,0.0339,0.0178,0.0,0.0639,0.37,145,4.01,D,Major,D Major,Veloce (Allegro),0,0,0,0,0,0,0,0,0,0,0,0,1,1,0,0,0
ne-yo,mad,False,2008,0.64,0.731,0.644,0.749,0.0343,0.665,0.0,0.11,0.691,130,4.14,C,Major,C Major,Veloce (Allegro),0,0,0,0,0,0,0,0,0,0,0,0,1,1,0,0,0
green day,21 guns,False,2009,0.73,0.268,0.742,0.77,0.0355,0.0518,0.0,0.626,0.416,160,5.21,F,Major,F Major,Vivace,0,0,0,0,0,0,0,0,0,0,0,0,0,0,1,0,0
keri hilson,knock you down,False,2009,0.57,0.588,0.877,0.777,0.16,0.00952,0.0,0.171,0.645,155,5.26,G#,Major,G# Major,Veloce (Allegro),0,0,0,0,0,0,0,0,0,0,0,0,1,1,0,0,0
taylor swift,you belong with me,False,2008,0.55,0.687,0.771,0.795,0.0384,0.164,2.46e-05,0.112,0.445,130,3.51,F#,Major,F# Major,Veloce (Allegro),0,0,0,0,0,0,0,0,0,0,0,0,1,0,0,0,0
shinedown,second chance,False,2008,0.67,0.46,0.796,0.791,0.0333,0.00107,0.0,0.106,0.182,100,3.42,C,Minor,C Minor,Moderato,0,0,0,0,0,0,0,0,0,0,0,1,0,0,1,0,0
asher roth,i love college,True,2009,0.62,0.713,0.826,0.812,0.243,0.0897,0.0,0.421,0.664,86,4.01,G#,Major,G# Major,Moderato,0,0,0,0,0,0,0,0,1,0,0,0,1,0,0,0,0
katy perry,waking up in vegas,False,2008,0.49,0.524,0.878,0.86,0.0346,0.0012,0.0,0.098,0.59,131,3.19,F,Minor,F Minor,Veloce (Allegro),0,0,0,0,0,0,0,0,0,0,0,0,1,0,0,0,0
kelly clarkson,my life would suck without you,False,2009,0.68,0.526,0.882,0.816,0.0509,0.0014,0.0,0.144,0.424,145,3.31,A,Major,A Major,Veloce (Allegro),0,0,0,0,0,0,0,0,0,0,0,0,1,1,0,0,0
mumford & sons,little lion man,True,2009,0.68,0.517,0.492,0.616,0.0272,0.0275,3.19e-05,0.0873,0.455,139,4.05,F,Major,F Major,Veloce (Allegro),1,0,0,0,0,0,0,1,0,0,0,0,1,0,1,0,0
fray,you found me,False,2009,0.73,0.338,0.803,0.746,0.0413,0.0187,0.0,0.136,0.4,152,4.01,G#,Minor,G# Minor,Veloce (Allegro),0,0,0,0,0,0,0,0,0,0,0,0,1,0,0,0,0
bruno mars,just the way you are,False,2010,0.77,0.635,0.841,0.748,0.0422,0.0134,0.0,0.0622,0.424,109,3.4,F,Major,F Major,Allegretto,0,0,0,0,0,0,0,0,0,0,0,0,1,0,0,0,0
eminem,love the way you lie,True,2010,0.81,0.749,0.925,0.765,0.227,0.241,0.0,0.52,0.641,87,4.23,A#,Major,A# Major,Moderato,0,0,0,0,0,0,0,0,1,0,0,0,0,0,0,0,0
lady gaga,bad romance,True,2009,0.8,0.696,0.921,0.828,0.0363,0.00314,5.24e-05,0.0842,0.714,119,4.54,C,Major,C Major,Allegretto,0,0,0,0,0,0,0,0,0,0,0,0,1,0,0,0,0
stromae,alors on danse - radio edit,False,2010,0.77,0.791,0.59,0.559,0.0793,0.0994,0.00203,0.065,0.714,120,3.26,C#,Minor,C# Minor,Allegretto,0,0,0,0,0,0,0,0,0,0,0,0,1,0,0,0,0
kesha,tik tok,False,2010,0.8,0.755,0.837,0.879,0.142,0.0991,0.0,0.289,0.714,120,3.19,D,Minor,D Minor,Allegretto,0,0,0,0,1,0,1,0,0,0,0,0,1,0,0,0,0
david guetta,memories (feat. kid cudi),False,2010,0.76,0.546,0.916,0.819,0.255,0.00144,4.34e-06,0.251,0.375,130,3.3,G#,Major,G# Major,Veloce (Allegro),0,0,0,0,1,0,1,0,1,0,0,0,1,0,0,0,0
taio cruz,dynamite,False,2010,0.8,0.751,0.783,0.83,0.0859,0.00379,0.0,0.036,0.816,120,3.22,E,Major,E Major,Allegretto,0,0,0,0,0,0,0,0,1,0,0,0,1,0,0,0,0
rihanna,only girl (in the world),False,2010,0.73,0.789,0.716,0.804,0.0432,0.129,1.07e-05,0.069,0.611,126,3.55,B,Minor,B Minor,Veloce (Allegro),0,0,0,0,0,0,0,0,1,0,0,0,1,1,0,0,0
katy perry,california gurls,False,2012,0.72,0.791,0.754,0.829,0.0569,0.00446,0.0,0.163,0.425,125,3.54,C,Major,C Major,Veloce (Allegro),0,0,0,0,0,0,0,0,0,0,0,0,1,0,0,0,0
kesha,take it off,False,2010,0.68,0.729,0.675,0.752,0.0286,4.14e-05,0.00126,0.0867,0.74,125,3.35,F,Minor,F Minor,Veloce (Allegro),0,0,0,0,1,0,1,0,0,0,0,0,1,0,0,0,0
inna,hot - play & win radio version,False,2010,0.42,0.817,0.939,0.713,0.28,0.0798,0.441,0.431,0.599,128,3.37,G,Minor,G Minor,Veloce (Allegro),0,0,0,0,0,0,0,0,0,0,0,0,1,0,0,0,0
far east movement,like a g6,False,2010,0.73,0.435,0.837,0.612,0.449,0.00676,0.0,0.117,0.778,125,3.36,D#,Major,D# Major,Veloce (Allegro),0,0,0,0,0,0,0,0,1,0,0,0,1,0,0,0,0
david guetta,gettin' over you (feat. fergie & lmfao),False,2010,0.62,0.615,0.913,0.763,0.0816,0.178,0.0,0.0773,0.45,130,3.08,A#,Minor,A# Minor,Veloce (Allegro),0,0,0,0,1,0,1,0,1,0,0,0,1,0,0,0,0
duck sauce,barbra streisand - radio edit,False,2010,0.46,0.769,0.922,0.916,0.108,0.000939,0.197,0.233,0.506,128,3.16,C#,Major,C# Major,Veloce (Allegro),0,0,0,0,1,0,1,0,0,0,0,0,0,0,0,0,0
lucenzo,danza kuduro (feat. don omar),False,2011,0.0,0.622,0.942,0.699,0.112,0.00713,0.0,0.0715,0.773,130,3.33,G,Major,G Major,Veloce (Allegro),0,0,0,0,0,0,0,0,0,0,1,0,0,0,0,0,0
rihanna,te amo,True,2009,0.67,0.567,0.707,0.744,0.0818,0.541,0.000176,0.1,0.751,172,3.28,G#,Minor,G# Minor,Vivace,0,0,0,0,0,0,0,0,1,0,0,0,1,1,0,0,0
timbaland,carry out (featuring justin timberlake),False,2009,0.69,0.531,0.574,0.683,0.113,0.114,0.0308,0.256,0.272,116,3.52,A#,Minor,A# Minor,Allegretto,0,0,0,0,0,0,0,0,1,0,0,0,1,1,0,0,0
dj fresh,gold dust - radio edit,False,2010,0.63,0.451,0.948,0.977,0.147,0.255,0.0,0.392,0.295,177,3.12,C,Major,C Major,Frenetico (Presto),0,0,0,0,1,0,1,0,0,0,0,0,1,0,0,0,0
edward maya,stereo love - radio edit,False,2010,0.66,0.799,0.783,0.821,0.0322,0.0346,0.0186,0.0757,0.586,127,3.04,C#,Minor,C# Minor,Veloce (Allegro),0,0,0,0,0,0,0,0,0,0,0,0,1,0,0,0,0
taio cruz,break your heart,False,2010,0.74,0.607,0.934,0.805,0.0314,0.0327,0.0,0.0909,0.568,122,3.21,D#,Major,D# Major,Veloce (Allegro),0,0,0,0,0,0,0,0,1,0,0,0,1,0,0,0,0
black eyed peas,imma be,False,2009,0.61,0.597,0.517,0.67,0.365,0.179,0.0,0.307,0.412,92,4.17,C,Major,C Major,Moderato,0,0,0,0,0,0,0,0,1,0,0,0,1,0,0,0,0
sidney samson,riverside,True,2009,0.47,0.804,0.976,0.892,0.0445,0.00023,0.894,0.125,0.237,126,5.2,C#,Minor,C# Minor,Veloce (Allegro),0,0,0,0,1,0,1,0,0,0,0,0,0,0,0,0,0
eminem,not afraid,True,2010,0.79,0.855,0.954,0.955,0.264,0.529,0.0,0.205,0.668,115,4.08,C,Minor,C Minor,Allegretto,0,0,0,0,0,0,0,0,1,0,0,0,0,0,0,0,0
lady gaga,alejandro,False,2009,0.67,0.623,0.793,0.686,0.0462,0.000397,0.0015,0.375,0.36,99,4.34,B,Minor,B Minor,Moderato,0,0,0,0,0,0,0,0,0,0,0,0,1,0,0,0,0
rihanna,rude boy,True,2009,0.74,0.563,0.75,0.791,0.127,0.113,0.0,0.0788,0.812,174,3.42,B,Major,B Major,Vivace,0,0,0,0,0,0,0,0,1,0,0,0,1,1,0,0,0
ne-yo,beautiful monster,False,2010,0.57,0.708,0.771,0.668,0.131,0.209,5.32e-06,0.277,0.494,128,4.11,F,Minor,F Minor,Veloce (Allegro),0,0,0,0,0,0,0,0,0,0,0,0,1,1,0,0,0
3oh!3,starstrukk,False,2010,0.32,0.605,0.795,0.713,0.0712,0.00153,0.0,0.207,0.263,140,3.23,B,Minor,B Minor,Veloce (Allegro),0,0,0,0,0,0,0,0,1,0,0,0,1,0,1,0,0
black eyed peas,the time (dirty bit),False,2010,0.69,0.816,0.813,0.628,0.0664,0.0662,2.77e-06,0.602,0.436,128,5.07,F#,Minor,F# Minor,Veloce (Allegro),0,0,0,0,0,0,0,0,1,0,0,0,1,0,0,0,0
kelly rowland,commander,False,2011,0.59,0.395,0.876,0.823,0.138,0.0173,8.46e-06,0.362,0.567,125,3.38,B,Minor,B Minor,Veloce (Allegro),0,0,0,0,0,0,0,0,1,0,0,0,1,1,0,0,0
swedish house mafia,one (your name) - radio edit,False,2010,0.63,0.733,0.673,0.689,0.0333,0.0132,0.0049,0.16,0.636,125,2.43,A,Minor,A Minor,Veloce (Allegro),0,0,0,0,1,0,1,0,0,0,0,0,1,0,0,0,0
chris brown,deuces (feat. tyga & kevin mccall),True,2011,0.68,0.692,0.736,0.761,0.11,0.0324,0.0,0.0787,0.217,74,4.36,C#,Major,C# Major,Lento (Adagio),0,0,0,0,0,0,0,0,1,0,0,0,1,1,0,0,0
usher,dj got us fallin' in love (feat. pitbull),False,2010,0.79,0.663,0.861,0.846,0.109,0.0338,0.0,0.082,0.654,120,3.4,G,Minor,G Minor,Allegretto,0,0,0,0,0,0,0,0,1,0,0,0,1,1,0,0,0
iyaz,replay,False,2009,0.75,0.706,0.751,0.701,0.0708,0.173,0.0,0.168,0.195,91,3.02,A,Major,A Major,Moderato,0,0,0,0,0,0,0,0,1,0,0,0,1,0,0,0,0
flo rida,club can't handle me (feat. david guetta),False,2010,0.76,0.616,0.869,0.82,0.0327,0.0283,0.0,0.064,0.473,128,3.54,C,Major,C Major,Veloce (Allegro),0,0,0,0,0,0,0,0,1,0,0,0,1,0,0,0,0
sean kingston,eenie meenie,False,2010,0.74,0.72,0.607,0.808,0.0322,0.0543,0.0,0.113,0.828,121,3.21,C#,Major,C# Major,Veloce (Allegro),0,0,0,0,0,0,0,0,1,0,0,0,1,1,0,0,0
waka flocka flame,no hands (feat. roscoe dash & wale),True,2010,0.58,0.76,0.595,0.699,0.0391,0.00544,0.0,0.241,0.361,131,4.23,C#,Major,C# Major,Veloce (Allegro),0,0,0,0,0,0,0,0,1,0,0,0,1,0,0,0,0
tinie tempah,written in the stars (feat. eric turner),False,2010,0.57,0.656,0.931,0.807,0.0981,0.0613,0.0,0.219,0.534,92,3.27,G,Major,G Major,Moderato,0,0,0,0,1,0,1,0,1,0,0,0,1,0,0,0,0
bruno mars,talking to the moon,False,2010,0.76,0.498,0.59,0.78,0.032,0.511,0.0,0.107,0.0784,146,3.37,C#,Minor,C# Minor,Veloce (Allegro),0,0,0,0,0,0,0,0,0,0,0,0,1,0,0,0,0
miley cyrus,can't be tamed,False,2010,0.0,0.63,0.91,0.869,0.144,0.0287,0.0,0.196,0.743,117,2.48,B,Minor,B Minor,Allegretto,0,0,0,0,0,0,0,0,0,0,0,0,1,0,0,0,0
mike posner,cooler than me - single mix,False,2010,0.75,0.768,0.82,0.785,0.0474,0.179,0.0,0.689,0.625,130,3.33,G,Minor,G Minor,Veloce (Allegro),0,0,0,0,1,0,1,0,1,0,0,0,1,0,0,0,0
lady gaga,telephone,False,2009,0.69,0.824,0.836,0.722,0.0404,0.00521,0.000817,0.112,0.716,122,3.4,D#,Major,D# Major,Veloce (Allegro),0,0,0,0,0,0,0,0,0,0,0,0,1,0,0,0,0
yolanda be cool,we no speak americano (jt radio edit),False,2010,0.01,0.901,0.805,0.766,0.0464,0.0712,0.0812,0.0923,0.737,125,2.37,F#,Major,F# Major,Veloce (Allegro),0,0,0,0,1,0,1,0,0,0,0,0,0,0,0,0,0
rihanna,hard,True,2009,0.55,0.31,0.746,0.836,0.111,0.0121,0.0,0.649,0.163,182,4.1,C#,Major,C# Major,Frenetico (Presto),0,0,0,0,0,0,0,0,1,0,0,0,1,1,0,0,0
tinie tempah,pass out,True,2010,0.53,0.693,0.891,0.853,0.296,0.0281,0.0,0.143,0.532,91,4.28,C#,Major,C# Major,Moderato,0,0,0,0,1,0,1,0,1,0,0,0,1,0,0,0,0
adam lambert,whataya want from me,False,2009,0.57,0.438,0.672,0.781,0.0429,0.0055,0.0,0.0583,0.457,186,3.47,B,Minor,B Minor,Frenetico (Presto),0,0,0,0,0,0,0,0,0,0,0,0,1,0,0,0,0
trey songz,bottoms up (feat. nicki minaj),True,2010,0.0,0.845,0.601,0.753,0.161,0.0205,0.0,0.385,0.329,74,4.02,C#,Major,C# Major,Lento (Adagio),0,0,0,0,0,0,0,0,1,0,0,0,1,1,0,0,0
timbaland,if we ever meet again (featuring katy perry),False,2009,0.68,0.652,0.605,0.649,0.0393,0.00481,0.0,0.0605,0.394,126,4.52,G#,Major,G# Major,Veloce (Allegro),0,0,0,0,0,0,0,0,1,0,0,0,1,1,0,0,0
enrique iglesias,i like it,False,2010,0.63,0.648,0.942,0.871,0.0878,0.021,0.0,0.0594,0.73,129,3.51,A#,Minor,A# Minor,Veloce (Allegro),0,0,0,0,0,0,0,0,0,0,1,0,1,0,0,0,0
tim berg,seek bromance - avicii’s vocal edit,False,2010,0.0,0.515,0.837,0.888,0.0401,0.0868,0.0,0.0403,0.52,126,3.23,B,Major,B Major,Veloce (Allegro),0,0,0,0,1,0,1,0,0,0,0,0,1,0,0,0,0
usher,omg (feat. will.i.am),False,2010,0.73,0.781,0.745,0.727,0.0332,0.198,1.14e-05,0.36,0.326,130,4.29,E,Minor,E Minor,Veloce (Allegro),0,0,0,0,0,0,0,0,1,0,0,0,1,1,0,0,0
maroon 5,misery,False,2010,0.67,0.703,0.81,0.773,0.0424,0.000315,0.0,0.216,0.726,103,3.36,E,Minor,E Minor,Moderato,0,0,0,0,0,0,0,0,0,0,0,0,1,0,0,0,0
jay sean,down,False,2009,0.03,0.657,0.695,0.792,0.0321,0.0108,0.0,0.0822,0.683,66,3.32,D,Major,D Major,Lento (Adagio),0,0,0,0,0,0,0,0,1,0,0,0,1,1,0,0,0
rihanna,man down,True,2010,0.68,0.47,0.904,0.815,0.177,0.0436,0.0,0.0491,0.557,156,4.27,C,Minor,C Minor,Veloce (Allegro),0,0,0,0,0,0,0,0,1,0,0,0,1,1,0,0,0
3oh!3,my first kiss (feat. ke$ha),False,2010,0.62,0.682,0.889,0.808,0.0804,0.00564,0.0,0.36,0.827,138,3.12,C,Major,C Major,Veloce (Allegro),0,0,0,0,0,0,0,0,1,0,0,0,1,0,1,0,0
justin bieber,baby,False,2010,0.81,0.728,0.859,0.755,0.137,0.0401,0.0,0.111,0.535,65,3.34,F,Minor,F Minor,Lento (Adagio),0,0,0,0,0,0,0,0,0,0,0,0,1,0,0,0,0
cali swag district,teach me how to dougie,True,2011,0.66,0.846,0.438,0.768,0.141,0.2,9.43e-05,0.0939,0.512,85,3.57,B,Major,B Major,Moderato,0,0,0,0,0,0,0,0,1,0,0,0,1,0,0,0,0
swedish house mafia,miami 2 ibiza - swedish house mafia vs. tinie tempah,True,2010,0.54,0.736,0.929,0.723,0.0674,0.00237,1.11e-05,0.402,0.658,125,3.26,G,Minor,G Minor,Veloce (Allegro),0,0,0,0,1,0,1,0,0,0,0,0,1,0,0,0,0
k'naan,wavin' flag,False,2009,0.57,0.625,0.699,0.697,0.0729,0.13,0.0,0.238,0.717,76,3.4,C,Major,C Major,Lento (Adagio),0,0,0,0,0,0,0,0,1,0,0,0,0,0,0,0,1
ludacris,how low,True,2010,0.63,0.785,0.498,0.669,0.0533,0.00248,1.23e-06,0.224,0.418,144,3.21,C#,Major,C# Major,Veloce (Allegro),0,0,0,0,0,0,0,0,1,0,0,0,1,0,0,0,0
kesha,blah blah blah (feat. 3oh!3),True,2010,0.61,0.752,0.836,0.857,0.115,0.0843,0.000425,0.424,0.519,120,2.52,A#,Major,A# Major,Allegretto,0,0,0,0,1,0,1,0,0,0,0,0,1,0,0,0,0
dj khaled,"all i do is win (feat. t-pain, ludacris, snoop dogg & rick ross)",True,2010,0.51,0.544,0.781,0.835,0.189,0.014,0.0,0.161,0.277,150,3.52,A#,Major,A# Major,Veloce (Allegro),0,0,0,0,0,0,0,0,1,0,0,0,1,0,0,0,0
jason derulo,in my head,False,2010,0.65,0.762,0.748,0.809,0.033,0.0266,0.0,0.348,0.851,110,3.19,C,Minor,C Minor,Allegretto,0,0,0,0,0,0,0,0,1,0,0,0,1,0,0,0,0
aloe blacc,i need a dollar,False,2010,0.01,0.84,0.482,0.662,0.0333,0.202,0.0,0.0873,0.957,95,4.03,F#,Minor,F# Minor,Moderato,0,0,0,0,0,0,0,0,0,0,0,0,0,1,0,0,0
b.o.b,airplanes (feat. hayley williams of paramore),True,2010,0.74,0.66,0.867,0.802,0.116,0.11,0.0,0.0368,0.377,93,3.0,F#,Minor,F# Minor,Moderato,0,0,0,0,0,0,0,0,1,0,0,0,1,0,0,0,0
ludacris,my chick bad,True,2010,0.68,0.624,0.723,0.679,0.378,0.172,0.0,0.483,0.757,85,3.36,C#,Major,C# Major,Moderato,0,0,0,0,0,0,0,0,1,0,0,0,1,0,0,0,0
nelly,just a dream,False,2010,0.73,0.531,0.752,0.709,0.0305,0.0421,0.0,0.12,0.103,90,3.57,C#,Major,C# Major,Moderato,0,0,0,0,0,0,0,0,1,0,0,0,1,1,0,0,0
rihanna,what's my name?,False,2010,0.66,0.692,0.786,0.867,0.069,0.23,0.0,0.0797,0.583,100,4.23,D,Major,D Major,Moderato,0,0,0,0,0,0,0,0,1,0,0,0,1,1,0,0,0
shontelle,impossible,False,2010,0.35,0.599,0.624,0.834,0.0343,0.385,0.0,0.125,0.539,90,3.46,G#,Major,G# Major,Moderato,0,0,0,0,0,0,0,0,0,0,0,0,1,1,0,0,0
take that,the flood,False,2010,0.57,0.514,0.83,0.713,0.044,0.0378,1.43e-06,0.122,0.138,101,4.49,B,Minor,B Minor,Moderato,0,0,0,0,0,0,0,0,0,0,0,0,1,0,0,0,0
trey songz,say aah (feat. fabolous),False,2009,0.54,0.724,0.87,0.835,0.113,0.00453,0.0,0.833,0.81,93,3.27,C#,Minor,C# Minor,Moderato,0,0,0,0,0,0,0,0,1,0,0,0,1,1,0,0,0
jason derulo,whatcha say,False,2010,0.7,0.615,0.711,0.742,0.0779,0.0444,0.0,0.145,0.711,144,3.41,B,Major,B Major,Veloce (Allegro),0,0,0,0,0,0,0,0,1,0,0,0,1,0,0,0,0
drake,over,True,2010,0.57,0.325,0.848,0.736,0.279,0.0109,0.0,0.124,0.433,100,3.53,G,Major,G Major,Moderato,0,0,0,0,0,0,0,0,1,0,0,0,1,1,0,0,0
example,kickstarts,False,2010,0.63,0.61,0.836,0.794,0.0573,0.00374,0.0,0.358,0.657,126,3.01,F,Major,F Major,Veloce (Allegro),0,0,0,0,1,0,1,0,0,0,0,0,1,0,0,0,0
plan b,she said,False,2010,0.62,0.72,0.538,0.725,0.141,0.301,3.03e-06,0.144,0.815,147,3.28,D#,Minor,D# Minor,Veloce (Allegro),0,0,0,0,1,0,1,0,0,0,0,0,0,0,0,0,0
saturdays,higher,False,2010,0.61,0.639,0.862,0.851,0.0341,0.049,6.81e-06,0.264,0.596,117,3.27,A#,Major,A# Major,Allegretto,0,0,0,0,1,0,1,0,0,0,0,0,1,0,0,0,0
jay sean,do you remember,False,2009,0.02,0.855,0.668,0.772,0.0644,0.0242,0.0,0.102,0.803,126,3.3,B,Major,B Major,Veloce (Allegro),0,0,0,0,0,0,0,0,1,0,0,0,1,1,0,0,0
usher,hey daddy (daddy's home),False,2010,0.6,0.59,0.698,0.803,0.0286,0.000176,0.0,0.107,0.352,96,3.44,B,Major,B Major,Moderato,0,0,0,0,0,0,0,0,1,0,0,0,1,1,0,0,0
lil wayne,right above it,True,2010,0.68,0.376,0.841,0.799,0.356,0.0435,0.0,0.578,0.463,76,4.31,D#,Minor,D# Minor,Lento (Adagio),0,0,0,0,0,0,0,0,1,0,0,0,1,0,0,0,0
wanted,all time low,False,2010,0.18,0.689,0.615,0.765,0.0563,0.352,0.0,0.0789,0.783,134,3.25,G#,Minor,G# Minor,Veloce (Allegro),0,0,0,0,1,0,1,0,0,0,0,0,1,0,0,0,0
kesha,your love is my drug,False,2010,0.69,0.826,0.612,0.821,0.0982,0.00681,0.0,0.0889,0.756,120,3.07,C#,Major,C# Major,Allegretto,0,0,0,0,1,0,1,0,0,0,0,0,1,0,0,0,0
ellie goulding,starry eyed,False,2010,0.54,0.504,0.814,0.749,0.0389,0.135,1.42e-05,0.324,0.596,150,2.56,F,Minor,F Minor,Veloce (Allegro),0,0,0,0,1,0,1,0,0,0,0,0,1,0,1,0,0
drake,find your love,False,2010,0.56,0.625,0.613,0.717,0.173,0.0209,0.0,0.0286,0.738,96,3.28,F#,Minor,F# Minor,Moderato,0,0,0,0,0,0,0,0,1,0,0,0,1,1,0,0,0
jason derulo,ridin' solo,False,2010,0.66,0.442,0.83,0.815,0.146,0.128,0.0,0.129,0.578,89,3.35,A,Major,A Major,Moderato,0,0,0,0,0,0,0,0,1,0,0,0,1,0,0,0,0
two door cinema club,what you know,False,2010,0.0,0.55,0.753,0.816,0.0407,0.000665,7.74e-06,0.0921,0.841,139,3.09,F#,Minor,F# Minor,Veloce (Allegro),0,0,0,0,0,0,0,0,0,0,0,0,1,0,1,1,1
jay-z,young forever,True,2009,0.65,0.637,0.69,0.855,0.0693,0.417,0.0,0.211,0.103,140,4.13,A,Minor,A Minor,Veloce (Allegro),0,0,0,0,0,0,0,0,1,0,0,0,0,0,0,0,0
young money,bedrock,True,2009,0.71,0.733,0.664,0.709,0.295,0.102,0.0,0.191,0.557,148,4.48,G#,Major,G# Major,Veloce (Allegro),0,0,0,0,0,0,0,0,1,0,0,0,1,0,0,0,0
b.o.b,nothin' on you (feat. bruno mars),False,2010,0.74,0.688,0.853,0.726,0.0493,0.386,0.0,0.0862,0.743,104,4.28,A#,Major,A# Major,Moderato,0,0,0,0,0,0,0,0,1,0,0,0,1,0,0,0,0
katy perry,teenage dream,False,2010,0.69,0.719,0.798,0.787,0.0361,0.0162,2.34e-06,0.134,0.591,120,3.47,A#,Major,A# Major,Allegretto,0,0,0,0,0,0,0,0,0,0,0,0,1,0,0,0,0
scouting for girls,this ain't a love song,False,2017,0.52,0.458,0.905,0.808,0.0451,0.000431,0.0,0.378,0.553,177,3.3,C,Major,C Major,Frenetico (Presto),0,0,0,0,0,0,0,0,0,0,0,0,1,0,1,0,0
travie mccoy,billionaire (feat. bruno mars),True,2010,0.72,0.633,0.673,0.697,0.258,0.297,0.0,0.206,0.659,87,3.31,F#,Minor,F# Minor,Moderato,0,0,0,0,0,0,0,0,1,0,0,0,1,0,0,0,0
owl city,fireflies,False,2009,0.78,0.512,0.662,0.678,0.0439,0.0275,0.0,0.118,0.472,180,3.48,D#,Major,D# Major,Frenetico (Presto),0,0,0,0,0,0,0,0,0,0,0,0,1,0,1,0,0
alicia keys,empire state of mind (part ii) broken down,False,2009,0.71,0.484,0.368,0.629,0.0341,0.74,3.82e-05,0.118,0.142,93,3.36,F#,Major,F# Major,Moderato,0,0,0,0,0,0,0,0,0,0,0,0,1,1,0,0,0
lady a,need you now,False,2010,0.73,0.581,0.717,0.795,0.0318,0.0298,0.000186,0.243,0.316,108,3.56,E,Major,E Major,Moderato,0,0,0,1,0,0,0,0,0,0,0,0,1,0,0,0,0
taylor swift,back to december,False,2010,0.65,0.529,0.67,0.783,0.0303,0.117,0.0,0.334,0.286,142,4.53,D,Major,D Major,Veloce (Allegro),0,0,0,0,0,0,0,0,0,0,0,0,1,0,0,0,0
neon trees,animal,False,2010,0.64,0.482,0.829,0.738,0.0437,0.00034,0.0,0.378,0.739,148,3.32,F,Major,F Major,Veloce (Allegro),0,0,0,0,0,0,0,0,0,0,0,0,1,0,1,0,0
kris allen,live like we're dying,False,2009,0.51,0.589,0.893,0.868,0.0397,0.0273,0.0,0.343,0.94,92,3.32,C,Major,C Major,Moderato,0,0,0,0,0,0,0,0,0,0,0,0,1,0,0,0,0
matt cardle,when we collide,False,2011,0.46,0.443,0.683,0.741,0.0343,0.0198,5.26e-06,0.313,0.447,82,3.46,D,Major,D Major,Moderato,0,0,0,0,0,0,0,0,0,0,0,0,1,0,0,0,0
robyn,dancing on my own,False,2010,0.0,0.687,0.865,0.783,0.0349,0.0743,0.225,0.0966,0.261,117,4.48,F#,Major,F# Major,Allegretto,0,0,0,0,1,0,1,0,0,0,0,0,1,0,0,0,0
band perry,if i die young,False,2010,0.64,0.606,0.497,0.687,0.0277,0.348,0.0,0.275,0.362,131,3.42,E,Major,E Major,Veloce (Allegro),0,0,0,1,0,0,0,0,0,0,0,0,0,0,0,0,0
b.o.b,magic (feat. rivers cuomo),False,2010,0.65,0.549,0.932,0.811,0.343,0.0127,0.0,0.347,0.787,82,3.16,G#,Minor,G# Minor,Moderato,0,0,0,0,0,0,0,0,1,0,0,0,1,0,0,0,0
adele,rolling in the deep,True,2011,0.02,0.73,0.77,0.761,0.0298,0.138,0.0,0.0473,0.507,105,3.48,G#,Major,G# Major,Moderato,0,0,0,0,0,0,0,0,0,0,0,0,1,1,0,0,0
maroon 5,"moves like jagger - studio recording from ""the voice"" performance",False,2010,0.77,0.722,0.761,0.793,0.0475,0.0117,0.0,0.315,0.624,128,3.21,B,Minor,B Minor,Veloce (Allegro),0,0,0,0,0,0,0,0,0,0,0,0,1,0,0,0,0
lmfao,party rock anthem,False,2011,0.73,0.751,0.736,0.808,0.156,0.0206,0.0,0.265,0.352,130,4.22,F,Minor,F Minor,Veloce (Allegro),0,0,0,0,1,0,1,0,1,0,0,0,1,0,0,0,0
katy perry,firework,False,2010,0.72,0.638,0.832,0.765,0.049,0.141,0.0,0.113,0.648,124,3.47,G#,Major,G# Major,Veloce (Allegro),0,0,0,0,0,0,0,0,0,0,0,0,1,0,0,0,0
bruno mars,grenade,False,2010,0.78,0.704,0.558,0.654,0.0542,0.148,0.0,0.107,0.245,110,3.42,D,Minor,D Minor,Allegretto,0,0,0,0,0,0,0,0,0,0,0,0,1,0,0,0,0
pitbull,hey baby (drop it to the floor) (feat. t-pain),False,2011,0.71,0.595,0.912,0.844,0.0884,0.0434,0.0,0.259,0.762,128,3.54,A#,Minor,A# Minor,Veloce (Allegro),0,0,0,0,0,0,0,0,1,0,1,0,1,0,0,0,0
alexandra stan,mr. saxobeat,False,2011,0.0,0.726,0.931,0.808,0.0468,0.0218,0.000283,0.143,0.797,127,3.15,B,Minor,B Minor,Veloce (Allegro),0,0,0,0,1,0,1,0,0,0,0,0,1,0,0,0,0
david guetta,who's that chick? (feat. rihanna),False,2010,0.71,0.675,0.602,0.78,0.116,0.00377,0.0,0.0458,0.933,128,3.21,B,Minor,B Minor,Veloce (Allegro),0,0,0,0,1,0,1,0,1,0,0,0,1,0,0,0,0
jennifer lopez,on the floor,False,2011,0.79,0.73,0.777,0.757,0.0496,0.105,0.000478,0.0691,0.575,130,4.44,D#,Minor,D# Minor,Veloce (Allegro),0,0,0,0,0,0,0,0,1,0,0,0,1,1,0,0,0
rihanna,s&m,False,2010,0.73,0.767,0.682,0.766,0.042,0.0113,0.00016,0.104,0.833,128,4.03,C#,Major,C# Major,Veloce (Allegro),0,0,0,0,0,0,0,0,1,0,0,0,1,1,0,0,0
kesha,blow,False,2010,0.69,0.753,0.729,0.823,0.0392,0.00334,5.66e-05,0.073,0.812,120,3.39,B,Minor,B Minor,Allegretto,0,0,0,0,1,0,1,0,0,0,0,0,1,0,0,0,0
snoop dogg,sweat - remix,False,2011,0.68,0.813,0.732,0.735,0.03,0.0597,0.00137,0.0826,0.731,130,3.15,G,Major,G Major,Veloce (Allegro),0,0,0,0,0,0,0,0,1,0,0,0,1,0,0,0,0
taio cruz,higher,False,2010,0.61,0.672,0.907,0.763,0.0721,0.0048,3.4e-05,0.156,0.746,128,3.07,G#,Minor,G# Minor,Veloce (Allegro),0,0,0,0,0,0,0,0,1,0,0,0,1,0,0,0,0
usher,more - redone jimmy joker remix,False,2010,0.67,0.551,0.893,0.884,0.0543,0.00166,0.0,0.348,0.794,125,3.39,G,Major,G Major,Veloce (Allegro),0,0,0,0,0,0,0,0,1,0,0,0,1,1,0,0,0
example,changed the way you kiss me - radio edit,False,2011,0.42,0.578,0.857,0.827,0.041,0.00548,0.00162,0.0948,0.188,127,3.15,E,Minor,E Minor,Veloce (Allegro),0,0,0,0,1,0,1,0,0,0,0,0,1,0,0,0,0
black eyed peas,just can’t get enough,False,2010,0.76,0.659,0.628,0.584,0.179,0.186,0.0,0.105,0.262,94,3.39,C,Minor,C Minor,Moderato,0,0,0,0,0,0,0,0,1,0,0,0,1,0,0,0,0
david guetta,where them girls at (feat. nicki minaj & flo rida),True,2012,0.72,0.666,0.876,0.862,0.0414,0.055,0.0,0.259,0.552,130,3.14,D#,Major,D# Major,Veloce (Allegro),0,0,0,0,1,0,1,0,1,0,0,0,1,0,0,0,0
lykke li,i follow rivers - the magician remix,False,2011,0.51,0.786,0.709,0.73,0.0395,0.0192,0.00118,0.0845,0.285,122,4.41,A,Minor,A Minor,Veloce (Allegro),0,0,0,0,1,0,1,0,0,0,0,0,1,0,0,0,0
pitbull,"give me everything (feat. ne-yo, afrojack & nayer)",False,2011,0.81,0.671,0.939,0.855,0.161,0.191,0.0,0.298,0.53,129,4.12,G#,Major,G# Major,Veloce (Allegro),0,0,0,0,0,0,0,0,1,0,1,0,1,0,0,0,0
selena gomez & the scene,love you like a love song,False,2011,0.79,0.858,0.678,0.822,0.0469,0.0761,0.0,0.0741,0.922,117,3.08,C#,Minor,C# Minor,Allegretto,0,0,0,0,1,0,1,0,0,0,0,0,1,0,0,0,0
wiz khalifa,black and yellow,True,2011,0.75,0.684,0.834,0.79,0.0675,0.0646,0.0,0.271,0.538,164,3.37,D,Minor,D Minor,Vivace,0,0,0,0,0,0,0,0,1,0,0,0,1,0,0,0,0
katy perry,e.t.,False,2012,0.65,0.62,0.869,0.754,0.175,0.0181,0.0,0.369,0.76,152,3.49,C#,Major,C# Major,Veloce (Allegro),0,0,0,0,0,0,0,0,0,0,0,0,1,0,0,0,0
britney spears,i wanna go,False,2011,0.66,0.696,0.546,0.69,0.0414,0.00379,3.8e-06,0.332,0.787,130,3.3,F,Major,F Major,Veloce (Allegro),0,0,0,0,0,0,0,0,0,0,0,0,1,0,0,0,0
gym class heroes,stereo hearts (feat. adam levine),False,2011,0.81,0.646,0.795,0.851,0.0976,0.0319,0.0,0.267,0.796,90,3.3,A,Major,A Major,Moderato,0,0,0,0,0,0,0,0,1,0,0,0,1,0,0,0,0
edward maya,stereo love - radio edit,False,2010,0.66,0.799,0.783,0.821,0.0322,0.0346,0.0186,0.0757,0.586,127,3.04,C#,Minor,C# Minor,Veloce (Allegro),0,0,0,0,0,0,0,0,0,0,0,0,1,0,0,0,0
enrique iglesias,tonight (i'm fuckin' you),True,2010,0.63,0.648,0.89,0.817,0.0523,0.0294,3.58e-06,0.116,0.321,126,3.52,C,Minor,C Minor,Veloce (Allegro),0,0,0,0,0,0,0,0,0,0,1,0,1,0,0,0,0
jeremih,down on me,False,2010,0.72,0.7,0.598,0.629,0.114,0.0369,0.0,0.111,0.594,160,3.48,D,Major,D Major,Vivace,0,0,0,0,0,0,0,0,1,0,0,0,1,1,0,0,0
sak noel,loca people - radio edit,True,2011,0.49,0.926,0.808,0.858,0.0599,0.000915,0.00327,0.0515,0.701,128,3.35,B,Minor,B Minor,Veloce (Allegro),0,0,0,0,1,0,1,0,0,0,0,0,0,0,0,0,0
olly murs,heart skips a beat (feat. rizzle kicks),False,2011,0.61,0.843,0.881,0.818,0.0581,0.14,0.0,0.0765,0.876,111,3.22,A,Major,A Major,Allegretto,0,0,0,0,1,0,1,0,0,0,0,0,1,0,0,0,0
lmfao,sexy and i know it,False,2011,0.67,0.707,0.861,0.805,0.316,0.1,0.0,0.191,0.795,130,3.19,G,Major,G Major,Veloce (Allegro),0,0,0,0,1,0,1,0,1,0,0,0,1,0,0,0,0
cobra starship,you make me feel... (feat. sabi),False,2011,0.7,0.668,0.857,0.868,0.0535,0.0191,6.71e-06,0.0385,0.748,132,3.35,G,Minor,G Minor,Veloce (Allegro),0,0,0,0,1,0,1,0,0,0,0,0,1,0,0,0,0
jessie j,do it like a dude,True,2011,0.57,0.663,0.843,0.832,0.049,0.0491,0.0,0.364,0.375,140,3.15,D,Major,D Major,Veloce (Allegro),0,0,0,0,0,0,0,0,1,0,0,0,1,0,0,0,0
dj fresh,louder (feat. sian evans) - radio edit,False,2012,0.55,0.31,0.926,0.958,0.0464,0.0184,0.00792,0.483,0.493,140,3.26,F#,Minor,F# Minor,Veloce (Allegro),0,0,0,0,1,0,1,0,0,0,0,0,1,0,0,0,0
waka flocka flame,no hands (feat. roscoe dash & wale),True,2010,0.76,0.76,0.595,0.699,0.0391,0.00544,0.0,0.241,0.361,131,4.23,C#,Major,C# Major,Veloce (Allegro),0,0,0,0,0,0,0,0,1,0,0,0,1,0,0,0,0
nickelback,when we stand together,False,2011,0.65,0.446,0.9,0.839,0.0489,0.000102,1.89e-05,0.0404,0.88,188,3.1,A#,Minor,A# Minor,Frenetico (Presto),0,0,0,0,0,0,0,0,0,0,0,1,0,0,1,0,0
m83,midnight city,False,2011,0.76,0.507,0.729,0.747,0.0393,0.0182,1.4e-06,0.0658,0.272,105,4.03,B,Minor,B Minor,Moderato,0,0,0,0,1,0,1,0,0,0,0,1,1,0,1,0,0
britney spears,till the world ends,False,2011,0.65,0.693,0.705,0.73,0.0665,0.0228,0.0,0.202,0.45,132,3.57,G#,Major,G# Major,Veloce (Allegro),0,0,0,0,0,0,0,0,0,0,0,0,1,0,0,0,0
labrinth,earthquake (feat. tinie tempah),True,2012,0.62,0.54,0.856,0.818,0.1,0.109,0.0,0.276,0.258,153,4.34,C,Minor,C Minor,Veloce (Allegro),0,0,0,0,0,0,0,0,0,0,0,0,1,0,0,0,0
jason derulo,don't wanna go home,False,2011,0.63,0.671,0.808,0.773,0.0652,0.02,0.0,0.134,0.637,122,3.26,D,Minor,D Minor,Veloce (Allegro),0,0,0,0,0,0,0,0,1,0,0,0,1,0,0,0,0
coldplay,paradise,False,2011,0.82,0.449,0.585,0.68,0.0268,0.0509,8.75e-05,0.0833,0.212,140,4.38,F,Major,F Major,Veloce (Allegro),0,0,0,0,0,0,0,0,0,0,0,0,1,0,1,0,0
katy perry,last friday night (t.g.i.f.),False,2012,0.74,0.649,0.815,0.826,0.0415,0.00125,4.31e-05,0.671,0.765,126,3.5,D#,Minor,D# Minor,Veloce (Allegro),0,0,0,0,0,0,0,0,0,0,0,0,1,0,0,0,0
adele,set fire to the rain,False,2011,0.02,0.603,0.67,0.822,0.0249,0.00408,1.66e-06,0.112,0.445,108,4.02,D,Minor,D Minor,Moderato,0,0,0,0,0,0,0,0,0,0,0,0,1,1,0,0,0
dr. dre,i need a doctor,True,2011,0.71,0.594,0.946,0.79,0.452,0.0869,0.0,0.306,0.397,156,4.43,D#,Major,D# Major,Veloce (Allegro),0,0,0,0,0,0,0,0,1,0,0,0,0,0,0,0,0
lil wayne,6 foot 7 foot,True,2011,0.01,0.364,0.752,0.745,0.304,0.0007,0.0,0.318,0.606,79,4.08,D,Major,D Major,Moderato,0,0,0,0,0,0,0,0,1,0,0,0,1,0,0,0,0
dj khaled,i'm on one,True,2011,0.7,0.413,0.807,0.841,0.318,0.0536,0.0,0.631,0.438,149,4.56,B,Minor,B Minor,Veloce (Allegro),0,0,0,0,0,0,0,0,1,0,0,0,1,0,0,0,0
chris brown,look at me now (feat. lil' wayne & busta rhymes),True,2011,0.71,0.767,0.677,0.711,0.184,0.0339,5.51e-06,0.144,0.538,146,3.42,B,Minor,B Minor,Veloce (Allegro),0,0,0,0,0,0,0,0,1,0,0,0,1,1,0,0,0
far east movement,rocketeer,False,2010,0.61,0.664,0.845,0.711,0.0461,0.181,0.0,0.267,0.357,96,3.31,E,Minor,E Minor,Moderato,0,0,0,0,0,0,0,0,1,0,0,0,1,0,0,0,0
wanted,glad you came,False,2011,0.77,0.722,0.851,0.822,0.0639,0.0319,0.0,0.108,0.452,127,3.17,G,Minor,G Minor,Veloce (Allegro),0,0,0,0,1,0,1,0,0,0,0,0,1,0,0,0,0
kesha,we r who we r,False,2010,0.71,0.736,0.817,0.772,0.0407,0.00987,0.00167,0.117,0.653,120,3.24,G#,Major,G# Major,Allegretto,0,0,0,0,1,0,1,0,0,0,0,0,1,0,0,0,0
kelly rowland,motivation,False,2011,0.65,0.744,0.672,0.737,0.0418,0.187,0.000123,0.105,0.266,141,3.5,A,Minor,A Minor,Veloce (Allegro),0,0,0,0,0,0,0,0,1,0,0,0,1,1,0,0,0
rihanna,we found love,False,2011,0.75,0.735,0.766,0.792,0.0383,0.025,0.00138,0.108,0.6,128,3.35,C#,Major,C# Major,Veloce (Allegro),0,0,0,0,0,0,0,0,1,0,0,0,1,1,0,0,0
nicole scherzinger,don't hold your breath,False,2011,0.62,0.66,0.797,0.712,0.0262,0.00646,0.000108,0.187,0.674,111,3.17,F,Minor,F Minor,Allegretto,0,0,0,0,1,0,1,0,0,0,0,0,1,0,0,0,0
mann,buzzin remix,True,2011,0.48,0.687,0.939,0.798,0.146,0.0887,0.0,0.283,0.539,104,3.44,A#,Minor,A# Minor,Moderato,0,0,0,0,0,0,0,0,1,0,0,0,1,0,0,0,0
chris brown,yeah 3x,True,2011,0.69,0.705,0.882,0.855,0.0445,0.000369,1.16e-06,0.0934,0.7,130,4.01,B,Minor,B Minor,Veloce (Allegro),0,0,0,0,0,0,0,0,1,0,0,0,1,1,0,0,0
swedish house mafia,save the world,False,2011,0.65,0.507,0.665,0.638,0.0474,0.0144,0.0,0.0759,0.4,127,3.33,C,Major,C Major,Veloce (Allegro),0,0,0,0,1,0,1,0,0,0,0,0,1,0,0,0,0
kanye west,all of the lights,True,2010,0.76,0.531,0.803,0.851,0.0717,0.0796,1.71e-05,0.176,0.221,142,4.59,C#,Major,C# Major,Veloce (Allegro),0,0,0,0,0,0,0,0,1,0,0,0,0,0,0,0,0
miguel,sure thing,False,2010,0.78,0.684,0.607,0.612,0.1,0.0267,0.000307,0.191,0.498,81,3.15,B,Minor,B Minor,Moderato,0,0,0,0,0,0,0,0,0,0,0,0,1,1,0,0,0
diddy - dirty money,coming home,False,2010,0.69,0.392,0.839,0.919,0.193,0.158,0.0,0.3,0.232,168,3.58,G,Major,G Major,Vivace,0,0,0,0,0,0,0,0,1,0,0,0,1,1,0,0,0
rihanna,what's my name?,False,2010,0.66,0.692,0.786,0.867,0.069,0.23,0.0,0.0797,0.583,100,4.23,D,Major,D Major,Moderato,0,0,0,0,0,0,0,0,1,0,0,0,1,1,0,0,0
chris brown,beautiful people,False,2019,0.53,0.415,0.775,0.699,0.161,0.0658,0.00431,0.0843,0.536,128,3.45,F,Minor,F Minor,Veloce (Allegro),0,0,0,0,0,0,0,0,1,0,0,0,1,1,0,0,0
avril lavigne,what the hell,False,2011,0.74,0.578,0.926,0.831,0.0548,0.00472,0.0127,0.14,0.877,150,3.4,F#,Minor,F# Minor,Veloce (Allegro),0,0,0,0,0,0,0,0,0,0,0,0,1,0,0,0,0
professor green,read all about it,True,2011,0.39,0.656,0.752,0.741,0.0434,0.336,0.0,0.223,0.445,101,3.55,B,Minor,B Minor,Moderato,0,0,0,0,1,0,1,0,0,0,0,0,0,0,0,0,0
chase & status,blind faith,False,2011,0.6,0.45,0.846,0.781,0.0472,0.00523,0.0,0.228,0.402,140,3.53,A,Minor,A Minor,Veloce (Allegro),0,0,0,0,1,0,1,0,0,0,0,0,0,0,0,0,0
chip,champion (feat. chris brown),True,2011,0.48,0.415,0.934,0.87,0.24,0.078,0.0,0.145,0.52,190,3.57,F#,Minor,F# Minor,Frenetico (Presto),0,0,0,0,1,0,1,0,1,0,0,0,0,0,0,0,0
selena gomez & the scene,who says,False,2011,0.76,0.682,0.927,0.87,0.0479,0.0843,0.0,0.149,0.744,101,3.15,E,Major,E Major,Moderato,0,0,0,0,1,0,1,0,0,0,0,0,1,0,0,0,0
rizzle kicks,down with the trumpets,False,2011,0.59,0.753,0.88,0.782,0.0806,0.087,0.0,0.24,0.794,115,3.06,E,Minor,E Minor,Allegretto,0,0,0,0,0,0,0,0,1,0,0,0,0,0,0,0,0
lady gaga,born this way,False,2011,0.72,0.587,0.828,0.761,0.161,0.00327,0.0,0.331,0.494,124,4.2,B,Major,B Major,Veloce (Allegro),0,0,0,0,0,0,0,0,0,0,0,0,1,0,0,0,0
nicki minaj,super bass,True,2010,0.0,0.72,0.861,0.799,0.209,0.269,5.11e-06,0.601,0.669,127,3.2,B,Major,B Major,Veloce (Allegro),0,0,0,0,0,0,0,0,1,0,0,0,1,0,0,0,0
mac miller,donald trump,True,2011,0.61,0.636,0.901,0.663,0.118,0.119,0.0,0.391,0.836,163,2.45,C#,Minor,C# Minor,Vivace,0,0,0,0,0,0,0,0,1,0,0,0,0,0,0,0,0
calvin harris,bounce (feat. kelis) - radio edit,False,2012,0.62,0.779,0.963,0.909,0.0399,0.0334,0.493,0.664,0.759,128,3.42,D,Minor,D Minor,Veloce (Allegro),0,0,0,0,1,0,1,0,1,0,0,0,1,0,0,0,0
david guetta,without you (feat. usher),False,2012,0.7,0.608,0.614,0.829,0.0285,0.227,4.06e-06,0.157,0.402,128,3.28,D,Major,D Major,Veloce (Allegro),0,0,0,0,1,0,1,0,1,0,0,0,1,0,0,0,0
foster the people,pumped up kicks,False,2011,0.82,0.733,0.71,0.725,0.0292,0.145,0.115,0.0956,0.965,128,3.59,F,Minor,F Minor,Veloce (Allegro),0,0,0,0,0,0,0,0,0,0,0,0,1,0,1,0,0
drake,headlines,True,2011,0.74,0.636,0.566,0.66,0.106,0.365,0.000353,0.0917,0.425,152,3.55,F#,Minor,F# Minor,Veloce (Allegro),0,0,0,0,0,0,0,0,1,0,0,0,1,1,0,0,0
jessie j,price tag,False,2011,0.73,0.636,0.831,0.819,0.182,0.0294,3.85e-06,0.272,0.668,175,3.43,F,Major,F Major,Vivace,0,0,0,0,0,0,0,0,1,0,0,0,1,0,0,0,0
jason aldean,dirt road anthem,False,2010,0.53,0.678,0.739,0.763,0.0352,0.32,2.36e-06,0.116,0.658,127,3.49,D,Major,D Major,Veloce (Allegro),0,0,0,1,0,0,0,0,0,0,0,0,0,0,0,0,0
wiz khalifa,roll up,True,2011,0.63,0.523,0.805,0.743,0.192,0.0524,0.0,0.0914,0.602,125,3.47,D#,Major,D# Major,Veloce (Allegro),0,0,0,0,0,0,0,0,1,0,0,0,1,0,0,0,0
onerepublic,good life,True,2009,0.72,0.634,0.69,0.628,0.052,0.0771,0.0,0.132,0.645,95,4.13,F#,Major,F# Major,Moderato,0,0,0,0,0,0,0,0,0,0,0,0,1,0,0,0,0
bad meets evil,lighters,True,2011,0.68,0.676,0.695,0.602,0.245,0.352,0.0,0.119,0.144,90,5.03,C,Major,C Major,Moderato,0,0,0,0,0,0,0,0,1,0,0,0,1,0,0,0,0
bruno mars,the lazy song,False,2010,0.75,0.794,0.711,0.76,0.0699,0.3,0.0,0.0955,0.955,175,3.09,G#,Minor,G# Minor,Vivace,0,0,0,0,0,0,0,0,0,0,0,0,1,0,0,0,0
lupe fiasco,the show goes on,True,2011,0.7,0.591,0.889,0.824,0.115,0.0189,0.0,0.155,0.65,143,3.59,G,Major,G Major,Veloce (Allegro),0,0,0,0,0,0,0,0,1,0,0,0,1,0,0,0,0
james morrison,i won't let you go,False,2011,0.64,0.537,0.611,0.696,0.0304,0.229,0.0,0.146,0.161,106,3.49,C,Major,C Major,Moderato,0,0,0,0,0,0,0,0,0,0,0,0,1,1,0,0,0
jason derulo,it girl,False,2011,0.7,0.668,0.718,0.78,0.0605,0.0165,0.0,0.104,0.345,92,3.12,C#,Minor,C# Minor,Moderato,0,0,0,0,0,0,0,0,1,0,0,0,1,0,0,0,0
adele,someone like you,False,2011,0.04,0.554,0.321,0.606,0.028,0.893,0.0,0.0996,0.288,135,4.45,A,Major,A Major,Veloce (Allegro),0,0,0,0,0,0,0,0,0,0,0,0,1,1,0,0,0
red hot chili peppers,the adventures of rain dance maggie,False,2011,0.65,0.683,0.734,0.79,0.029,0.00112,0.0139,0.258,0.576,106,4.42,E,Minor,E Minor,Moderato,0,0,0,0,0,0,0,0,0,0,0,0,0,0,1,0,0
keri hilson,pretty girl rock,False,2010,0.67,0.666,0.87,0.766,0.246,0.203,0.0,0.0851,0.9,160,4.03,B,Minor,B Minor,Vivace,0,0,0,0,0,0,0,0,0,0,0,0,1,1,0,0,0
p!nk,f**kin' perfect,True,2010,0.6,0.563,0.671,0.777,0.0373,0.0422,0.0,0.36,0.45,92,3.33,G,Major,G Major,Moderato,0,0,0,0,0,0,0,0,0,0,0,0,1,0,0,0,0
blake shelton,honey bee,False,2011,0.5,0.481,0.849,0.76,0.0385,0.00167,1.49e-06,0.121,0.723,206,3.3,E,Major,E Major,Frenetico (Presto),0,0,0,1,0,0,0,0,0,0,0,0,0,0,0,0,0
lady gaga,the edge of glory,False,2011,0.67,0.583,0.768,0.694,0.041,0.000323,0.0162,0.109,0.357,128,5.2,A,Major,A Major,Veloce (Allegro),0,0,0,0,0,0,0,0,0,0,0,0,1,0,0,0,0
lady a,just a kiss,False,2011,0.63,0.593,0.639,0.726,0.0307,0.446,0.0,0.0998,0.332,143,3.38,C#,Major,C# Major,Veloce (Allegro),0,0,0,1,0,0,0,0,0,0,0,0,1,0,0,0,0
hot chelle rae,tonight tonight,False,2011,0.73,0.686,0.783,0.768,0.119,0.0764,0.0,0.163,0.814,100,3.2,E,Major,E Major,Moderato,0,0,0,0,0,0,0,0,1,0,0,0,1,0,1,0,0
grouplove,tongue tied,False,2011,0.79,0.56,0.936,0.725,0.0439,0.00847,0.0,0.161,0.371,113,3.38,D#,Major,D# Major,Allegretto,1,0,0,0,0,0,0,1,0,0,0,0,1,0,1,0,0
coldplay,every teardrop is a waterfall,False,2011,0.69,0.425,0.732,0.674,0.0396,0.00194,0.0103,0.171,0.333,118,4.0,A,Major,A Major,Allegretto,0,0,0,0,0,0,0,0,0,0,0,0,1,0,1,0,0
beyonce,best thing i never had,False,2011,0.69,0.545,0.649,0.813,0.0324,0.143,1.57e-05,0.0894,0.297,99,4.13,F#,Major,F# Major,Moderato,0,0,0,0,0,0,0,0,0,0,0,0,1,1,0,0,0
p!nk,raise your glass,True,2010,0.76,0.7,0.709,0.766,0.0838,0.0048,0.0,0.029,0.624,122,3.22,G,Major,G Major,Veloce (Allegro),0,0,0,0,0,0,0,0,0,0,0,0,1,0,0,0,0
christina perri,jar of hearts,False,2011,0.72,0.349,0.348,0.71,0.0316,0.726,0.0,0.12,0.0886,75,4.06,D#,Major,D# Major,Lento (Adagio),0,0,0,0,0,0,0,0,0,0,0,0,1,0,0,0,0
bruno mars,marry you,False,2010,0.75,0.621,0.82,0.773,0.0367,0.332,0.0,0.104,0.452,145,3.5,A#,Major,A# Major,Veloce (Allegro),0,0,0,0,0,0,0,0,0,0,0,0,1,0,0,0,0
band perry,if i die young,False,2010,0.64,0.606,0.497,0.687,0.0277,0.348,0.0,0.275,0.362,131,3.42,E,Major,E Major,Veloce (Allegro),0,0,0,1,0,0,0,0,0,0,0,0,0,0,0,0,0
lil wayne,how to love,False,2011,0.0,0.644,0.661,0.713,0.0418,0.000177,5.23e-06,0.108,0.272,154,4.0,B,Major,B Major,Veloce (Allegro),0,0,0,0,0,0,0,0,1,0,0,0,1,0,0,0,0
charlene soraia,wherever you will go,False,2011,0.6,0.597,0.115,0.558,0.0334,0.82,0.000215,0.111,0.128,111,3.17,A,Major,A Major,Allegretto,0,0,0,0,0,0,0,0,0,0,0,0,1,0,0,0,0
christina perri,a thousand years,False,2011,0.7,0.421,0.407,0.646,0.0267,0.309,0.000961,0.11,0.161,139,4.45,A#,Major,A# Major,Veloce (Allegro),0,0,0,0,0,0,0,0,0,0,0,0,1,0,0,0,0
rihanna,we found love,False,2011,0.75,0.735,0.766,0.792,0.0383,0.025,0.00138,0.108,0.6,128,3.35,C#,Major,C# Major,Veloce (Allegro),0,0,0,0,0,0,0,0,1,0,0,0,1,1,0,0,0
carly rae jepsen,call me maybe,False,2012,0.78,0.783,0.58,0.69,0.0408,0.0114,2.28e-06,0.108,0.66,120,3.13,G,Major,G Major,Allegretto,0,0,0,0,1,0,1,0,0,0,0,0,1,0,0,0,0
fun.,we are young (feat. janelle monáe),False,2012,0.76,0.378,0.638,0.738,0.075,0.02,7.66e-05,0.0849,0.735,184,4.1,A#,Major,A# Major,Frenetico (Presto),0,0,0,0,0,0,0,0,0,0,0,0,1,0,1,0,0
sean paul,she doesn't mind,False,2012,0.7,0.718,0.776,0.756,0.0693,0.000624,5.3e-06,0.207,0.622,120,3.47,G,Minor,G Minor,Allegretto,0,0,0,0,0,0,0,0,1,0,0,0,1,0,0,0,0
pitbull,international love (feat. chris brown),False,2011,0.74,0.67,0.855,0.864,0.0499,0.0124,0.0,0.335,0.648,120,3.47,C,Minor,C Minor,Allegretto,0,0,0,0,0,0,0,0,1,0,1,0,1,0,0,0,0
dev,in the dark,False,2012,0.52,0.736,0.824,0.805,0.0672,0.00358,0.000921,0.329,0.443,125,3.46,G#,Major,G# Major,Veloce (Allegro),0,0,0,0,1,0,1,0,0,0,0,0,1,0,0,0,0
adele,skyfall,False,2012,0.74,0.346,0.552,0.674,0.0282,0.417,0.0,0.114,0.0789,76,4.46,C,Minor,C Minor,Lento (Adagio),0,0,0,0,0,0,0,0,0,0,0,0,1,1,0,0,0
david guetta,turn me on (feat. nicki minaj),False,2012,0.65,0.704,0.793,0.902,0.0591,0.0488,0.0,0.575,0.412,128,3.19,G#,Major,G# Major,Veloce (Allegro),0,0,0,0,1,0,1,0,1,0,0,0,1,0,0,0,0
rihanna,where have you been,False,2011,0.71,0.719,0.847,0.7,0.0916,0.00201,0.0204,0.223,0.444,128,4.02,C,Minor,C Minor,Veloce (Allegro),0,0,0,0,0,0,0,0,1,0,0,0,1,1,0,0,0
jay-z,ni**as in paris,True,2011,0.82,0.789,0.858,0.74,0.311,0.127,0.0,0.349,0.775,140,3.39,C#,Major,C# Major,Veloce (Allegro),0,0,0,0,0,0,0,0,1,0,0,0,0,0,0,0,0
maroon 5,one more night,False,2012,0.74,0.716,0.821,0.844,0.0314,0.0558,0.0,0.0844,0.618,93,3.39,F,Minor,F Minor,Moderato,0,0,0,0,0,0,0,0,0,0,0,0,1,0,0,0,0
skrillex,bangarang (feat. sirah),True,2011,0.7,0.716,0.972,0.9,0.196,0.0145,3.22e-05,0.317,0.576,110,3.35,G,Major,G Major,Allegretto,0,0,0,0,1,0,1,0,1,0,0,0,1,0,0,0,0
wanted,chasing the sun,False,2012,0.69,0.637,0.732,0.707,0.0965,0.244,0.0,0.498,0.68,128,3.18,G,Minor,G Minor,Veloce (Allegro),0,0,0,0,1,0,1,0,0,0,0,0,1,0,0,0,0
flo rida,whistle,False,2012,0.77,0.747,0.937,0.73,0.0453,0.0208,0.0,0.29,0.739,104,3.44,C,Major,C Major,Moderato,0,0,0,0,0,0,0,0,1,0,0,0,1,0,0,0,0
will.i.am,this is love,False,2013,0.62,0.535,0.796,0.843,0.0445,0.00473,0.0,0.145,0.282,129,4.39,C,Minor,C Minor,Veloce (Allegro),0,0,0,0,0,0,0,0,1,0,0,0,1,0,0,0,0
david guetta,she wolf (falling to pieces) [feat. sia],False,2012,0.66,0.492,0.857,0.883,0.0655,0.0841,7.82e-06,0.344,0.393,130,3.42,G,Major,G Major,Veloce (Allegro),0,0,0,0,1,0,1,0,1,0,0,0,1,0,0,0,0
nicki minaj,pound the alarm,True,2012,0.64,0.728,0.858,0.832,0.0609,0.0403,4.09e-06,0.0241,0.591,125,3.25,A,Major,A Major,Veloce (Allegro),0,0,0,0,0,0,0,0,1,0,0,0,1,0,0,0,0
kendrick lamar,swimming pools (drank) - extended version,True,2012,0.63,0.716,0.485,0.631,0.404,0.123,2.69e-05,0.604,0.26,74,5.13,C#,Major,C# Major,Lento (Adagio),0,0,0,0,0,0,0,0,1,0,0,0,0,0,0,0,0
marina,primadonna,False,2012,0.78,0.66,0.689,0.882,0.0337,0.0884,0.0,0.0922,0.427,128,3.41,E,Minor,E Minor,Veloce (Allegro),0,0,0,0,1,0,1,0,0,0,0,0,1,0,0,0,0
kanye west,mercy,True,2012,0.73,0.563,0.496,0.55,0.406,0.0685,5.8e-05,0.173,0.426,140,5.29,F#,Minor,F# Minor,Veloce (Allegro),0,0,0,0,0,0,0,0,1,0,0,0,0,0,0,0,0
dj fresh,hot right now (feat. rita ora) - radio edit,False,2012,0.58,0.524,0.972,0.936,0.0431,0.00656,0.00058,0.224,0.476,175,3.02,E,Minor,E Minor,Vivace,0,0,0,0,1,0,1,0,0,0,0,0,1,0,0,0,0
lmfao,sexy and i know it,False,2011,0.67,0.707,0.861,0.805,0.316,0.1,0.0,0.191,0.795,130,3.19,G,Major,G Major,Veloce (Allegro),0,0,0,0,1,0,1,0,1,0,0,0,1,0,0,0,0
psy,gangnam style (강남스타일),False,2012,0.72,0.727,0.937,0.872,0.286,0.00417,0.0,0.091,0.749,132,3.39,B,Minor,B Minor,Veloce (Allegro),0,0,0,0,0,0,0,0,0,0,0,0,1,0,0,0,0
kesha,die young,False,2012,0.78,0.711,0.7,0.776,0.046,0.00498,0.000125,0.215,0.801,128,3.31,C#,Minor,C# Minor,Veloce (Allegro),0,0,0,0,1,0,1,0,0,0,0,0,1,0,0,0,0
usher,scream,False,2012,0.66,0.616,0.862,0.758,0.0973,0.00117,0.0,0.179,0.569,128,3.54,G,Minor,G Minor,Veloce (Allegro),0,0,0,0,0,0,0,0,1,0,0,0,1,1,0,0,0
olly murs,troublemaker (feat. flo rida),False,2012,0.0,0.762,0.863,0.831,0.0565,0.015,0.0,0.125,0.965,106,3.05,C,Minor,C Minor,Moderato,0,0,0,0,1,0,1,0,0,0,0,0,1,0,0,0,0
linkin park,burn it down,False,2012,0.73,0.585,0.972,0.794,0.0534,0.0143,0.0,0.0707,0.585,110,3.5,A,Minor,A Minor,Allegretto,0,0,0,0,0,0,0,0,0,0,0,1,0,0,1,0,0
bruno mars,locked out of heaven,False,2012,0.85,0.726,0.698,0.808,0.0431,0.049,0.0,0.309,0.867,144,3.53,F,Major,F Major,Veloce (Allegro),0,0,0,0,0,0,0,0,0,0,0,0,1,0,0,0,0
avicii,levels - radio edit,False,2011,0.77,0.584,0.889,0.72,0.0343,0.0462,0.828,0.309,0.464,126,3.19,C#,Minor,C# Minor,Veloce (Allegro),0,0,0,0,1,0,1,0,0,0,0,0,1,0,0,0,0
flo rida,good feeling,False,2012,0.76,0.706,0.89,0.794,0.0688,0.0588,0.00286,0.306,0.684,128,4.08,C#,Minor,C# Minor,Veloce (Allegro),0,0,0,0,0,0,0,0,1,0,0,0,1,0,0,0,0
rihanna,diamonds,False,2012,0.75,0.564,0.71,0.771,0.0461,0.00125,0.0,0.109,0.393,92,3.45,B,Minor,B Minor,Moderato,0,0,0,0,0,0,0,0,1,0,0,0,1,1,0,0,0
wiz khalifa,"work hard, play hard",True,2012,0.62,0.787,0.666,0.793,0.0485,0.0409,1.91e-05,0.296,0.485,140,3.39,B,Major,B Major,Veloce (Allegro),0,0,0,0,0,0,0,0,1,0,0,0,1,0,0,0,0
katy perry,part of me,False,2012,0.73,0.678,0.918,0.785,0.0355,0.000417,0.0,0.0744,0.769,130,3.36,F,Major,F Major,Veloce (Allegro),0,0,0,0,0,0,0,0,0,0,0,0,1,0,0,0,0
nicki minaj,starships,True,2012,0.75,0.747,0.716,0.892,0.075,0.135,0.0,0.251,0.751,125,3.3,B,Minor,B Minor,Veloce (Allegro),0,0,0,0,0,0,0,0,1,0,0,0,1,0,0,0,0
kendrick lamar,m.a.a.d city,True,2012,0.67,0.487,0.729,0.677,0.271,0.0538,4.07e-06,0.44,0.217,91,5.5,D,Major,D Major,Moderato,0,0,0,0,0,0,0,0,1,0,0,0,0,0,0,0,0
asaf avidan & the mojos,one day / reckoning song (wankelmut remix) [radio edit],False,2012,0.0,0.821,0.676,0.699,0.0547,0.187,0.0001,0.0927,0.559,119,3.32,D#,Minor,D# Minor,Allegretto,0,0,0,0,0,0,0,0,0,0,0,0,1,0,0,0,0
florence + the machine,spectrum (say my name) - calvin harris remix,False,2011,0.68,0.578,0.946,0.823,0.0482,0.00225,0.00412,0.0966,0.588,126,3.38,B,Minor,B Minor,Veloce (Allegro),0,0,0,0,1,0,1,0,0,0,0,0,1,0,1,0,0
azealia banks,212,True,2014,0.0,0.847,0.769,0.729,0.258,0.0145,0.00012,0.0767,0.626,126,3.24,B,Minor,B Minor,Veloce (Allegro),0,0,0,0,0,0,0,0,1,0,0,0,1,1,0,0,0
maroon 5,payphone,True,2012,0.82,0.743,0.752,0.776,0.0414,0.0188,0.0,0.287,0.545,110,3.51,E,Major,E Major,Allegretto,0,0,0,0,0,0,0,0,0,0,0,0,1,0,0,0,0
james arthur,impossible,False,2013,0.75,0.376,0.695,0.777,0.0933,0.135,0.0,0.11,0.302,170,3.29,C,Minor,C Minor,Vivace,0,0,0,0,0,0,0,0,0,0,0,0,1,0,0,0,0
michel telo,ai se eu te pego - live,False,2012,0.0,0.676,0.935,0.789,0.0692,0.357,0.0,0.853,0.85,96,2.46,B,Major,B Major,Moderato,0,0,0,1,0,0,0,0,0,0,1,0,0,0,0,0,0
otto knows,million voices - radio edit,False,2012,0.0,0.582,0.894,0.702,0.041,0.0022,0.0223,0.0664,0.0694,126,3.12,G#,Major,G# Major,Veloce (Allegro),0,0,0,0,1,0,1,0,0,0,0,0,1,0,0,0,0
icona pop,i love it,True,2012,0.51,0.71,0.901,0.881,0.0296,0.00828,1.34e-05,0.172,0.86,126,2.36,C#,Major,C# Major,Veloce (Allegro),0,0,0,0,1,0,1,0,0,0,0,0,1,0,0,0,0
tyga,rack city,True,2012,0.61,0.929,0.339,0.476,0.371,0.0373,1.96e-05,0.187,0.273,99,3.23,C#,Major,C# Major,Moderato,0,0,0,0,0,0,0,0,1,0,0,0,1,0,0,0,0
calvin harris,feel so close - radio edit,False,2012,0.79,0.707,0.924,0.873,0.031,0.000972,0.00703,0.204,0.919,128,3.26,G,Major,G Major,Veloce (Allegro),0,0,0,0,1,0,1,0,1,0,0,0,1,0,0,0,0
jennifer lopez,dance again,False,2012,0.0,0.797,0.867,0.755,0.0696,0.0158,2.79e-06,0.0868,0.716,128,3.57,B,Minor,B Minor,Veloce (Allegro),0,0,0,0,0,0,0,0,1,0,0,0,1,1,0,0,0
grimes,oblivion,False,2012,0.0,0.697,0.529,0.577,0.0338,0.115,0.901,0.0895,0.486,156,4.11,D,Major,D Major,Veloce (Allegro),0,0,0,0,1,0,1,0,0,0,0,0,1,0,1,0,0
adele,rumour has it,False,2011,0.0,0.612,0.748,0.766,0.0445,0.617,0.0,0.167,0.574,120,3.43,C,Major,C Major,Allegretto,0,0,0,0,0,0,0,0,0,0,0,0,1,1,0,0,0
coldplay,paradise,False,2011,0.82,0.449,0.585,0.68,0.0268,0.0509,8.75e-05,0.0833,0.212,140,4.38,F,Major,F Major,Veloce (Allegro),0,0,0,0,0,0,0,0,0,0,0,0,1,0,1,0,0
chris brown,turn up the music,False,2012,0.64,0.594,0.841,0.727,0.102,0.000238,2.22e-06,0.156,0.643,130,3.47,C#,Major,C# Major,Veloce (Allegro),0,0,0,0,0,0,0,0,1,0,0,0,1,1,0,0,0
frank ocean,lost,True,2012,0.64,0.913,0.603,0.772,0.226,0.0272,0.000503,0.167,0.497,123,3.54,G#,Major,G# Major,Veloce (Allegro),0,0,0,0,0,0,0,0,1,0,0,0,1,1,0,0,0
calvin harris,let's go (feat. ne-yo),False,2012,0.66,0.71,0.882,0.869,0.0595,0.00777,0.00771,0.294,0.875,128,3.52,E,Minor,E Minor,Veloce (Allegro),0,0,0,0,1,0,1,0,1,0,0,0,1,0,0,0,0
script,hall of fame (feat. will.i.am),False,2012,0.78,0.421,0.873,0.799,0.0564,0.0654,0.0,0.123,0.629,85,3.22,A#,Major,A# Major,Moderato,0,0,0,0,0,0,0,0,0,0,0,0,1,0,1,0,0
swedish house mafia,don't you worry child - radio edit,False,2012,0.76,0.612,0.84,0.858,0.0509,0.112,0.0,0.116,0.438,129,3.32,B,Minor,B Minor,Veloce (Allegro),0,0,0,0,1,0,1,0,0,0,0,0,1,0,0,0,0
marina,how to be a heartbreaker,False,2012,0.5,0.69,0.897,0.782,0.0506,0.0142,0.0,0.108,0.849,140,3.41,B,Minor,B Minor,Veloce (Allegro),0,0,0,0,1,0,1,0,0,0,0,0,1,0,0,0,0
justin bieber,boyfriend,False,2012,0.63,0.717,0.55,0.716,0.0519,0.0358,0.00198,0.126,0.331,97,2.51,A#,Minor,A# Minor,Moderato,0,0,0,0,0,0,0,0,0,0,0,0,1,0,0,0,0
david guetta,titanium (feat. sia),False,2012,0.79,0.604,0.787,0.832,0.103,0.0679,0.15,0.127,0.301,126,4.05,C,Minor,C Minor,Veloce (Allegro),0,0,0,0,1,0,1,0,1,0,0,0,1,0,0,0,0
jessie j,domino,False,2011,0.74,0.758,0.557,0.788,0.034,0.0117,0.0,0.0418,0.781,127,3.51,G,Major,G Major,Veloce (Allegro),0,0,0,0,0,0,0,0,1,0,0,0,1,0,0,0,0
taylor swift,i knew you were trouble.,False,2012,0.59,0.622,0.469,0.678,0.0363,0.00454,2.25e-06,0.0335,0.679,77,3.39,D#,Minor,D# Minor,Moderato,0,0,0,0,0,0,0,0,0,0,0,0,1,0,0,0,0
schoolboy q,hands on the wheel (feat. asap rocky),True,2012,0.61,0.646,0.784,0.644,0.108,0.0166,0.0,0.0721,0.179,128,3.17,C#,Minor,C# Minor,Veloce (Allegro),0,0,0,0,0,0,0,0,1,0,0,0,1,0,0,0,0
p!nk,try,False,2012,0.76,0.674,0.628,0.664,0.03,0.00144,0.0,0.0944,0.552,104,4.07,D,Major,D Major,Moderato,0,0,0,0,0,0,0,0,0,0,0,0,1,0,0,0,0
robbie williams,candy,False,2012,0.68,0.715,0.791,0.686,0.0414,0.0368,0.0,0.0694,0.879,116,3.21,A#,Major,A# Major,Allegretto,0,0,0,0,0,0,0,0,0,0,0,0,1,0,1,0,0
snoop dogg,"young, wild & free (feat. bruno mars)",True,2011,0.77,0.715,0.655,0.696,0.137,0.0525,0.0,0.115,0.531,95,3.27,C,Major,C Major,Moderato,0,0,0,0,0,0,0,0,1,0,0,0,1,0,0,0,0
justin bieber,as long as you love me,False,2012,0.67,0.571,0.873,0.847,0.1,0.0811,0.0,0.361,0.613,140,3.49,C,Minor,C Minor,Veloce (Allegro),0,0,0,0,0,0,0,0,0,0,0,0,1,0,0,0,0
rita ora,r.i.p. (feat. tinie tempah),False,2012,0.46,0.603,0.831,0.844,0.0479,0.027,0.0,0.652,0.358,72,3.48,B,Minor,B Minor,Lento (Adagio),0,0,0,0,1,0,1,0,1,0,0,0,1,0,0,0,0
alex clare,too close,False,2011,0.6,0.588,0.694,0.802,0.0387,0.00948,0.0,0.113,0.271,126,4.16,B,Minor,B Minor,Veloce (Allegro),0,0,0,0,0,0,0,0,0,0,0,0,0,0,1,0,0
tyga,faded,True,2012,0.58,0.831,0.667,0.597,0.188,0.0103,0.0,0.35,0.339,95,3.26,C#,Major,C# Major,Moderato,0,0,0,0,0,0,0,0,1,0,0,0,1,0,0,0,0
alesso,years - ラジオ・エディット,False,2012,0.0,0.37,0.823,0.705,0.0805,0.00234,1.91e-06,0.174,0.323,128,3.15,D,Major,D Major,Veloce (Allegro),0,0,0,0,1,0,1,0,0,0,0,0,1,0,0,0,0
guy sebastian,battle scars (feat. lupe fiasco),False,2012,0.0,0.61,0.863,0.884,0.206,0.186,0.0,0.097,0.508,84,4.1,F,Minor,F Minor,Moderato,0,0,0,0,0,0,0,0,0,0,0,0,1,0,0,0,0
katy perry,the one that got away,False,2012,0.72,0.687,0.792,0.815,0.0353,0.000802,0.0,0.2,0.864,134,3.47,C#,Minor,C# Minor,Veloce (Allegro),0,0,0,0,0,0,0,0,0,0,0,0,1,0,0,0,0
avicii,silhouettes - original radio edit,False,2012,0.53,0.605,0.8,0.706,0.0545,0.155,0.0562,0.121,0.836,128,3.31,F,Minor,F Minor,Veloce (Allegro),0,0,0,0,1,0,1,0,0,0,0,0,1,0,0,0,0
gotye,somebody that i used to know,False,2011,0.57,0.863,0.527,0.673,0.0358,0.607,0.000168,0.107,0.674,129,4.04,C,Major,C Major,Veloce (Allegro),0,0,0,0,0,0,0,0,0,0,0,0,1,0,0,0,0
flo rida,wild ones (feat. sia),False,2012,0.77,0.608,0.86,0.751,0.0554,0.0991,0.0,0.262,0.437,127,3.52,F,Minor,F Minor,Veloce (Allegro),0,0,0,0,0,0,0,0,1,0,0,0,1,0,0,0,0
one direction,what makes you beautiful,False,2012,0.82,0.726,0.787,0.89,0.0737,0.009,0.0,0.0596,0.888,125,3.19,E,Major,E Major,Veloce (Allegro),0,0,0,0,0,0,0,0,0,0,0,0,1,0,0,0,0
lana del rey,born to die,False,2012,0.53,0.18,0.636,0.688,0.0439,0.209,0.000133,0.217,0.39,75,4.46,E,Minor,E Minor,Lento (Adagio),0,0,0,0,0,0,0,0,0,0,0,0,1,0,0,0,0
kesha,c'mon,False,2012,0.0,0.558,0.781,0.744,0.0963,0.00657,0.00144,0.102,0.286,126,3.34,C#,Minor,C# Minor,Veloce (Allegro),0,0,0,0,1,0,1,0,0,0,0,0,1,0,0,0,0
owl city,good time,False,2012,0.77,0.56,0.872,0.803,0.14,0.0239,6.98e-06,0.371,0.682,126,3.25,D#,Major,D# Major,Veloce (Allegro),0,0,0,0,0,0,0,0,0,0,0,0,1,0,1,0,0
calvin harris,we'll be coming back (feat. example),False,2012,0.62,0.596,0.952,0.798,0.0873,0.00131,0.0,0.598,0.571,128,3.54,G,Major,G Major,Veloce (Allegro),0,0,0,0,1,0,1,0,1,0,0,0,1,0,0,0,0
emeli sande,"read all about it, pt. iii",False,2012,0.65,0.63,0.44,0.659,0.0249,0.822,3.87e-06,0.0926,0.343,98,4.43,D,Major,D Major,Moderato,0,0,0,0,0,0,0,0,0,0,0,0,1,1,0,0,0
ellie goulding,lights - single version,False,2010,0.63,0.682,0.795,0.709,0.0367,0.0297,0.0391,0.131,0.78,120,3.3,G#,Minor,G# Minor,Allegretto,0,0,0,0,1,0,1,0,0,0,0,0,1,0,1,0,0
train,drive by,False,2012,0.77,0.765,0.837,0.86,0.032,0.00107,1.06e-05,0.0801,0.721,122,3.15,C#,Minor,C# Minor,Veloce (Allegro),0,0,0,0,0,0,0,0,0,0,0,0,1,0,0,0,0
disclosure,latch,False,2013,0.74,0.503,0.727,0.744,0.167,0.0159,9.45e-05,0.0895,0.521,122,4.15,C#,Major,C# Major,Veloce (Allegro),0,0,0,0,1,0,1,0,0,0,0,0,1,0,0,0,0
coldplay,princess of china,False,2011,0.66,0.42,0.69,0.706,0.0347,0.00385,0.015,0.287,0.237,85,3.59,A,Minor,A Minor,Moderato,0,0,0,0,0,0,0,0,0,0,0,0,1,0,1,0,0
one direction,live while we're young,False,2012,0.0,0.658,0.837,0.912,0.0543,0.0629,0.0,0.0969,0.936,126,3.2,D,Major,D Major,Veloce (Allegro),0,0,0,0,0,0,0,0,0,0,0,0,1,0,0,0,0
gym class heroes,ass back home (feat. neon hitch),True,2011,0.61,0.716,0.838,0.802,0.0513,0.134,0.0,0.148,0.646,130,3.42,A#,Major,A# Major,Veloce (Allegro),0,0,0,0,0,0,0,0,1,0,0,0,1,0,0,0,0
carrie underwood,blown away,False,2012,0.63,0.531,0.843,0.887,0.0429,0.0909,0.0,0.0283,0.392,137,4.0,A,Minor,A Minor,Veloce (Allegro),0,0,0,1,0,0,0,0,0,0,0,0,1,0,0,0,0
alt-j,breezeblocks,False,2012,0.71,0.616,0.656,0.653,0.0344,0.096,0.000879,0.205,0.286,150,3.47,F,Major,F Major,Veloce (Allegro),0,0,0,0,0,0,0,0,0,0,0,0,0,0,1,0,0
chris brown,don't wake me up,False,2012,0.62,0.602,0.691,0.757,0.051,0.0548,0.0,0.144,0.206,128,3.42,G,Minor,G Minor,Veloce (Allegro),0,0,0,0,0,0,0,0,1,0,0,0,1,1,0,0,0
kelly clarkson,stronger (what doesn't kill you),False,2011,0.74,0.562,0.939,0.802,0.0475,0.046,0.0,0.112,0.684,116,3.41,C,Major,C Major,Allegretto,0,0,0,0,0,0,0,0,0,0,0,0,1,1,0,0,0
drake,the motto,True,2011,0.74,0.766,0.442,0.591,0.356,0.000107,6.12e-05,0.111,0.39,202,3.01,C#,Major,C# Major,Frenetico (Presto),0,0,0,0,0,0,0,0,1,0,0,0,1,1,0,0,0
katy perry,wide awake,False,2012,0.65,0.514,0.683,0.762,0.0367,0.0749,2.64e-06,0.392,0.575,160,3.4,F,Major,F Major,Vivace,0,0,0,0,0,0,0,0,0,0,0,0,1,0,0,0,0
rita ora,how we do (party),True,2012,0.48,0.738,0.922,0.819,0.0833,0.0034,0.0,0.0986,0.689,116,4.07,G,Major,G Major,Allegretto,0,0,0,0,1,0,1,0,1,0,0,0,1,0,0,0,0
rudimental,feel the love (feat. john newman),False,2013,0.64,0.389,0.706,0.675,0.0593,0.0026,0.000182,0.686,0.238,180,4.05,C#,Major,C# Major,Frenetico (Presto),0,0,0,0,1,0,1,0,0,0,0,0,1,0,0,0,0
lana del rey,ride,True,2012,0.66,0.373,0.686,0.741,0.034,0.128,1.96e-06,0.383,0.189,94,4.49,C,Major,C Major,Moderato,0,0,0,0,0,0,0,0,0,0,0,0,1,0,0,0,0
ne-yo,let me love you (until you learn to love yourself),False,2012,0.69,0.658,0.677,0.686,0.0393,0.248,0.0,0.368,0.248,125,4.11,F,Major,F Major,Veloce (Allegro),0,0,0,0,0,0,0,0,0,0,0,0,1,1,0,0,0
demi lovato,give your heart a break,False,2011,0.71,0.651,0.695,0.855,0.0487,0.23,0.0,0.144,0.569,123,3.25,F#,Major,F# Major,Veloce (Allegro),0,0,0,0,0,0,0,0,0,0,0,0,1,0,0,0,0
drake,take care,True,2011,0.75,0.629,0.515,0.502,0.265,0.0267,1.22e-05,0.0888,0.299,122,4.37,C,Minor,C Minor,Veloce (Allegro),0,0,0,0,0,0,0,0,1,0,0,0,1,1,0,0,0
little mix,wings,False,2012,0.0,0.738,0.875,0.858,0.127,0.000673,0.000556,0.285,0.538,115,3.39,G,Major,G Major,Allegretto,0,0,0,0,0,0,0,0,0,0,0,0,1,0,0,0,0
bruno mars,it will rain,False,2011,0.74,0.576,0.835,0.676,0.0486,0.337,0.0,0.082,0.476,150,4.17,D,Major,D Major,Veloce (Allegro),0,0,0,0,0,0,0,0,0,0,0,0,1,0,0,0,0
cher lloyd,want u back,False,2011,0.67,0.696,0.893,0.867,0.076,0.0662,0.0,0.473,0.573,98,3.34,A,Major,A Major,Moderato,0,0,0,0,1,0,1,0,0,0,0,0,1,0,0,0,0
lorde,royals,False,2013,0.77,0.674,0.428,0.544,0.122,0.121,0.0,0.132,0.337,85,3.1,G,Major,G Major,Moderato,0,0,0,0,1,0,1,0,0,0,0,0,1,0,0,0,0
robin thicke,blurred lines,False,2013,0.55,0.861,0.504,0.633,0.0489,0.00412,1.78e-05,0.0783,0.881,120,4.23,G,Major,G Major,Allegretto,0,0,0,0,0,0,0,0,0,0,0,0,1,1,0,0,0
imagine dragons,radioactive,False,2012,0.77,0.448,0.784,0.832,0.0627,0.106,0.000108,0.668,0.236,136,3.06,A,Major,A Major,Veloce (Allegro),0,0,0,0,0,0,0,0,0,0,0,0,0,0,1,0,0
avicii,wake me up,False,2013,0.06,0.532,0.783,0.732,0.0523,0.0038,0.0012,0.161,0.643,124,4.07,D,Major,D Major,Veloce (Allegro),0,0,0,0,1,0,1,0,0,0,0,0,1,0,0,0,0
bruno mars,locked out of heaven,False,2012,0.85,0.726,0.698,0.808,0.0431,0.049,0.0,0.309,0.867,144,3.53,F,Major,F Major,Veloce (Allegro),0,0,0,0,0,0,0,0,0,0,0,0,1,0,0,0,0
macklemore & ryan lewis,thrift shop (feat. wanz),True,2012,0.01,0.781,0.526,0.668,0.293,0.0619,0.0,0.0457,0.662,95,3.55,F#,Minor,F# Minor,Moderato,0,0,0,0,0,0,0,0,1,0,0,0,1,0,0,0,0
daft punk,get lucky (feat. pharrell williams & nile rodgers) - radio edit,False,2013,0.83,0.794,0.811,0.571,0.038,0.0426,1.07e-06,0.101,0.862,116,4.08,F#,Minor,F# Minor,Allegretto,0,0,0,0,1,0,1,0,1,0,0,0,0,0,0,0,0
will.i.am,scream & shout,True,2013,0.78,0.772,0.685,0.675,0.0696,0.019,8.96e-05,0.131,0.501,130,4.43,F,Major,F Major,Veloce (Allegro),0,0,0,0,0,0,0,0,1,0,0,0,1,0,0,0,0
stromae,papaoutai,False,2013,0.0,0.733,0.818,0.657,0.0859,0.0241,0.0,0.0636,0.253,116,3.52,A#,Minor,A# Minor,Allegretto,0,0,0,0,0,0,0,0,0,0,0,0,1,0,0,0,0
bingo players,get up (rattle) - vocal edit,False,2013,0.01,0.801,0.985,0.881,0.0645,0.0205,6.86e-06,0.296,0.722,128,2.46,G,Major,G Major,Veloce (Allegro),0,0,0,0,1,0,1,0,0,0,0,0,1,0,0,0,0
naughty boy,la la la,False,2013,0.58,0.754,0.677,0.796,0.0316,0.112,0.0,0.111,0.254,125,3.4,F#,Minor,F# Minor,Veloce (Allegro),0,0,0,0,1,0,1,0,0,0,0,0,0,0,0,0,0
tom odell,another love,True,2013,0.88,0.445,0.537,0.592,0.04,0.695,1.65e-05,0.0944,0.131,123,4.04,E,Minor,E Minor,Veloce (Allegro),0,0,0,0,0,0,0,0,0,0,0,0,1,0,0,0,0
2 chainz,we own it (fast & furious),False,2013,0.69,0.563,0.902,0.787,0.402,0.0545,0.0,0.0524,0.559,172,3.47,C#,Minor,C# Minor,Vivace,0,0,0,0,0,0,0,0,1,0,0,0,1,0,0,0,0
david guetta,play hard (feat. ne-yo & akon),False,2012,0.69,0.691,0.921,0.93,0.0533,0.173,0.0,0.331,0.8,130,3.21,G#,Minor,G# Minor,Veloce (Allegro),0,0,0,0,1,0,1,0,1,0,0,0,1,0,0,0,0
pitbull,feel this moment (feat. christina aguilera),False,2012,0.77,0.673,0.758,0.834,0.158,0.039,0.0,0.341,0.542,136,3.49,G,Major,G Major,Veloce (Allegro),0,0,0,0,0,0,0,0,1,0,1,0,1,0,0,0,0
will.i.am,#thatpower,False,2013,0.68,0.797,0.608,0.712,0.0584,0.00112,7.66e-05,0.0748,0.402,128,4.39,F#,Minor,F# Minor,Veloce (Allegro),0,0,0,0,0,0,0,0,1,0,0,0,1,0,0,0,0
lil wayne,love me,True,2013,0.68,0.669,0.634,0.694,0.0327,0.0125,0.0,0.0946,0.496,125,4.15,B,Major,B Major,Veloce (Allegro),0,0,0,0,0,0,0,0,1,0,0,0,1,0,0,0,0
macklemore & ryan lewis,can't hold us (feat. ray dalton),False,2012,0.81,0.641,0.922,0.793,0.0786,0.0291,0.0,0.0862,0.847,146,4.18,D,Major,D Major,Veloce (Allegro),0,0,0,0,0,0,0,0,1,0,0,0,1,0,0,0,0
martin garrix,animals - radio edit,False,2013,0.0,0.593,0.914,0.749,0.0363,0.00137,0.445,0.0714,0.0381,128,2.56,C#,Major,C# Major,Veloce (Allegro),0,0,0,0,1,0,1,0,0,0,0,0,1,0,0,0,0
jason derulo,talk dirty (feat. 2 chainz),True,2013,0.56,0.76,0.652,0.652,0.232,0.0348,0.0,0.307,0.759,100,2.57,F#,Major,F# Major,Moderato,0,0,0,0,0,0,0,0,1,0,0,0,1,0,0,0,0
john newman,love me again,False,2013,0.74,0.495,0.894,0.776,0.0441,0.00453,0.000596,0.103,0.213,126,3.59,D,Minor,D Minor,Veloce (Allegro),0,0,0,0,0,0,0,0,0,0,0,0,1,0,0,0,0
britney spears,work b**ch,True,2013,0.0,0.63,0.816,0.691,0.15,0.124,0.00111,0.0616,0.85,128,4.07,A,Major,A Major,Veloce (Allegro),0,0,0,0,0,0,0,0,0,0,0,0,1,0,0,0,0
neighbourhood,sweater weather,False,2013,0.89,0.612,0.807,0.875,0.0336,0.0495,0.0177,0.101,0.398,124,4.0,A#,Major,A# Major,Veloce (Allegro),0,0,0,0,0,0,0,0,0,0,0,0,1,0,1,0,0
sebastian ingrosso,reload - radio edit,False,2013,0.68,0.485,0.724,0.785,0.0521,0.0736,0.0,0.0631,0.433,128,3.41,A,Minor,A Minor,Veloce (Allegro),0,0,0,0,1,0,1,0,0,0,0,0,1,0,0,0,0
capital cities,safe and sound,False,2013,0.0,0.652,0.783,0.775,0.0309,0.000189,0.0173,0.0889,0.836,118,3.12,C,Major,C Major,Allegretto,0,0,0,0,0,0,0,0,0,0,0,0,1,0,0,0,0
demi lovato,heart attack,False,2013,0.79,0.504,0.785,0.776,0.104,0.0738,0.0,0.239,0.502,174,3.3,G#,Major,G# Major,Vivace,0,0,0,0,0,0,0,0,0,0,0,0,1,0,0,0,0
arctic monkeys,why'd you only call me when you're high?,False,2013,0.84,0.691,0.631,0.694,0.0368,0.0483,1.13e-05,0.104,0.8,92,2.41,D,Major,D Major,Moderato,0,0,0,0,0,0,0,0,0,0,0,0,0,0,1,0,0
justin bieber,beauty and a beat,False,2012,0.73,0.602,0.843,0.775,0.0593,0.000688,5.27e-05,0.0682,0.526,128,3.47,C,Major,C Major,Veloce (Allegro),0,0,0,0,0,0,0,0,0,0,0,0,1,0,0,0,0
eminem,the monster,True,2013,0.75,0.781,0.853,0.832,0.0715,0.0525,0.0,0.12,0.624,110,4.1,C#,Minor,C# Minor,Allegretto,0,0,0,0,0,0,0,0,1,0,0,0,0,0,0,0,0
pitbull,don't stop the party (feat. tjr),False,2012,0.64,0.722,0.958,0.835,0.0912,0.00726,0.0,0.375,0.952,127,3.26,E,Major,E Major,Veloce (Allegro),0,0,0,0,0,0,0,0,1,0,1,0,1,0,0,0,0
selena gomez,come & get it,False,2013,0.69,0.546,0.787,0.811,0.0517,0.0101,0.00021,0.0809,0.573,80,3.51,G,Minor,G Minor,Moderato,0,0,0,0,0,0,0,0,0,0,0,0,1,0,0,0,0
p!nk,true love (feat. lily allen),True,2012,0.71,0.457,0.823,0.778,0.311,0.00144,0.0,0.108,0.578,192,3.5,A,Major,A Major,Frenetico (Presto),0,0,0,0,0,0,0,0,0,0,0,0,1,0,0,0,0
disclosure,white noise,False,2013,0.54,0.665,0.844,0.709,0.0501,0.00963,0.000215,0.311,0.902,120,4.37,A#,Minor,A# Minor,Allegretto,0,0,0,0,1,0,1,0,0,0,0,0,1,0,0,0,0
flo rida,i cry,False,2012,0.6,0.693,0.822,0.745,0.0439,0.00616,1.79e-06,0.315,0.763,126,3.43,E,Minor,E Minor,Veloce (Allegro),0,0,0,0,0,0,0,0,1,0,0,0,1,0,0,0,0
kanye west,black skinhead,True,2013,0.0,0.578,0.825,0.712,0.322,0.000986,0.0,0.176,0.283,130,3.08,C#,Major,C# Major,Veloce (Allegro),0,0,0,0,0,0,0,0,1,0,0,0,0,0,0,0,0
lana del rey,summertime sadness (lana del rey vs. cedric gervais) - cedric gervais remix,False,2013,0.72,0.572,0.81,0.727,0.0558,0.0157,6.53e-06,0.13,0.11,126,3.34,C#,Minor,C# Minor,Veloce (Allegro),0,0,0,0,0,0,0,0,0,0,0,0,1,0,0,0,0
eminem,berzerk,True,2013,0.66,0.739,0.872,0.813,0.333,0.0217,0.0,0.26,0.684,95,3.58,B,Minor,B Minor,Moderato,0,0,0,0,0,0,0,0,1,0,0,0,0,0,0,0,0
icona pop,i love it (feat. charli xcx),True,2013,0.68,0.711,0.906,0.882,0.0284,0.00952,1.64e-05,0.153,0.824,126,2.37,G#,Major,G# Major,Veloce (Allegro),0,0,0,0,1,0,1,0,0,0,0,0,1,0,0,0,0
fall out boy,my songs know what you did in the dark (light em up),False,2013,0.71,0.558,0.924,0.799,0.064,0.0271,3.32e-06,0.537,0.567,152,3.06,A,Minor,A Minor,Veloce (Allegro),0,0,0,0,0,0,0,0,0,0,0,0,0,0,1,0,0
lorde,team,False,2013,0.0,0.691,0.582,0.646,0.0939,0.162,0.0,0.247,0.427,100,3.13,F#,Major,F# Major,Moderato,0,0,0,0,1,0,1,0,0,0,0,0,1,0,0,0,0
avicii,i could be the one (avicii vs. nicky romero) - radio edit,False,2012,0.68,0.509,0.79,0.827,0.0374,0.332,6.67e-05,0.316,0.638,128,3.28,F#,Minor,F# Minor,Veloce (Allegro),0,0,0,0,1,0,1,0,0,0,0,0,1,0,0,0,0
imagine dragons,demons,False,2012,0.81,0.505,0.71,0.865,0.0321,0.19,0.00025,0.269,0.428,90,2.57,D#,Major,D# Major,Moderato,0,0,0,0,0,0,0,0,0,0,0,0,0,0,1,0,0
one direction,one way or another (teenage kicks),False,2013,0.66,0.489,0.867,0.859,0.071,0.025,0.0,0.586,0.409,162,2.37,E,Minor,E Minor,Vivace,0,0,0,0,0,0,0,0,0,0,0,0,1,0,0,0,0
taylor swift,i knew you were trouble.,False,2012,0.76,0.622,0.469,0.678,0.0363,0.00454,2.25e-06,0.0335,0.679,77,3.39,D#,Minor,D# Minor,Moderato,0,0,0,0,0,0,0,0,0,0,0,0,1,0,0,0,0
arctic monkeys,do i wanna know?,False,2013,0.84,0.548,0.532,0.638,0.0323,0.186,0.000263,0.217,0.405,85,4.32,F,Major,F Major,Moderato,0,0,0,0,0,0,0,0,0,0,0,0,0,0,1,0,0
rudimental,waiting all night (feat. ella eyre),False,2013,0.66,0.544,0.728,0.749,0.05,0.00264,0.00959,0.427,0.281,175,4.52,F#,Minor,F# Minor,Vivace,0,0,0,0,1,0,1,0,0,0,0,0,1,0,0,0,0
klangkarussell,sonnentanz - sun don't shine,False,2014,0.68,0.579,0.549,0.605,0.0909,0.104,0.0202,0.0964,0.155,120,3.58,F,Minor,F Minor,Allegretto,0,0,0,0,1,0,1,0,0,0,0,0,1,0,0,0,0
calvin harris,drinking from the bottle (feat. tinie tempah),False,2012,0.61,0.665,0.886,0.807,0.0514,0.0469,6.24e-05,0.0525,0.53,128,4.0,A,Minor,A Minor,Veloce (Allegro),0,0,0,0,1,0,1,0,1,0,0,0,1,0,0,0,0
a$ap rocky,"f**kin' problems (feat. drake, 2 chainz & kendrick lamar)",True,2013,0.76,0.853,0.693,0.674,0.275,0.0239,0.0,0.11,0.662,96,3.53,C#,Major,C# Major,Moderato,0,0,0,0,0,0,0,0,1,0,0,0,0,0,0,0,0
p!nk,try,False,2012,0.76,0.674,0.628,0.664,0.03,0.00144,0.0,0.0944,0.552,104,4.07,D,Major,D Major,Moderato,0,0,0,0,0,0,0,0,0,0,0,0,1,0,0,0,0
ylvis,the fox (what does the fox say?),False,2013,0.63,0.703,0.867,0.802,0.0453,0.107,0.0,0.119,0.546,128,3.33,F#,Major,F# Major,Veloce (Allegro),0,0,0,0,0,0,0,0,1,0,0,0,0,0,0,0,0
ellie goulding,burn,False,2014,0.7,0.559,0.777,0.765,0.0432,0.31,0.0,0.105,0.329,87,3.51,C#,Major,C# Major,Moderato,0,0,0,0,1,0,1,0,0,0,0,0,1,0,1,0,0
baauer,harlem shake,False,2013,0.57,0.452,0.794,0.759,0.0483,0.0111,0.00182,0.416,0.282,138,3.16,C,Major,C Major,Veloce (Allegro),0,0,0,0,1,0,1,0,0,0,0,0,0,0,0,0,0
calvin harris,i need your love (feat. ellie goulding),False,2012,0.7,0.695,0.869,0.763,0.0483,0.41,0.0,0.237,0.58,125,3.54,G#,Major,G# Major,Veloce (Allegro),0,0,0,0,1,0,1,0,1,0,0,0,1,0,0,0,0
katy perry,this is how we do,False,2013,0.6,0.69,0.636,0.716,0.0457,0.0203,0.0,0.147,0.8,96,3.24,A,Minor,A Minor,Moderato,0,0,0,0,0,0,0,0,0,0,0,0,1,0,0,0,0
awolnation,sail,False,2011,0.02,0.825,0.435,0.54,0.0568,0.452,0.609,0.0953,0.243,119,4.19,C#,Major,C# Major,Allegretto,0,0,0,0,0,0,0,0,0,0,0,0,1,0,1,0,0
duke dumont,need u (100%) [feat. a*m*e] - radio edit,False,2013,0.27,0.681,0.835,0.732,0.049,0.00176,0.00183,0.354,0.469,124,2.54,C,Minor,C Minor,Veloce (Allegro),0,0,0,0,1,0,1,0,0,0,0,0,1,0,0,0,0
jason derulo,the other side,False,2013,0.5,0.561,0.836,0.819,0.1,0.0525,0.0,0.136,0.517,128,3.46,A,Major,A Major,Veloce (Allegro),0,0,0,0,0,0,0,0,1,0,0,0,1,0,0,0,0
storm queen,look right through - mk vocal edit,False,2014,0.0,0.832,0.815,0.617,0.081,0.00304,0.00553,0.263,0.519,120,2.3,C,Minor,C Minor,Allegretto,0,0,0,0,1,0,1,0,0,0,0,0,0,0,0,0,0
calvin harris,sweet nothing (feat. florence welch),False,2012,0.71,0.573,0.929,0.819,0.109,0.197,0.000112,0.0567,0.582,128,3.32,G#,Minor,G# Minor,Veloce (Allegro),0,0,0,0,1,0,1,0,1,0,0,0,1,0,0,0,0
katy perry,unconditionally,False,2013,0.0,0.555,0.729,0.776,0.0387,0.00357,0.0,0.209,0.369,129,3.48,G,Major,G Major,Veloce (Allegro),0,0,0,0,0,0,0,0,0,0,0,0,1,0,0,0,0
wale,bad (feat. rihanna) - remix,True,2013,0.61,0.807,0.702,0.688,0.0748,0.307,0.0,0.111,0.447,114,3.58,F#,Minor,F# Minor,Allegretto,0,0,0,0,0,0,0,0,1,0,0,0,1,1,0,0,0
ciara,body party,False,2013,0.64,0.577,0.576,0.702,0.0563,0.0143,0.0,0.602,0.12,134,3.54,D,Major,D Major,Veloce (Allegro),0,0,0,0,0,0,0,0,0,0,0,0,1,1,0,0,0
drake,started from the bottom,True,2013,0.65,0.794,0.523,0.627,0.161,0.0331,0.0,0.156,0.56,86,2.54,G#,Major,G# Major,Moderato,0,0,0,0,0,0,0,0,1,0,0,0,1,1,0,0,0
birdy,wings,False,2013,0.48,0.474,0.707,0.79,0.0253,0.0831,0.0,0.162,0.224,83,4.12,G,Major,G Major,Moderato,0,0,0,0,0,0,0,0,0,0,0,0,1,0,0,0,0
bastille,of the night,False,2013,0.61,0.67,0.829,0.658,0.0427,0.0192,0.000225,0.089,0.349,125,3.34,F,Minor,F Minor,Veloce (Allegro),0,0,0,0,0,0,0,0,0,0,0,0,1,0,1,0,0
olly murs,dear darlin',False,2012,0.59,0.512,0.828,0.783,0.0454,0.00627,8.73e-06,0.119,0.34,124,3.26,B,Minor,B Minor,Veloce (Allegro),0,0,0,0,1,0,1,0,0,0,0,0,1,0,0,0,0
katy perry,roar,False,2013,0.73,0.554,0.772,0.775,0.0418,0.00487,6.6e-06,0.354,0.455,180,3.43,G,Minor,G Minor,Frenetico (Presto),0,0,0,0,0,0,0,0,0,0,0,0,1,0,0,0,0
blake shelton,sure be cool if you did,False,2013,0.56,0.576,0.726,0.785,0.035,0.255,0.0,0.108,0.582,137,3.35,B,Major,B Major,Veloce (Allegro),0,0,0,1,0,0,0,0,0,0,0,0,0,0,0,0,0
calvin harris,thinking about you (feat. ayah marar),False,2012,0.65,0.725,0.874,0.83,0.0396,0.00262,0.000412,0.0958,0.748,128,4.07,C,Minor,C Minor,Veloce (Allegro),0,0,0,0,1,0,1,0,1,0,0,0,1,0,0,0,0
jay-z,holy grail,True,2013,0.62,0.676,0.534,0.673,0.0831,0.0594,8.59e-06,0.256,0.156,145,5.38,D,Minor,D Minor,Veloce (Allegro),0,0,0,0,0,0,0,0,1,0,0,0,0,0,0,0,0
bridgit mendler,ready or not,False,2012,0.72,0.715,0.872,0.824,0.0509,0.00351,3.84e-05,0.107,0.748,93,3.2,D,Major,D Major,Moderato,0,0,0,0,0,0,0,0,0,0,0,0,1,0,0,0,0
saturdays,what about us,False,2013,0.61,0.704,0.68,0.779,0.0581,0.0059,0.0,0.213,0.689,124,3.4,G,Major,G Major,Veloce (Allegro),0,0,0,0,1,0,1,0,0,0,0,0,1,0,0,0,0
bastille,pompeii,False,2013,0.74,0.679,0.715,0.698,0.0407,0.0755,0.0,0.271,0.571,127,3.34,A,Major,A Major,Veloce (Allegro),0,0,0,0,0,0,0,0,0,0,0,0,1,0,1,0,0
one direction,best song ever,False,2013,0.76,0.652,0.877,0.866,0.0465,0.0227,0.0,0.0789,0.486,118,3.2,C#,Major,C# Major,Allegretto,0,0,0,0,0,0,0,0,0,0,0,0,1,0,0,0,0
nelly,hey porsche,True,2013,0.57,0.726,0.795,0.784,0.029,0.136,0.0,0.698,0.952,116,3.29,A,Major,A Major,Allegretto,0,0,0,0,0,0,0,0,1,0,0,0,1,1,0,0,0
zedd,clarity,False,2012,0.0,0.523,0.78,0.842,0.0753,0.0366,0.0,0.0751,0.193,128,4.31,G#,Major,G# Major,Veloce (Allegro),0,0,0,0,1,0,1,0,1,0,0,0,1,0,0,0,0
miley cyrus,wrecking ball,False,2013,0.77,0.53,0.422,0.704,0.0342,0.407,0.0,0.107,0.349,120,3.41,F,Major,F Major,Allegretto,0,0,0,0,0,0,0,0,0,0,0,0,1,0,0,0,0
chris brown,fine china,False,2013,0.0,0.659,0.735,0.779,0.056,0.0466,0.0,0.111,0.609,104,3.33,A#,Minor,A# Minor,Moderato,0,0,0,0,0,0,0,0,1,0,0,0,1,1,0,0,0
daft punk,lose yourself to dance (feat. pharrell williams),False,2013,0.69,0.832,0.659,0.627,0.057,0.0839,0.00114,0.0753,0.674,100,5.53,A#,Minor,A# Minor,Moderato,0,0,0,0,1,0,1,0,1,0,0,0,0,0,0,0,0
armin van buuren,this is what it feels like,False,2013,0.66,0.551,0.833,0.756,0.03,0.0391,2.77e-06,0.0632,0.145,130,3.24,G#,Major,G# Major,Veloce (Allegro),0,0,0,0,1,0,1,0,0,0,0,0,1,0,0,0,0
justin timberlake,mirrors,False,2013,0.78,0.574,0.512,0.684,0.0503,0.234,0.0,0.0946,0.512,77,8.04,F,Minor,F Minor,Moderato,0,0,0,0,0,0,0,0,0,0,0,0,1,0,0,0,0
bruno mars,treasure,True,2012,0.78,0.874,0.692,0.753,0.0431,0.0412,7.24e-05,0.324,0.937,116,2.58,F,Minor,F Minor,Allegretto,0,0,0,0,0,0,0,0,0,0,0,0,1,0,0,0,0
of monsters and men,little talks,False,2012,0.79,0.457,0.757,0.758,0.032,0.0206,0.0,0.146,0.417,103,4.26,C#,Major,C# Major,Moderato,1,0,0,0,0,0,0,1,0,0,0,0,1,0,1,0,0
miley cyrus,we can't stop,False,2013,0.78,0.613,0.622,0.727,0.0334,0.00882,0.0,0.37,0.484,80,3.51,C#,Minor,C# Minor,Moderato,0,0,0,0,0,0,0,0,0,0,0,0,1,0,0,0,0
j. cole,power trip (feat. miguel),True,2013,0.0,0.667,0.61,0.665,0.217,0.322,0.000203,0.426,0.465,100,4.01,C#,Major,C# Major,Moderato,0,0,0,0,0,0,0,0,1,0,0,0,0,0,0,0,0
paramore,still into you,False,2013,0.79,0.602,0.923,0.828,0.044,0.0098,0.0,0.0561,0.765,136,3.36,F,Major,F Major,Veloce (Allegro),0,0,0,0,0,0,0,0,0,0,0,0,1,0,1,0,0
christina perri,human,False,2013,0.59,0.439,0.489,0.703,0.0368,0.132,0.000643,0.114,0.253,144,4.1,G#,Major,G# Major,Veloce (Allegro),0,0,0,0,0,0,0,0,0,0,0,0,1,0,0,0,0
drake,"hold on, we're going home",False,2013,0.72,0.773,0.414,0.646,0.0961,0.00411,3.4e-05,0.0733,0.289,100,3.47,F#,Minor,F# Minor,Moderato,0,0,0,0,0,0,0,0,1,0,0,0,1,1,0,0,0
james blunt,bonfire heart,False,2013,0.0,0.575,0.821,0.732,0.0527,0.181,0.0,0.124,0.449,118,3.58,C,Major,C Major,Allegretto,0,0,0,0,0,0,0,0,0,0,0,0,1,0,0,0,0
maroon 5,daylight,False,2012,0.66,0.656,0.674,0.743,0.0269,0.00242,0.0,0.255,0.369,120,3.45,G,Major,G Major,Allegretto,0,0,0,0,0,0,0,0,0,0,0,0,1,0,0,0,0
childish gambino,3005,True,2013,0.0,0.681,0.463,0.69,0.289,0.128,0.0,0.0769,0.661,83,3.55,F#,Minor,F# Minor,Moderato,0,0,0,0,0,0,0,0,1,0,0,0,0,0,0,0,0
avril lavigne,here's to never growing up,True,2013,0.0,0.483,0.871,0.861,0.101,0.015,0.0,0.415,0.716,165,3.34,C,Major,C Major,Vivace,0,0,0,0,0,0,0,0,0,0,0,0,1,0,0,0,0
taylor swift,22,False,2012,0.68,0.661,0.729,0.689,0.0376,0.00215,0.0013,0.0477,0.668,104,3.52,G,Major,G Major,Moderato,0,0,0,0,0,0,0,0,0,0,0,0,1,0,0,0,0
passenger,let her go,False,2012,0.73,0.509,0.538,0.651,0.0572,0.385,0.0,0.104,0.244,75,4.12,G,Major,G Major,Lento (Adagio),0,0,0,0,0,0,0,0,0,0,0,0,1,0,0,0,0
ariana grande,the way,False,2013,0.65,0.645,0.878,0.855,0.113,0.294,0.0,0.076,0.862,82,3.47,F,Minor,F Minor,Moderato,0,0,0,0,0,0,0,0,0,0,0,0,1,0,0,0,0
rihanna,stay,False,2012,0.76,0.621,0.31,0.511,0.0283,0.945,6.12e-05,0.117,0.125,112,4.0,A,Minor,A Minor,Allegretto,0,0,0,0,0,0,0,0,1,0,0,0,1,1,0,0,0
justin timberlake,suit & tie (feat. jay-z),True,2013,0.67,0.795,0.596,0.826,0.219,0.103,0.0,0.164,0.357,102,5.26,B,Minor,B Minor,Moderato,0,0,0,0,0,0,0,0,0,0,0,0,1,0,0,0,0
bruno mars,when i was your man,False,2012,0.83,0.612,0.28,0.586,0.0434,0.932,0.0,0.088,0.387,73,3.33,C,Major,C Major,Lento (Adagio),0,0,0,0,0,0,0,0,0,0,0,0,1,0,0,0,0
florida georgia line,cruise,False,2012,0.57,0.457,0.948,0.847,0.0354,0.0191,0.0,0.0536,0.878,148,3.28,A#,Major,A# Major,Veloce (Allegro),0,0,0,1,0,0,0,0,0,0,0,0,0,0,0,0,0
pharrell williams,"happy - from ""despicable me 2""",False,2014,0.79,0.647,0.822,0.783,0.183,0.219,0.0,0.0908,0.962,160,3.52,F,Minor,F Minor,Vivace,0,0,0,0,0,0,0,0,1,0,0,0,1,0,0,0,0
katy perry,dark horse,False,2013,0.74,0.647,0.585,0.711,0.0512,0.00314,0.0,0.165,0.353,132,3.35,F#,Major,F# Major,Veloce (Allegro),0,0,0,0,0,0,0,0,0,0,0,0,1,0,0,0,0
schoolboy q,collard greens,True,2014,0.0,0.826,0.571,0.773,0.064,0.0239,7.38e-06,0.207,0.666,154,4.59,B,Major,B Major,Veloce (Allegro),0,0,0,0,0,0,0,0,1,0,0,0,1,0,0,0,0
iggy azalea,fancy,True,2014,0.69,0.912,0.716,0.809,0.0697,0.0904,0.0,0.0491,0.377,95,3.19,A#,Minor,A# Minor,Moderato,0,0,0,0,0,0,0,0,1,0,0,0,1,0,0,0,0
maroon 5,animals,False,2014,0.79,0.279,0.742,0.694,0.0898,0.000185,0.0,0.593,0.328,190,3.51,E,Minor,E Minor,Frenetico (Presto),0,0,0,0,0,0,0,0,0,0,0,0,1,0,0,0,0
sam smith,stay with me,False,2014,0.8,0.418,0.42,0.695,0.0414,0.588,6.39e-05,0.11,0.184,84,2.52,C,Major,C Major,Moderato,0,0,0,0,0,0,0,0,0,0,0,0,1,0,0,0,0
magic!,rude,False,2014,0.8,0.773,0.758,0.767,0.0381,0.0422,0.0,0.305,0.925,144,3.44,C#,Major,C# Major,Veloce (Allegro),0,0,0,0,0,0,0,0,0,0,0,0,1,0,0,0,0
sia,chandelier,False,2014,0.78,0.399,0.787,0.871,0.0499,0.0197,6.07e-05,0.0685,0.572,117,3.36,C#,Major,C# Major,Allegretto,0,0,0,0,0,0,0,0,0,0,0,0,1,0,0,0,0
john legend,all of me,False,2013,0.84,0.422,0.264,0.665,0.0322,0.922,0.0,0.132,0.331,120,4.29,G#,Major,G# Major,Allegretto,0,0,0,0,0,0,0,0,0,0,0,0,1,1,0,0,0
zhu,faded,False,2014,0.49,0.861,0.475,0.658,0.0487,0.00865,0.119,0.122,0.599,125,3.43,A,Minor,A Minor,Veloce (Allegro),0,0,0,0,1,0,1,0,0,0,0,0,0,0,0,0,0
meghan trainor,all about that bass,True,2015,0.72,0.807,0.887,0.83,0.0503,0.0573,2.87e-06,0.124,0.961,134,3.07,A,Major,A Major,Veloce (Allegro),0,0,0,0,0,0,0,0,0,0,0,0,1,0,0,0,0
david guetta,lovers on the sun (feat. sam martin),False,2014,0.5,0.645,0.891,0.89,0.0387,0.0932,3.88e-06,0.379,0.568,125,3.23,F#,Minor,F# Minor,Veloce (Allegro),0,0,0,0,1,0,1,0,1,0,0,0,1,0,0,0,0
iggy azalea,black widow,True,2014,0.67,0.743,0.72,0.828,0.124,0.192,0.000386,0.109,0.519,164,3.29,B,Major,B Major,Vivace,0,0,0,0,0,0,0,0,1,0,0,0,1,0,0,0,0
tove lo,habits (stay high),False,2014,0.74,0.733,0.65,0.839,0.0315,0.0703,6.59e-05,0.0829,0.348,110,3.29,F,Major,F Major,Allegretto,0,0,0,0,1,0,1,0,0,0,0,0,1,0,0,0,0
oliver heldens,gecko (overdrive) - radio edit,False,2014,0.67,0.609,0.885,0.743,0.0642,0.00521,1.15e-05,0.336,0.76,125,2.45,C,Major,C Major,Veloce (Allegro),0,0,0,0,1,0,1,0,0,0,0,0,1,0,0,0,0
dj snake,you know you like it,False,2014,0.69,0.407,0.725,0.749,0.188,0.0141,2.46e-06,0.306,0.247,196,4.07,F,Minor,F Minor,Frenetico (Presto),0,0,0,0,1,0,1,0,1,0,0,0,1,0,0,0,0
jason derulo,talk dirty (feat. 2 chainz),True,2013,0.56,0.76,0.652,0.652,0.232,0.0348,0.0,0.307,0.759,100,2.57,F#,Major,F# Major,Moderato,0,0,0,0,0,0,0,0,1,0,0,0,1,0,0,0,0
maroon 5,maps,False,2014,0.0,0.737,0.723,0.741,0.0295,0.0179,0.0,0.0675,0.893,120,3.09,C#,Minor,C# Minor,Allegretto,0,0,0,0,0,0,0,0,0,0,0,0,1,0,0,0,0
david guetta,bad (feat. vassy) - radio edit,False,2014,0.45,0.614,0.972,0.82,0.088,0.00125,0.0186,0.328,0.411,128,2.5,F,Minor,F Minor,Veloce (Allegro),0,0,0,0,1,0,1,0,1,0,0,0,1,0,0,0,0
tinashe,2 on (feat. schoolboy q),True,2014,0.71,0.742,0.595,0.643,0.107,0.15,0.0,0.111,0.431,101,3.47,A,Major,A Major,Moderato,0,0,0,0,1,0,1,0,1,0,0,0,1,1,0,0,0
route 94,my love (feat. jess glynne),False,2014,0.72,0.814,0.622,0.639,0.0492,0.000132,0.72,0.0658,0.726,120,4.19,G#,Major,G# Major,Allegretto,0,0,0,0,1,0,1,0,0,0,0,0,1,0,0,0,0
taylor swift,bad blood,False,2014,0.54,0.646,0.794,0.712,0.19,0.0885,6.16e-06,0.201,0.287,170,3.31,G,Major,G Major,Vivace,0,0,0,0,0,0,0,0,0,0,0,0,1,0,0,0,0
trey songz,na na,False,2015,0.62,0.67,0.476,0.705,0.0406,0.328,0.0,0.104,0.235,97,3.51,A,Minor,A Minor,Moderato,0,0,0,0,0,0,0,0,1,0,0,0,1,1,0,0,0
calvin harris,under control (feat. hurts),False,2014,0.72,0.544,0.915,0.845,0.0841,0.129,0.000914,0.115,0.51,126,3.04,G#,Major,G# Major,Veloce (Allegro),0,0,0,0,1,0,1,0,1,0,0,0,1,0,0,0,0
o.t. genasis,coco,True,2014,0.61,0.886,0.628,0.72,0.131,0.00215,1.15e-05,0.31,0.178,120,3.59,G#,Major,G# Major,Allegretto,0,0,0,0,0,0,0,0,1,0,0,0,1,0,0,0,0
jason derulo,wiggle (feat. snoop dogg),False,2013,0.66,0.697,0.621,0.673,0.25,0.0802,0.0,0.162,0.721,82,3.13,A,Minor,A Minor,Moderato,0,0,0,0,0,0,0,0,1,0,0,0,1,0,0,0,0
lilly wood and the prick,prayer in c - robin schulz radio edit,False,2014,0.66,0.76,0.886,0.749,0.0258,0.0219,7.43e-06,0.623,0.78,123,3.09,A,Minor,A Minor,Veloce (Allegro),0,0,0,0,0,0,0,0,0,0,0,0,1,0,1,0,0
jeremih,don't tell 'em,True,2015,0.74,0.856,0.527,0.755,0.0997,0.392,0.0,0.11,0.386,98,4.26,D,Major,D Major,Moderato,0,0,0,0,0,0,0,0,1,0,0,0,1,1,0,0,0
nicki minaj,anaconda,True,2014,0.66,0.964,0.605,0.706,0.179,0.0668,7.78e-06,0.214,0.646,130,4.2,A,Major,A Major,Veloce (Allegro),0,0,0,0,0,0,0,0,1,0,0,0,1,0,0,0,0
calvin harris,blame (feat. john newman),False,2014,0.75,0.414,0.857,0.812,0.0808,0.0287,0.00574,0.343,0.348,128,3.32,C,Minor,C Minor,Veloce (Allegro),0,0,0,0,1,0,1,0,1,0,0,0,1,0,0,0,0
dj snake,turn down for what,False,2013,0.7,0.818,0.799,0.811,0.156,0.00107,0.128,0.057,0.0815,100,3.33,C#,Minor,C# Minor,Moderato,0,0,0,0,1,0,1,0,1,0,0,0,1,0,0,0,0
pitbull,timber (feat. ke$ha),False,2012,0.8,0.581,0.963,0.812,0.0981,0.0295,0.0,0.139,0.788,130,3.24,B,Major,B Major,Veloce (Allegro),0,0,0,0,0,0,0,0,1,0,1,0,1,0,0,0,0
onerepublic,counting stars,False,2014,0.62,0.663,0.705,0.768,0.0385,0.0654,0.0,0.117,0.477,122,4.17,C#,Minor,C# Minor,Veloce (Allegro),0,0,0,0,0,0,0,0,0,0,0,0,1,0,0,0,0
bobby shmurda,hot n*gga,True,2014,0.73,0.794,0.51,0.652,0.42,0.0505,1.81e-06,0.0562,0.18,168,3.14,A,Major,A Major,Vivace,0,0,0,0,0,0,0,0,1,0,0,0,1,0,0,0,0
calvin harris,summer,False,2014,0.21,0.603,0.861,0.837,0.0325,0.0215,0.043,0.1,0.72,128,3.44,E,Minor,E Minor,Veloce (Allegro),0,0,0,0,1,0,1,0,1,0,0,0,1,0,0,0,0
schoolboy q,man of the year,True,2014,0.0,0.743,0.861,0.755,0.0428,0.00518,0.0,0.181,0.391,112,3.36,D#,Major,D# Major,Allegretto,0,0,0,0,0,0,0,0,1,0,0,0,1,0,0,0,0
nico & vinz,am i wrong,False,2014,0.76,0.729,0.675,0.717,0.0312,0.175,1.58e-06,0.55,0.779,120,4.05,G#,Major,G# Major,Allegretto,0,0,0,0,0,0,0,0,1,0,0,0,1,0,0,0,0
becky g,shower,False,2014,0.78,0.699,0.529,0.641,0.0487,0.0317,3.59e-05,0.285,0.121,120,3.26,D,Major,D Major,Allegretto,0,0,0,0,0,0,0,0,0,0,1,0,1,0,0,0,0
sigma,nobody to love - radio edit,False,2014,0.62,0.441,0.921,0.85,0.0436,0.000526,6.34e-06,0.177,0.182,175,3.09,G#,Major,G# Major,Vivace,0,0,0,0,1,0,1,0,0,0,0,0,1,0,0,0,0
chainsmokers,#selfie - original mix,False,2014,0.0,0.789,0.915,0.852,0.248,0.0135,8.77e-06,0.0818,0.66,128,3.03,C,Major,C Major,Veloce (Allegro),0,0,0,0,1,0,1,0,0,0,0,0,1,0,0,0,0
lorde,team,False,2013,0.76,0.69,0.578,0.646,0.0929,0.167,0.0,0.305,0.416,100,3.13,F#,Major,F# Major,Moderato,0,0,0,0,1,0,1,0,0,0,0,0,1,0,0,0,0
rixton,me and my broken heart,False,2014,0.77,0.545,0.783,0.803,0.0345,0.00489,0.0,0.132,0.551,174,3.13,F,Minor,F Minor,Vivace,0,0,0,0,0,0,0,0,0,0,0,0,1,0,0,0,0
klingande,jubel - radio edit,False,2013,0.5,0.686,0.524,0.655,0.0343,0.649,0.0569,0.14,0.0951,125,3.21,C,Major,C Major,Veloce (Allegro),0,0,0,0,1,0,1,0,0,0,0,0,1,0,0,0,0
mr. probz,waves - robin schulz radio edit,False,2014,0.02,0.829,0.51,0.552,0.0369,0.00821,0.0014,0.0829,0.45,120,3.28,F,Minor,F Minor,Allegretto,0,0,0,0,1,0,1,0,1,0,0,0,0,0,0,0,0
paloma faith,only love can hurt like this,False,2014,0.8,0.566,0.885,0.79,0.0818,0.0958,9.97e-05,0.334,0.304,91,3.52,G#,Major,G# Major,Moderato,0,0,0,0,1,0,1,0,0,0,0,0,1,1,0,0,0
kiesza,hideaway,False,2014,0.64,0.838,0.72,0.809,0.0483,0.0862,0.00696,0.0772,0.203,123,4.11,G,Minor,G Minor,Veloce (Allegro),0,0,0,0,1,0,1,0,0,0,0,0,1,0,0,0,0
ellie goulding,burn,False,2014,0.7,0.559,0.777,0.765,0.0432,0.31,0.0,0.105,0.329,87,3.51,C#,Major,C# Major,Moderato,0,0,0,0,1,0,1,0,0,0,0,0,1,0,1,0,0
ariana grande,break free,False,2014,0.0,0.687,0.702,0.751,0.0455,0.0064,4.35e-05,0.204,0.284,130,3.34,G,Minor,G Minor,Veloce (Allegro),0,0,0,0,0,0,0,0,0,0,0,0,1,0,0,0,0
kid ink,show me (feat. chris brown),True,2014,0.68,0.711,0.508,0.653,0.0502,0.0355,0.0,0.141,0.663,98,3.37,G,Major,G Major,Moderato,0,0,0,0,0,0,0,0,1,0,0,0,1,0,0,0,0
tove lo,talking body,True,2014,0.66,0.736,0.761,0.744,0.0338,0.0966,0.0,0.0823,0.114,120,3.58,E,Minor,E Minor,Allegretto,0,0,0,0,1,0,1,0,0,0,0,0,1,0,0,0,0
chris brown,loyal (feat. lil wayne & tyga),True,2014,0.72,0.841,0.522,0.719,0.049,0.0168,1.37e-06,0.188,0.616,99,4.24,A#,Minor,A# Minor,Moderato,0,0,0,0,0,0,0,0,1,0,0,0,1,1,0,0,0
onerepublic,love runs out,False,2014,0.59,0.719,0.935,0.828,0.0589,0.167,0.0,0.0973,0.738,120,3.44,G,Major,G Major,Allegretto,0,0,0,0,0,0,0,0,0,0,0,0,1,0,0,0,0
olly murs,up (feat. demi lovato),False,2014,0.0,0.69,0.845,0.783,0.0339,0.0193,0.0,0.101,0.638,115,3.44,A,Major,A Major,Allegretto,0,0,0,0,1,0,1,0,0,0,0,0,1,0,0,0,0
peking duk,high (feat. nicole millar),False,2014,0.48,0.525,0.803,0.813,0.0492,0.00129,0.000868,0.29,0.383,100,3.48,C,Minor,C Minor,Moderato,0,0,0,0,1,0,1,0,0,0,0,0,0,0,0,0,0
milky chance,stolen dance,False,2014,0.73,0.885,0.581,0.578,0.0378,0.427,0.000204,0.0759,0.728,114,5.13,B,Major,B Major,Allegretto,0,0,0,0,0,0,0,1,0,0,0,0,0,0,0,0,0
ed sheeran,don't,False,2014,0.72,0.806,0.608,0.667,0.0659,0.0113,0.0,0.635,0.849,95,3.39,C#,Major,C# Major,Moderato,0,0,0,0,0,0,0,0,0,0,0,0,1,0,0,0,0
ariana grande,love me harder,False,2014,0.74,0.472,0.714,0.797,0.0334,0.00937,0.0,0.0764,0.24,99,3.56,C#,Minor,C# Minor,Moderato,0,0,0,0,0,0,0,0,0,0,0,0,1,0,0,0,0
enrique iglesias,bailando - spanish version,False,2014,0.66,0.718,0.792,0.84,0.105,0.0467,3.65e-06,0.0399,0.96,91,4.03,G,Major,G Major,Moderato,0,0,0,0,0,0,0,0,0,0,1,0,1,0,0,0,0
avicii,hey brother,False,2013,0.02,0.545,0.78,0.773,0.0436,0.0309,4.64e-05,0.0828,0.458,125,4.15,G,Minor,G Minor,Veloce (Allegro),0,0,0,0,1,0,1,0,0,0,0,0,1,0,0,0,0
jessie j,bang bang,False,2014,0.77,0.706,0.786,0.845,0.091,0.26,0.0,0.38,0.751,150,3.19,C,Minor,C Minor,Veloce (Allegro),0,0,0,0,0,0,0,0,1,0,0,0,1,0,0,0,0
duke dumont,i got u,False,2014,0.67,0.636,0.761,0.631,0.035,0.00377,0.00784,0.0851,0.463,121,4.45,A,Minor,A Minor,Veloce (Allegro),0,0,0,0,1,0,1,0,0,0,0,0,1,0,0,0,0
gorgon city,ready for your love,False,2014,0.61,0.677,0.753,0.666,0.154,0.0531,0.0128,0.333,0.471,122,3.18,F,Major,F Major,Veloce (Allegro),0,0,0,0,1,0,1,0,0,0,0,0,1,0,0,0,0
taylor swift,style,False,2014,0.61,0.588,0.791,0.737,0.0402,0.00245,0.00258,0.118,0.487,95,3.51,G,Major,G Major,Moderato,0,0,0,0,0,0,0,0,0,0,0,0,1,0,0,0,0
mkto,classic,False,2012,0.82,0.72,0.791,0.782,0.124,0.0384,0.0,0.157,0.756,102,2.55,C#,Major,C# Major,Moderato,0,0,0,0,0,0,0,0,1,0,0,0,1,0,0,0,0
disclosure,latch,False,2013,0.74,0.503,0.727,0.744,0.167,0.0159,9.45e-05,0.0895,0.521,122,4.15,C#,Major,C# Major,Veloce (Allegro),0,0,0,0,1,0,1,0,0,0,0,0,1,0,0,0,0
ariana grande,problem,False,2014,0.73,0.66,0.805,0.749,0.153,0.0192,8.83e-06,0.159,0.625,103,3.13,C#,Minor,C# Minor,Moderato,0,0,0,0,0,0,0,0,0,0,0,0,1,0,0,0,0
charli xcx,boom clap,False,2014,0.49,0.659,0.911,0.901,0.0786,0.154,0.000304,0.191,0.576,92,2.49,E,Major,E Major,Moderato,0,0,0,0,1,0,1,0,0,0,0,0,1,0,0,0,0
one direction,steal my girl,False,2014,0.79,0.536,0.768,0.72,0.0347,0.00433,0.0,0.114,0.545,77,3.48,A#,Minor,A# Minor,Moderato,0,0,0,0,0,0,0,0,0,0,0,0,1,0,0,0,0
tiesto,red lights,False,2013,0.0,0.653,0.829,0.777,0.0377,0.000739,1.5e-06,0.225,0.545,125,4.23,A#,Major,A# Major,Veloce (Allegro),0,0,0,0,1,0,1,0,0,0,0,0,1,0,0,0,0
selena gomez,the heart wants what it wants,False,2014,0.58,0.616,0.789,0.773,0.0377,0.053,0.0,0.142,0.621,83,3.47,G,Minor,G Minor,Moderato,0,0,0,0,0,0,0,0,0,0,0,0,1,0,0,0,0
rita ora,i will never let you down,False,2014,0.65,0.753,0.801,0.855,0.0296,0.403,0.0,0.128,0.794,128,3.23,E,Major,E Major,Veloce (Allegro),0,0,0,0,1,0,1,0,1,0,0,0,1,0,0,0,0
5 seconds of summer,she looks so perfect,False,2014,0.74,0.494,0.951,0.804,0.132,0.000569,0.0,0.327,0.441,160,3.22,A,Major,A Major,Vivace,0,0,0,0,0,0,0,0,0,0,0,0,1,0,0,0,0
script,superheroes,False,2014,0.74,0.49,0.885,0.81,0.0396,0.00218,0.0,0.0741,0.64,167,4.05,D#,Major,D# Major,Vivace,0,0,0,0,0,0,0,0,0,0,0,0,1,0,1,0,0
taylor swift,shake it off,False,2014,0.79,0.647,0.8,0.748,0.165,0.0647,0.0,0.334,0.942,160,3.39,G,Major,G Major,Vivace,0,0,0,0,0,0,0,0,0,0,0,0,1,0,0,0,0
one direction,night changes,False,2014,0.83,0.672,0.52,0.631,0.0353,0.859,0.0,0.115,0.37,120,3.46,G#,Major,G# Major,Allegretto,0,0,0,0,0,0,0,0,0,0,0,0,1,0,0,0,0
ed sheeran,sing,False,2014,0.69,0.818,0.67,0.794,0.0472,0.304,1.22e-06,0.0601,0.939,120,3.55,G#,Minor,G# Minor,Allegretto,0,0,0,0,0,0,0,0,0,0,0,0,1,0,0,0,0
alesso,heroes (we could be),False,2014,0.52,0.521,0.754,0.809,0.0634,0.0373,0.0,0.239,0.352,126,3.29,F,Major,F Major,Veloce (Allegro),0,0,0,0,1,0,1,0,0,0,0,0,1,0,0,0,0
tiesto,wasted,False,2014,0.0,0.645,0.832,0.737,0.0294,0.00106,0.00264,0.199,0.375,112,3.08,D,Major,D Major,Allegretto,0,0,0,0,1,0,1,0,0,0,0,0,1,0,0,0,0
g.r.l.,ugly heart,False,2014,0.64,0.65,0.786,0.742,0.0463,0.019,0.0,0.323,0.446,125,3.18,A,Major,A Major,Veloce (Allegro),0,0,0,0,0,0,0,0,0,0,0,0,1,0,0,0,0
coldplay,a sky full of stars,False,2014,0.8,0.545,0.675,0.694,0.0279,0.00617,0.00197,0.209,0.162,125,4.27,F#,Major,F# Major,Veloce (Allegro),0,0,0,0,0,0,0,0,0,0,0,0,1,0,1,0,0
clean bandit,rather be (feat. jess glynne),False,2014,0.72,0.799,0.586,0.681,0.0377,0.162,2.03e-06,0.193,0.549,121,3.47,B,Major,B Major,Veloce (Allegro),0,0,0,0,1,0,1,0,0,0,0,0,1,0,0,0,0
zedd,stay the night - featuring hayley williams of paramore,False,2014,0.63,0.596,0.738,0.86,0.0411,0.109,0.0,0.0947,0.461,128,3.37,G#,Major,G# Major,Veloce (Allegro),0,0,0,0,1,0,1,0,1,0,0,0,1,0,0,0,0
sia,elastic heart,False,2014,0.7,0.421,0.791,0.767,0.0496,0.0117,1.48e-05,0.146,0.499,130,4.17,A,Major,A Major,Veloce (Allegro),0,0,0,0,0,0,0,0,0,0,0,0,1,0,0,0,0
one direction,story of my life,False,2013,0.81,0.6,0.663,0.727,0.0477,0.225,0.0,0.119,0.286,121,4.05,D#,Major,D# Major,Veloce (Allegro),0,0,0,0,0,0,0,0,0,0,0,0,1,0,0,0,0
alex & sierra,little do you know,False,2014,0.75,0.5,0.292,0.591,0.0323,0.746,0.0,0.188,0.37,146,3.05,C,Major,C Major,Veloce (Allegro),0,0,0,0,0,0,0,0,0,0,0,0,1,0,0,0,0
omarion,post to be (feat. chris brown & jhene aiko),True,2014,0.55,0.733,0.676,0.734,0.0432,0.0697,0.0,0.208,0.701,97,3.46,A#,Minor,A# Minor,Moderato,0,0,0,0,0,0,0,0,1,0,0,0,1,1,0,0,0
echosmith,cool kids,False,2013,0.71,0.719,0.671,0.703,0.0336,0.0372,8.21e-06,0.12,0.786,130,3.57,G#,Major,G# Major,Veloce (Allegro),0,0,0,0,0,0,0,0,0,0,0,0,1,0,0,0,0
natalie la rose,somebody,False,2014,0.66,0.83,0.52,0.583,0.0376,0.000792,1.25e-05,0.0656,0.735,105,3.09,C,Major,C Major,Moderato,0,0,0,0,0,0,0,0,0,0,0,0,1,1,0,0,0
vance joy,riptide,False,2014,0.8,0.484,0.731,0.683,0.0379,0.431,0.0,0.151,0.51,102,3.24,C#,Major,C# Major,Moderato,0,0,0,0,0,0,0,0,0,0,0,0,1,0,1,0,0
beyonce,drunk in love (feat. jay-z),True,2014,0.7,0.589,0.621,0.673,0.0468,0.00969,0.00104,0.181,0.401,140,5.23,F,Minor,F Minor,Veloce (Allegro),0,0,0,0,0,0,0,0,0,0,0,0,1,1,0,0,0
maroon 5,sugar,True,2014,0.0,0.744,0.783,0.664,0.0337,0.0553,0.0,0.086,0.885,120,3.55,C#,Major,C# Major,Allegretto,0,0,0,0,0,0,0,0,0,0,0,0,1,0,0,0,0
ella henderson,ghost,False,2014,0.63,0.68,0.84,0.825,0.0414,0.0457,8.66e-06,0.143,0.468,105,3.33,A,Major,A Major,Moderato,0,0,0,0,1,0,1,0,0,0,0,0,1,0,0,0,0
ed sheeran,"i see fire - from ""the hobbit - the desolation of smaug""",False,2013,0.71,0.581,0.0549,0.0,0.0397,0.559,0.0,0.0718,0.234,152,5.0,A#,Minor,A# Minor,Veloce (Allegro),0,0,0,0,0,0,0,0,0,0,0,0,1,0,0,0,0
chris brown,new flame (feat. usher & rick ross),True,2014,0.67,0.702,0.629,0.802,0.041,0.0506,0.0,0.0963,0.446,142,4.04,C#,Major,C# Major,Veloce (Allegro),0,0,0,0,0,0,0,0,1,0,0,0,1,1,0,0,0
sheppard,geronimo,False,2014,0.0,0.707,0.771,0.704,0.0783,0.434,0.0013,0.115,0.437,142,3.38,G,Major,G Major,Veloce (Allegro),0,0,0,0,1,0,1,0,0,0,0,0,1,0,1,0,0
olly murs,wrapped up (feat. travie mccoy),False,2014,0.0,0.787,0.848,0.782,0.0549,0.0915,0.0,0.15,0.947,122,3.05,C#,Major,C# Major,Veloce (Allegro),0,0,0,0,1,0,1,0,0,0,0,0,1,0,0,0,0
sam smith,money on my mind,False,2014,0.62,0.688,0.841,0.756,0.179,0.204,0.000295,0.229,0.743,134,3.12,D,Major,D Major,Veloce (Allegro),0,0,0,0,0,0,0,0,0,0,0,0,1,0,0,0,0
jason derulo,trumpets,False,2013,0.53,0.627,0.703,0.772,0.236,0.563,0.0,0.0962,0.64,82,3.37,C,Major,C Major,Moderato,0,0,0,0,0,0,0,0,1,0,0,0,1,0,0,0,0
nicki minaj,bed of lies,True,2014,0.53,0.716,0.67,0.728,0.194,0.251,0.0,0.109,0.124,86,4.29,B,Major,B Major,Moderato,0,0,0,0,0,0,0,0,1,0,0,0,1,0,0,0,0
nick jonas,jealous - remix,True,2014,0.0,0.685,0.709,0.837,0.0748,0.0132,0.0,0.452,0.504,93,3.42,B,Minor,B Minor,Moderato,0,0,0,0,0,0,0,0,0,0,0,0,1,0,0,0,0
mark ronson,uptown funk (feat. bruno mars),True,2015,0.82,0.856,0.609,0.657,0.0824,0.00801,8.15e-05,0.0344,0.928,115,4.29,C,Major,C Major,Allegretto,0,0,0,0,0,0,0,0,0,0,0,0,1,0,0,0,0
ed sheeran,thinking out loud,False,2014,0.81,0.781,0.445,0.714,0.0295,0.474,0.0,0.184,0.591,79,4.41,D,Major,D Major,Moderato,0,0,0,0,0,0,0,0,0,0,0,0,1,0,0,0,0
wiz khalifa,see you again (feat. charlie puth),False,2015,0.81,0.689,0.481,0.643,0.0815,0.369,1.03e-06,0.0649,0.283,80,3.49,A#,Major,A# Major,Moderato,0,0,0,0,0,0,0,0,1,0,0,0,1,0,0,0,0
justin bieber,what do you mean?,False,2015,0.77,0.845,0.567,0.613,0.0956,0.59,0.00142,0.0811,0.793,125,3.25,F,Minor,F Minor,Veloce (Allegro),0,0,0,0,0,0,0,0,0,0,0,0,1,0,0,0,0
major lazer,lean on (feat. mø & dj snake),False,2015,0.73,0.723,0.809,0.861,0.0625,0.00346,0.00123,0.565,0.274,98,2.56,G,Minor,G Minor,Moderato,0,0,0,0,1,0,1,0,1,0,0,0,1,0,0,0,0
weeknd,"earned it (fifty shades of grey) - from the ""fifty shades of grey"" soundtrack",False,2014,0.76,0.659,0.381,0.721,0.0304,0.385,0.0,0.0972,0.426,120,4.12,D,Minor,D Minor,Allegretto,0,0,0,0,0,0,0,0,0,0,0,0,1,1,0,0,0
ellie goulding,"love me like you do - from ""fifty shades of grey""",False,2015,0.78,0.262,0.606,0.685,0.0484,0.247,0.0,0.125,0.275,190,4.12,G#,Major,G# Major,Frenetico (Presto),0,0,0,0,1,0,1,0,0,0,0,0,1,0,1,0,0
calvin harris,outside (feat. ellie goulding),False,2014,0.78,0.646,0.823,0.81,0.0394,0.213,0.0,0.322,0.418,128,3.47,D,Minor,D Minor,Veloce (Allegro),0,0,0,0,1,0,1,0,1,0,0,0,1,0,0,0,0
david guetta,"hey mama (feat. nicki minaj, bebe rexha & afrojack)",False,2014,0.75,0.596,0.73,0.811,0.151,0.24,0.0,0.325,0.525,86,3.12,A,Major,A Major,Moderato,0,0,0,0,1,0,1,0,1,0,0,0,1,0,0,0,0
demi lovato,cool for the summer,True,2015,0.0,0.586,0.613,0.737,0.0386,0.00441,0.000183,0.0853,0.319,114,3.34,F,Minor,F Minor,Allegretto,0,0,0,0,0,0,0,0,0,0,0,0,1,0,0,0,0
taylor swift,blank space,False,2014,0.82,0.76,0.703,0.746,0.054,0.103,0.0,0.0913,0.57,96,3.51,F,Major,F Major,Moderato,0,0,0,0,0,0,0,0,0,0,0,0,1,0,0,0,0
weeknd,the hills,True,2015,0.84,0.585,0.564,0.665,0.0515,0.0671,0.0,0.135,0.137,113,4.02,C,Minor,C Minor,Allegretto,0,0,0,0,0,0,0,0,0,0,0,0,1,1,0,0,0
neighbourhood,daddy issues,False,2015,0.85,0.588,0.521,0.546,0.0329,0.0678,0.149,0.123,0.337,85,4.2,A#,Major,A# Major,Moderato,0,0,0,0,0,0,0,0,0,0,0,0,1,0,1,0,0
deorro,five more hours,False,2015,0.66,0.699,0.883,0.854,0.219,0.0288,0.0,0.817,0.499,128,3.31,F,Minor,F Minor,Veloce (Allegro),0,0,0,0,1,0,1,0,0,0,0,0,1,0,0,0,0
avicii,the nights,False,2014,0.85,0.527,0.835,0.752,0.0433,0.0166,0.0,0.249,0.654,126,2.56,F#,Major,F# Major,Veloce (Allegro),0,0,0,0,1,0,1,0,0,0,0,0,1,0,0,0,0
dj snake,you know you like it,False,2014,0.69,0.407,0.725,0.749,0.188,0.0141,2.46e-06,0.306,0.247,196,4.07,F,Minor,F Minor,Frenetico (Presto),0,0,0,0,1,0,1,0,1,0,0,0,1,0,0,0,0
adam lambert,ghost town,True,2015,0.46,0.703,0.736,0.732,0.046,0.186,1.92e-05,0.174,0.274,120,3.28,E,Minor,E Minor,Allegretto,0,0,0,0,0,0,0,0,0,0,0,0,1,0,0,0,0
rae sremmurd,no type,True,2015,0.71,0.891,0.486,0.628,0.159,0.0158,3.78e-06,0.0925,0.239,125,3.2,F#,Major,F# Major,Veloce (Allegro),0,0,0,0,0,0,0,0,1,0,0,0,1,0,0,0,0
taylor swift,bad blood,False,2015,0.7,0.654,0.655,0.649,0.106,0.0294,0.0,0.139,0.221,170,3.2,B,Minor,B Minor,Vivace,0,0,0,0,0,0,0,0,0,0,0,0,1,0,0,0,0
flo rida,gdfr (feat. sage the gemini & lookas),False,2015,0.49,0.657,0.827,0.814,0.0734,0.000704,0.00534,0.065,0.69,146,3.1,F,Major,F Major,Veloce (Allegro),0,0,0,0,0,0,0,0,1,0,0,0,1,0,0,0,0
robin schulz,sugar (feat. francesco yates),False,2015,0.76,0.636,0.815,0.762,0.0581,0.0185,0.0,0.163,0.636,123,3.39,F,Minor,F Minor,Veloce (Allegro),0,0,0,0,1,0,1,0,0,0,0,0,1,0,0,0,0
calvin harris,how deep is your love,False,2015,0.76,0.738,0.868,0.798,0.0731,0.0392,0.00169,0.388,0.336,122,3.32,B,Minor,B Minor,Veloce (Allegro),0,0,0,0,1,0,1,0,1,0,0,0,1,0,0,0,0
philip george,wish you were mine - radio edit,False,2014,0.65,0.654,0.832,0.808,0.0293,0.0126,0.0901,0.102,0.407,123,2.57,G,Minor,G Minor,Veloce (Allegro),0,0,0,0,1,0,1,0,0,0,0,0,1,0,0,0,0
trey songz,na na,False,2015,0.62,0.67,0.476,0.705,0.0406,0.328,0.0,0.104,0.235,97,3.51,A,Minor,A Minor,Moderato,0,0,0,0,0,0,0,0,1,0,0,0,1,1,0,0,0
fall out boy,centuries,False,2015,0.8,0.393,0.858,0.872,0.0729,0.00359,0.0,0.102,0.56,176,3.48,E,Minor,E Minor,Vivace,0,0,0,0,0,0,0,0,0,0,0,0,0,0,1,0,0
rob $tone,chill bill (feat. j. davi$ & spooks),True,2016,0.76,0.886,0.427,0.518,0.145,0.0312,0.00099,0.0906,0.23,108,2.57,F#,Major,F# Major,Moderato,0,0,0,0,0,0,0,0,1,0,0,0,0,0,0,0,0
lost frequencies,are you with me - radio edit,False,2014,0.33,0.776,0.574,0.525,0.0317,0.466,7.83e-05,0.131,0.412,121,2.18,F,Minor,F Minor,Veloce (Allegro),0,0,0,0,1,0,1,0,0,0,0,0,1,0,0,0,0
twenty one pilots,stressed out,False,2015,0.83,0.734,0.637,0.733,0.141,0.0462,2.29e-05,0.0602,0.648,170,3.22,E,Minor,E Minor,Vivace,0,0,0,0,0,0,0,0,0,0,0,0,0,0,1,0,0
fifth harmony,worth it (feat. kid ink),False,2015,0.73,0.884,0.765,0.823,0.0882,0.063,7.04e-06,0.118,0.594,100,3.44,G#,Major,G# Major,Moderato,0,0,0,0,0,0,0,0,0,0,0,0,1,0,0,0,0
kaleo,way down we go,False,2015,0.63,0.59,0.578,0.727,0.0528,0.612,0.000162,0.0837,0.264,82,3.39,A#,Minor,A# Minor,Moderato,0,0,1,0,0,0,0,0,0,0,0,0,0,0,1,0,0
sam smith,like i can,False,2014,0.79,0.656,0.627,0.686,0.0379,0.343,2.17e-05,0.124,0.481,100,2.47,G,Minor,G Minor,Moderato,0,0,0,0,0,0,0,0,0,0,0,0,1,0,0,0,0
major lazer,light it up (feat. nyla & fuse odg) - remix,False,2015,0.49,0.746,0.877,0.827,0.0666,0.0375,0.000833,0.233,0.751,108,2.46,A,Minor,A Minor,Moderato,0,0,0,0,1,0,1,0,1,0,0,0,1,0,0,0,0
martin solveig,intoxicated - new radio mix,False,2015,0.48,0.8,0.677,0.815,0.0393,0.00563,0.00409,0.0838,0.547,125,2.39,C,Major,C Major,Veloce (Allegro),0,0,0,0,1,0,1,0,0,0,0,0,1,0,0,0,0
avicii,waiting for love,False,2015,0.79,0.579,0.736,0.823,0.0527,0.31,0.0,0.198,0.613,128,3.5,F#,Minor,F# Minor,Veloce (Allegro),0,0,0,0,1,0,1,0,0,0,0,0,1,0,0,0,0
felix jaehn,ain't nobody (loves me better) (feat. jasmine thompson),False,2018,0.72,0.778,0.566,0.67,0.0311,0.672,0.000197,0.0698,0.479,118,3.06,D,Minor,D Minor,Allegretto,0,0,0,0,1,0,1,0,1,0,0,0,1,0,0,0,0
taylor swift,wildest dreams,False,2014,0.78,0.553,0.664,0.647,0.0741,0.0709,0.0056,0.106,0.467,140,3.4,G#,Major,G# Major,Veloce (Allegro),0,0,0,0,0,0,0,0,0,0,0,0,1,0,0,0,0
weeknd,in the night,True,2015,0.0,0.48,0.682,0.77,0.13,0.0696,0.0,0.0463,0.506,168,3.55,G,Major,G Major,Vivace,0,0,0,0,0,0,0,0,0,0,0,0,1,1,0,0,0
pitbull,time of our lives,True,2014,0.8,0.721,0.802,0.727,0.0583,0.0921,0.0,0.694,0.724,124,3.49,C#,Major,C# Major,Veloce (Allegro),0,0,0,0,0,0,0,0,1,0,1,0,1,0,0,0,0
galantis,runaway (u & i),False,2015,0.74,0.506,0.805,0.81,0.0469,0.00711,0.00193,0.0856,0.383,126,3.47,C#,Major,C# Major,Veloce (Allegro),0,0,0,0,1,0,1,0,0,0,0,0,1,0,0,0,0
rihanna,bitch better have my money,True,2015,0.73,0.781,0.728,0.768,0.0621,0.0509,1.94e-06,0.257,0.395,103,3.39,C#,Major,C# Major,Moderato,0,0,0,0,0,0,0,0,1,0,0,0,1,1,0,0,0
zara larsson,lush life,False,2015,0.0,0.658,0.741,0.872,0.0536,0.141,0.0,0.189,0.789,98,3.22,G,Minor,G Minor,Moderato,0,0,0,0,1,0,1,0,0,0,0,0,1,0,0,0,0
one direction,drag me down,False,2015,0.79,0.73,0.703,0.733,0.0369,0.109,0.0,0.0657,0.595,138,3.12,C,Minor,C Minor,Veloce (Allegro),0,0,0,0,0,0,0,0,0,0,0,0,1,0,0,0,0
travis scott,antidote,True,2015,0.73,0.713,0.526,0.764,0.032,0.00767,0.000148,0.124,0.131,131,4.22,C#,Major,C# Major,Veloce (Allegro),0,0,0,0,1,0,1,0,1,0,0,0,0,0,0,0,0
years & years,king,False,2015,0.0,0.559,0.848,0.81,0.0388,0.0665,0.0,0.382,0.466,120,3.35,E,Minor,E Minor,Allegretto,0,0,0,0,1,0,1,0,0,0,0,0,1,0,0,0,0
demi lovato,confident,True,2015,0.64,0.594,0.749,0.705,0.0677,0.00188,0.000139,0.0869,0.344,130,3.25,D#,Major,D# Major,Veloce (Allegro),0,0,0,0,0,0,0,0,0,0,0,0,1,0,0,0,0
lemaitre,closer,False,2017,0.59,0.583,0.785,0.816,0.0337,0.0012,0.0127,0.124,0.355,92,4.3,D,Minor,D Minor,Moderato,0,0,0,0,0,0,0,0,0,0,0,0,1,0,0,0,0
selena gomez,same old love,False,2015,0.69,0.672,0.593,0.815,0.0304,0.0223,0.0,0.214,0.438,98,3.49,B,Minor,B Minor,Moderato,0,0,0,0,0,0,0,0,0,0,0,0,1,0,0,0,0
pia mia,do it again,True,2015,0.72,0.712,0.564,0.691,0.047,0.0266,0.0,0.0874,0.411,96,3.27,G#,Major,G# Major,Moderato,0,0,0,0,0,0,0,0,0,0,0,0,1,1,0,0,0
flo rida,my house,False,2015,0.76,0.688,0.702,0.777,0.0499,0.0215,0.0,0.128,0.74,94,3.12,G,Minor,G Minor,Moderato,0,0,0,0,0,0,0,0,1,0,0,0,1,0,0,0,0
silento,watch me (whip / nae nae),False,2015,0.0,0.819,0.768,0.593,0.134,0.234,0.0,0.334,0.964,140,3.05,G#,Major,G# Major,Veloce (Allegro),0,0,0,0,0,0,0,0,1,0,0,0,0,0,0,0,0
chris brown,ayo,True,2015,0.71,0.823,0.563,0.762,0.0443,0.0399,0.0,0.0851,0.682,98,3.45,F#,Major,F# Major,Moderato,0,0,0,0,0,0,0,0,1,0,0,0,1,1,0,0,0
strumbellas,spirits,False,2016,0.71,0.556,0.658,0.713,0.0265,0.164,0.0,0.113,0.787,81,3.23,C,Major,C Major,Moderato,1,0,0,0,0,0,0,1,0,0,0,0,1,0,1,0,0
fetty wap,trap queen,True,2015,0.68,0.746,0.873,0.826,0.128,0.0244,0.0,0.354,0.817,148,3.42,G,Major,G Major,Veloce (Allegro),0,0,0,0,0,0,0,0,1,0,0,0,1,0,0,0,0
tove lo,talking body,True,2014,0.66,0.736,0.761,0.744,0.0338,0.0966,0.0,0.0823,0.114,120,3.58,E,Minor,E Minor,Allegretto,0,0,0,0,1,0,1,0,0,0,0,0,1,0,0,0,0
beyonce,7/11,False,2014,0.69,0.747,0.705,0.76,0.126,0.0128,0.0,0.126,0.56,136,3.33,A,Minor,A Minor,Veloce (Allegro),0,0,0,0,0,0,0,0,0,0,0,0,1,1,0,0,0
lana del rey,high by the beach,True,2015,0.67,0.536,0.486,0.467,0.0346,0.244,0.00788,0.12,0.0968,132,4.17,B,Minor,B Minor,Veloce (Allegro),0,0,0,0,0,0,0,0,0,0,0,0,1,0,0,0,0
zara larsson,never forget you,False,2017,0.73,0.583,0.732,0.731,0.0457,0.00312,9.86e-06,0.269,0.276,146,3.33,B,Minor,B Minor,Veloce (Allegro),0,0,0,0,1,0,1,0,0,0,0,0,1,0,0,0,0
jeremih,oui,False,2015,0.77,0.418,0.724,0.83,0.0964,0.213,0.0,0.112,0.604,79,3.58,F,Major,F Major,Moderato,0,0,0,0,0,0,0,0,1,0,0,0,1,1,0,0,0
drake,hotline bling,False,2016,0.77,0.891,0.628,0.625,0.0551,0.00258,0.00019,0.0504,0.552,135,4.27,D,Major,D Major,Veloce (Allegro),0,0,0,0,0,0,0,0,1,0,0,0,1,1,0,0,0
selena gomez,kill em with kindness,False,2015,0.64,0.757,0.884,0.742,0.0404,0.00795,5.87e-05,0.0973,0.398,120,3.37,A#,Minor,A# Minor,Allegretto,0,0,0,0,0,0,0,0,0,0,0,0,1,0,0,0,0
birdy,let it all go,False,2015,0.68,0.383,0.43,0.587,0.0302,0.817,1.04e-06,0.0869,0.174,107,4.4,A#,Major,A# Major,Moderato,0,0,0,0,0,0,0,0,0,0,0,0,1,0,0,0,0
fetty wap,679 (feat. remy boyz),True,2015,0.74,0.618,0.717,0.73,0.318,0.00256,0.0,0.625,0.603,190,3.16,G,Major,G Major,Frenetico (Presto),0,0,0,0,0,0,0,0,1,0,0,0,1,0,0,0,0
ariana grande,love me harder,False,2014,0.74,0.472,0.714,0.797,0.0334,0.00937,0.0,0.0764,0.24,99,3.56,C#,Minor,C# Minor,Moderato,0,0,0,0,0,0,0,0,0,0,0,0,1,0,0,0,0
weeknd,can't feel my face,False,2015,0.79,0.705,0.769,0.741,0.0425,0.113,0.0,0.105,0.583,108,3.33,A,Minor,A Minor,Moderato,0,0,0,0,0,0,0,0,0,0,0,0,1,1,0,0,0
saygrace,you don't own me (feat. g-eazy),False,2015,0.55,0.336,0.664,0.733,0.102,0.166,1.31e-06,0.0575,0.294,186,3.19,G,Major,G Major,Frenetico (Presto),0,0,0,0,0,0,0,0,0,0,0,0,1,1,0,0,0
x ambassadors,renegades,False,2015,0.75,0.526,0.862,0.717,0.0905,0.0144,0.0597,0.229,0.528,90,3.15,D,Major,D Major,Moderato,0,0,0,0,0,0,0,0,1,0,0,0,1,0,1,0,0
r. city,locked away (feat. adam levine),False,2015,0.77,0.509,0.671,0.732,0.0678,0.304,0.0,0.0452,0.55,118,3.47,C#,Major,C# Major,Allegretto,0,0,0,0,0,0,0,0,0,0,0,0,1,0,0,0,0
kygo,stole the show,False,2016,0.74,0.64,0.635,0.64,0.226,0.271,0.0,0.319,0.475,100,3.43,G#,Minor,G# Minor,Moderato,0,0,0,0,1,0,1,0,0,0,0,0,1,0,0,0,0
tame impala,the less i know the better,True,2015,0.83,0.64,0.74,0.812,0.0284,0.0115,0.00678,0.167,0.785,117,3.36,E,Major,E Major,Allegretto,0,0,0,0,0,0,0,0,0,0,0,1,0,0,0,0,0
selena gomez,good for you,True,2015,0.0,0.6,0.676,0.695,0.0652,0.154,0.0,0.0741,0.217,89,3.41,F,Minor,F Minor,Moderato,0,0,0,0,0,0,0,0,0,0,0,0,1,0,0,0,0
fetty wap,my way (feat. monty),True,2015,0.55,0.748,0.741,0.86,0.0531,0.00419,0.0,0.147,0.537,128,3.33,F#,Major,F# Major,Veloce (Allegro),0,0,0,0,0,0,0,0,1,0,0,0,1,0,0,0,0
hozier,take me to church,False,2014,0.81,0.566,0.664,0.752,0.0464,0.634,0.0,0.116,0.437,129,4.01,E,Minor,E Minor,Veloce (Allegro),1,0,0,0,0,0,0,1,0,0,0,0,1,0,0,0,0
taylor swift,style,False,2014,0.77,0.588,0.791,0.737,0.0402,0.00245,0.00258,0.118,0.487,95,3.51,G,Major,G Major,Moderato,0,0,0,0,0,0,0,0,0,0,0,0,1,0,0,0,0
alessia cara,here,False,2015,0.0,0.379,0.799,0.814,0.163,0.0804,0.0,0.0793,0.359,121,3.19,C,Major,C Major,Veloce (Allegro),0,0,0,0,0,0,0,0,0,0,0,0,1,1,0,0,0
sam smith,"writing's on the wall - from ""spectre"" soundtrack",False,2015,0.66,0.261,0.302,0.609,0.0339,0.769,2.57e-06,0.0863,0.0883,81,4.38,F,Minor,F Minor,Moderato,0,0,0,0,0,0,0,0,0,0,0,0,1,0,0,0,0
david guetta,bang my head (feat. sia & fetty wap),False,2015,0.47,0.599,0.869,0.831,0.0789,0.0525,0.00719,0.103,0.593,108,3.13,C,Major,C Major,Moderato,0,0,0,0,1,0,1,0,1,0,0,0,1,0,0,0,0
meek mill,all eyes on you (feat. chris brown & nicki minaj),True,2015,0.68,0.589,0.658,0.752,0.203,0.0242,0.0,0.118,0.251,78,3.43,B,Minor,B Minor,Moderato,0,0,0,0,0,0,0,0,1,0,0,0,1,0,0,0,0
big sean,i don't fuck with you,True,2015,0.75,0.824,0.733,0.743,0.0613,0.0362,0.0,0.325,0.395,98,4.44,C#,Major,C# Major,Moderato,0,0,0,0,0,0,0,0,1,0,0,0,1,0,0,0,0
kygo,firestone,False,2016,0.76,0.704,0.634,0.649,0.0428,0.393,3.17e-05,0.0952,0.411,114,4.31,B,Minor,B Minor,Allegretto,0,0,0,0,1,0,1,0,0,0,0,0,1,0,0,0,0
drake,jumpman,True,2015,0.0,0.853,0.558,0.646,0.202,0.0462,0.0,0.341,0.654,142,3.25,C#,Major,C# Major,Veloce (Allegro),0,0,0,0,0,0,0,0,1,0,0,0,1,1,0,0,0
petit biscuit,sunset lover,False,2015,0.71,0.783,0.467,0.546,0.0503,0.729,0.809,0.109,0.236,91,3.57,F#,Major,F# Major,Moderato,0,0,0,0,1,0,1,0,0,0,0,0,0,0,0,0,0
shawn mendes,stitches,False,2015,0.78,0.746,0.754,0.683,0.0676,0.0152,0.0,0.0486,0.746,150,3.26,C#,Major,C# Major,Veloce (Allegro),0,0,0,0,0,0,0,0,0,0,0,0,1,0,0,0,0
flo rida,"i don't like it, i love it (feat. robin thicke & verdine white)",False,2015,0.67,0.854,0.766,0.782,0.141,0.0242,0.0,0.0793,0.784,118,3.44,A,Minor,A Minor,Allegretto,0,0,0,0,0,0,0,0,1,0,0,0,1,0,0,0,0
selena gomez,the heart wants what it wants,False,2014,0.64,0.616,0.789,0.773,0.0377,0.053,0.0,0.142,0.621,83,3.47,G,Minor,G Minor,Moderato,0,0,0,0,0,0,0,0,0,0,0,0,1,0,0,0,0
jack u,where are ü now (with justin bieber),False,2015,0.74,0.432,0.781,0.814,0.0567,0.041,4.21e-06,0.0789,0.197,139,4.1,E,Minor,E Minor,Veloce (Allegro),0,0,0,0,1,0,1,0,0,0,0,0,1,0,0,0,0
ellie goulding,on my mind,False,2015,0.0,0.699,0.688,0.687,0.0522,0.264,4.11e-06,0.0863,0.742,155,3.33,D,Minor,D Minor,Veloce (Allegro),0,0,0,0,1,0,1,0,0,0,0,0,1,0,1,0,0
bryson tiller,don't,True,2015,0.78,0.765,0.356,0.739,0.195,0.223,0.0,0.0963,0.189,97,3.18,B,Minor,B Minor,Moderato,0,0,0,0,0,0,0,0,1,0,0,0,1,1,0,0,0
rich homie quan,"flex (ooh, ooh, ooh)",True,2015,0.01,0.676,0.615,0.641,0.0496,0.0384,0.0,0.341,0.883,164,2.56,F#,Minor,F# Minor,Vivace,0,0,0,0,0,0,0,0,1,0,0,0,1,0,0,0,0
joel adams,please don't go,False,2015,0.71,0.513,0.768,0.773,0.0587,0.0118,1.94e-05,0.294,0.235,84,3.3,E,Minor,E Minor,Moderato,0,0,0,0,0,0,0,0,0,0,0,0,0,1,0,0,0
zedd,i want you to know,False,2015,0.0,0.561,0.877,0.904,0.0659,0.00621,8.11e-06,0.28,0.375,130,3.58,A,Minor,A Minor,Veloce (Allegro),0,0,0,0,1,0,1,0,1,0,0,0,1,0,0,0,0
jonas blue,fast car,False,2015,0.67,0.644,0.57,0.668,0.052,0.484,0.0,0.299,0.527,114,3.32,A,Major,A Major,Allegretto,0,0,0,0,1,0,1,0,0,0,0,0,1,0,0,0,0
børns,electric love,False,2015,0.0,0.373,0.858,0.691,0.0889,0.00407,0.0016,0.256,0.605,120,3.38,F#,Minor,F# Minor,Allegretto,0,0,0,0,0,0,0,0,0,0,0,0,1,0,1,0,0
sigala,easy love,False,2018,0.66,0.68,0.942,0.806,0.0631,0.175,0.0013,0.117,0.647,124,3.49,A,Major,A Major,Veloce (Allegro),0,0,0,0,1,0,1,0,0,0,0,0,1,0,0,0,0
justin bieber,sorry,False,2015,0.8,0.654,0.76,0.832,0.045,0.0797,0.0,0.299,0.41,100,3.2,C,Minor,C Minor,Moderato,0,0,0,0,0,0,0,0,0,0,0,0,1,0,0,0,0
ariana grande,one last time,False,2014,0.79,0.628,0.593,0.765,0.0323,0.093,1.65e-06,0.096,0.104,125,3.17,G#,Major,G# Major,Veloce (Allegro),0,0,0,0,0,0,0,0,0,0,0,0,1,0,0,0,0
little mix,black magic,False,2015,0.01,0.777,0.896,0.793,0.0619,0.0352,0.0,0.317,0.843,112,3.31,E,Major,E Major,Allegretto,0,0,0,0,0,0,0,0,0,0,0,0,1,0,0,0,0
one direction,perfect,False,2015,0.77,0.647,0.823,0.755,0.0762,0.0598,0.0,0.119,0.396,100,3.5,D,Major,D Major,Moderato,0,0,0,0,0,0,0,0,0,0,0,0,1,0,0,0,0
years & years,shine,False,2015,0.55,0.667,0.716,0.756,0.0349,0.189,0.0,0.104,0.493,108,4.15,C#,Minor,C# Minor,Moderato,0,0,0,0,1,0,1,0,0,0,0,0,1,0,0,0,0
meghan trainor,lips are movin,False,2015,0.7,0.775,0.825,0.747,0.0464,0.0506,1.03e-06,0.111,0.95,139,3.02,G,Major,G Major,Veloce (Allegro),0,0,0,0,0,0,0,0,0,0,0,0,1,0,0,0,0
nicky jam,el perdón - forgiveness,False,2017,0.51,0.736,0.719,0.824,0.0357,0.256,0.0,0.0909,0.656,90,3.26,G#,Major,G# Major,Moderato,0,0,0,0,0,0,0,0,0,0,1,0,0,0,0,0,0
weeknd,starboy,True,2016,0.0,0.681,0.594,0.666,0.282,0.165,3.49e-06,0.134,0.535,186,3.5,G,Major,G Major,Frenetico (Presto),0,0,0,0,0,0,0,0,0,0,0,0,1,1,0,0,0
drake,one dance,False,2016,0.84,0.792,0.625,0.736,0.0536,0.00776,0.0018,0.329,0.37,104,2.53,C#,Major,C# Major,Moderato,0,0,0,0,0,0,0,0,1,0,0,0,1,1,0,0,0
justin bieber,love yourself,False,2015,0.0,0.609,0.378,0.528,0.438,0.835,0.0,0.28,0.515,100,3.53,E,Major,E Major,Moderato,0,0,0,0,0,0,0,0,0,0,0,0,1,0,0,0,0
chainsmokers,closer,False,2016,0.83,0.748,0.524,0.737,0.0338,0.414,0.0,0.111,0.661,95,4.04,G#,Major,G# Major,Moderato,0,0,0,0,1,0,1,0,0,0,0,0,1,0,0,0,0
adele,hello,False,2015,0.01,0.471,0.431,0.711,0.0342,0.329,0.0,0.0854,0.289,158,4.55,F,Minor,F Minor,Vivace,0,0,0,0,0,0,0,0,0,0,0,0,1,1,0,0,0
desiigner,panda,True,2016,0.7,0.576,0.766,0.769,0.449,0.028,1.68e-06,0.366,0.236,145,4.06,A#,Minor,A# Minor,Veloce (Allegro),0,0,0,0,0,0,0,0,1,0,0,0,1,0,0,0,0
burak yeter,tuesday (feat. danelle sandoval),False,2016,0.72,0.841,0.639,0.715,0.0688,0.0156,0.0654,0.0545,0.675,99,4.01,A,Minor,A Minor,Moderato,0,0,0,0,1,0,1,0,0,0,0,0,0,0,0,0,0
sia,cheap thrills (feat. sean paul),False,2016,0.67,0.592,0.8,0.77,0.215,0.0561,2.01e-06,0.0775,0.728,90,3.44,F#,Minor,F# Minor,Moderato,0,0,0,0,0,0,0,0,0,0,0,0,1,0,0,0,0
onerepublic,wherever i go,False,2016,0.7,0.552,0.689,0.695,0.0425,0.0915,0.0,0.27,0.349,100,2.49,A#,Minor,A# Minor,Moderato,0,0,0,0,0,0,0,0,0,0,0,0,1,0,0,0,0
rihanna,work,True,2016,0.75,0.725,0.534,0.705,0.0946,0.0752,0.0,0.0919,0.558,92,3.39,B,Major,B Major,Moderato,0,0,0,0,0,0,0,0,1,0,0,0,1,1,0,0,0
coldplay,hymn for the weekend,False,2015,0.82,0.491,0.693,0.693,0.0377,0.211,6.92e-06,0.325,0.412,90,4.18,C,Minor,C Minor,Moderato,0,0,0,0,0,0,0,0,0,0,0,0,1,0,1,0,0
justin bieber,sorry,False,2015,0.8,0.654,0.76,0.832,0.045,0.0797,0.0,0.299,0.41,100,3.2,C,Minor,C Minor,Moderato,0,0,0,0,0,0,0,0,0,0,0,0,1,0,0,0,0
justin timberlake,"can't stop the feeling! (from dreamworks animation's ""trolls"")",False,2016,0.76,0.666,0.83,0.731,0.0751,0.0123,0.0,0.191,0.702,113,3.56,C,Major,C Major,Allegretto,0,0,0,0,0,0,0,0,0,0,0,0,1,0,0,0,0
willow,wait a minute!,False,2015,0.86,0.764,0.705,0.753,0.0278,0.0371,1.94e-05,0.0943,0.672,101,3.16,D#,Minor,D# Minor,Moderato,0,0,0,0,1,0,1,0,0,0,0,0,1,1,0,0,0
desiigner,tiimmy turner,True,2016,0.67,0.603,0.725,0.863,0.0393,0.174,0.0,0.0786,0.304,123,3.59,F#,Major,F# Major,Veloce (Allegro),0,0,0,0,0,0,0,0,1,0,0,0,1,0,0,0,0
g-eazy,"me, myself & i",True,2015,0.77,0.756,0.674,0.692,0.0959,0.0184,0.0,0.158,0.389,112,4.11,C,Minor,C Minor,Allegretto,0,0,0,0,0,0,0,0,1,0,0,0,1,0,0,0,0
david guetta,this one's for you (feat. zara larsson) (official song uefa euro 2016),False,2016,0.68,0.367,0.915,0.843,0.0488,0.0022,5.81e-05,0.0905,0.365,110,3.27,A,Minor,A Minor,Allegretto,0,0,0,0,1,0,1,0,1,0,0,0,1,0,0,0,0
astrid s,hurts so good,False,2016,0.0,0.672,0.589,0.766,0.049,0.082,0.0,0.0962,0.379,120,3.28,G,Minor,G Minor,Allegretto,0,0,0,0,1,0,1,0,0,0,0,0,1,0,1,0,0
lil wayne,"sucker for pain (with wiz khalifa, imagine dragons, logic & ty dolla $ign feat. x ambassadors)",True,2016,0.75,0.502,0.786,0.797,0.317,0.255,0.0,0.65,0.739,169,4.03,A,Minor,A Minor,Vivace,0,0,0,0,0,0,0,0,1,0,0,0,1,0,0,0,0
twenty one pilots,heathens,False,2016,0.8,0.732,0.396,0.552,0.0286,0.0841,3.58e-05,0.105,0.548,90,3.15,E,Minor,E Minor,Moderato,0,0,0,0,0,0,0,0,0,0,0,0,0,0,1,0,0
future,low life (feat. the weeknd),True,2016,0.74,0.722,0.331,0.629,0.0726,0.337,0.282,0.146,0.102,144,5.13,G#,Major,G# Major,Veloce (Allegro),0,0,0,0,0,0,0,0,1,0,0,0,1,0,0,0,0
galantis,no money,False,2016,0.67,0.671,0.916,0.815,0.0397,0.0282,0.00762,0.24,0.803,126,3.09,F#,Minor,F# Minor,Veloce (Allegro),0,0,0,0,1,0,1,0,0,0,0,0,1,0,0,0,0
chainsmokers,don't let me down,False,2016,0.79,0.532,0.869,0.762,0.172,0.157,0.00508,0.136,0.422,160,3.28,B,Major,B Major,Vivace,0,0,0,0,1,0,1,0,0,0,0,0,1,0,0,0,0
tinie tempah,girls like (feat. zara larsson),True,2016,0.62,0.916,0.804,0.845,0.049,0.37,1.18e-05,0.0812,0.538,120,3.16,C,Major,C Major,Allegretto,0,0,0,0,1,0,1,0,1,0,0,0,1,0,0,0,0
alok,hear me now,False,2016,0.51,0.788,0.43,0.63,0.0419,0.537,0.00261,0.0936,0.461,122,3.12,B,Major,B Major,Veloce (Allegro),0,0,0,0,1,0,1,0,0,0,0,0,1,0,0,0,0
jon bellion,all time low,True,2016,0.7,0.617,0.567,0.807,0.0828,0.0584,0.0,0.0933,0.505,90,3.37,C,Major,C Major,Moderato,0,0,0,0,0,0,0,0,1,0,0,0,1,0,0,0,0
cheat codes,sex,False,2016,0.0,0.51,0.692,0.726,0.171,0.00451,0.0,0.138,0.209,102,3.48,C,Major,C Major,Moderato,0,0,0,0,1,0,1,0,0,0,0,0,1,0,0,0,0
meghan trainor,no,False,2017,0.69,0.557,0.803,0.836,0.213,0.0124,1.61e-06,0.737,0.657,92,3.33,C#,Minor,C# Minor,Moderato,0,0,0,0,0,0,0,0,0,0,0,0,1,0,0,0,0
dua lipa,hotter than hell,False,2017,0.65,0.532,0.868,0.805,0.0908,0.011,0.0,0.0584,0.529,110,3.07,D#,Minor,D# Minor,Allegretto,0,0,0,0,0,0,0,0,0,0,0,0,1,0,0,0,0
martin garrix,in the name of love,False,2016,0.76,0.501,0.519,0.723,0.0409,0.109,0.0,0.454,0.168,134,3.15,E,Minor,E Minor,Veloce (Allegro),0,0,0,0,1,0,1,0,0,0,0,0,1,0,0,0,0
alan walker,faded,False,2018,0.78,0.468,0.627,0.762,0.0476,0.0281,7.97e-06,0.11,0.159,180,3.32,F#,Major,F# Major,Frenetico (Presto),0,0,0,0,1,0,1,0,0,0,0,0,0,0,0,0,0
tove lo,cool girl,True,2016,0.0,0.674,0.71,0.666,0.111,0.343,6.71e-06,0.129,0.234,102,3.17,A,Minor,A Minor,Moderato,0,0,0,0,1,0,1,0,0,0,0,0,1,0,0,0,0
dj snake,let me love you,False,2016,0.81,0.649,0.716,0.748,0.0349,0.0863,2.63e-05,0.135,0.163,100,3.25,G#,Major,G# Major,Moderato,0,0,0,0,1,0,1,0,1,0,0,0,1,0,0,0,0
calvin harris,this is what you came for (feat. rihanna),False,2016,0.79,0.631,0.927,0.876,0.0332,0.199,0.119,0.148,0.465,124,3.42,A,Minor,A Minor,Veloce (Allegro),0,0,0,0,1,0,1,0,1,0,0,0,1,0,0,0,0
mike posner,i took a pill in ibiza - seeb remix,True,2016,0.77,0.664,0.714,0.685,0.111,0.0353,8.42e-06,0.0843,0.71,102,3.17,G,Minor,G Minor,Moderato,0,0,0,0,1,0,1,0,1,0,0,0,1,0,0,0,0
kevin gates,2 phones,True,2016,0.69,0.895,0.681,0.753,0.358,0.157,0.0,0.189,0.554,122,4.0,G,Minor,G Minor,Veloce (Allegro),0,0,0,0,0,0,0,0,1,0,0,0,1,0,0,0,0
rihanna,needed me,True,2016,0.8,0.671,0.314,0.614,0.244,0.11,0.0,0.0825,0.296,111,3.11,F,Minor,F Minor,Allegretto,0,0,0,0,0,0,0,0,1,0,0,0,1,1,0,0,0
ariana grande,side to side,True,2016,0.0,0.648,0.738,0.723,0.247,0.0408,0.0,0.292,0.603,159,3.46,F#,Minor,F# Minor,Vivace,0,0,0,0,0,0,0,0,0,0,0,0,1,0,0,0,0
marshmello,alone,False,2016,0.71,0.631,0.953,0.829,0.0343,0.0241,0.0155,0.108,0.422,142,4.33,D,Major,D Major,Veloce (Allegro),0,0,0,0,1,0,1,0,0,0,0,0,1,0,0,0,0
shawn mendes,i know what you did last summer,False,2015,0.73,0.687,0.761,0.787,0.0876,0.102,0.0,0.147,0.743,114,3.43,A,Minor,A Minor,Allegretto,0,0,0,0,0,0,0,0,0,0,0,0,1,0,0,0,0
selena gomez,same old love,False,2015,0.69,0.672,0.593,0.815,0.0304,0.0223,0.0,0.214,0.438,98,3.49,B,Minor,B Minor,Moderato,0,0,0,0,0,0,0,0,0,0,0,0,1,0,0,0,0
calvin harris,my way,False,2016,0.74,0.818,0.913,0.862,0.0426,0.093,3.69e-05,0.161,0.536,120,3.39,E,Minor,E Minor,Allegretto,0,0,0,0,1,0,1,0,1,0,0,0,1,0,0,0,0
fitz and the tantrums,handclap,False,2016,0.64,0.636,0.836,0.865,0.0427,0.00609,0.000157,0.0828,0.715,140,3.13,G#,Major,G# Major,Veloce (Allegro),0,0,0,0,0,0,0,0,0,0,0,0,1,0,1,0,0
twenty one pilots,ride,False,2015,0.8,0.645,0.713,0.749,0.0393,0.00835,0.0,0.113,0.566,75,3.34,F#,Major,F# Major,Lento (Adagio),0,0,0,0,0,0,0,0,0,0,0,0,0,0,1,0,0
flo rida,my house,False,2015,0.76,0.688,0.702,0.777,0.0499,0.0215,0.0,0.128,0.74,94,3.12,G,Minor,G Minor,Moderato,0,0,0,0,0,0,0,0,1,0,0,0,1,0,0,0,0
ariana grande,dangerous woman,False,2016,0.0,0.677,0.604,0.751,0.0385,0.0612,0.0,0.353,0.297,134,3.55,G,Major,G Major,Veloce (Allegro),0,0,0,0,0,0,0,0,0,0,0,0,1,0,0,0,0
anne-marie,alarm,True,2016,0.57,0.756,0.589,0.762,0.232,0.0812,0.0,0.176,0.811,147,3.25,C,Major,C Major,Veloce (Allegro),0,0,0,0,1,0,1,0,0,0,0,0,1,0,0,0,0
charlie puth,we don't talk anymore (feat. selena gomez),False,2016,0.79,0.728,0.563,0.616,0.134,0.621,0.0,0.179,0.352,100,3.37,C#,Minor,C# Minor,Moderato,0,0,0,0,0,0,0,0,0,0,0,0,1,0,0,0,0
alunageorge,i'm in control,False,2016,0.0,0.734,0.847,0.83,0.0346,0.355,0.000144,0.154,0.673,104,3.29,B,Minor,B Minor,Moderato,0,0,0,0,1,0,1,0,0,0,0,0,1,0,0,0,0
enrique iglesias,duele el corazon (feat. wisin),False,2016,0.68,0.716,0.908,0.853,0.103,0.0858,0.0,0.135,0.869,91,3.19,G#,Minor,G# Minor,Moderato,0,0,0,0,0,0,0,0,0,0,1,0,1,0,0,0,0
mnek,never forget you,False,2015,0.45,0.583,0.732,0.731,0.0457,0.00312,9.86e-06,0.269,0.276,146,3.33,B,Minor,B Minor,Veloce (Allegro),0,0,0,0,1,0,1,0,0,0,0,0,0,0,0,0,0
mike perry,the ocean (feat. shy martin),False,2016,0.7,0.632,0.575,0.694,0.029,0.0225,1.81e-06,0.104,0.188,90,3.03,F,Major,F Major,Moderato,0,0,0,0,1,0,1,0,0,0,0,0,1,0,0,0,0
drake,hotline bling,False,2016,0.0,0.903,0.62,0.614,0.0587,0.00347,0.000119,0.0504,0.539,135,4.27,D,Major,D Major,Veloce (Allegro),0,0,0,0,0,0,0,0,1,0,0,0,1,1,0,0,0
ariana grande,into you,False,2016,0.03,0.623,0.734,0.72,0.107,0.0162,1.75e-06,0.145,0.37,108,4.04,A,Major,A Major,Moderato,0,0,0,0,0,0,0,0,0,0,0,0,1,0,0,0,0
shawn mendes,treat you better,False,2017,0.82,0.444,0.819,0.812,0.341,0.106,0.0,0.107,0.747,83,3.07,A#,Minor,A# Minor,Moderato,0,0,0,0,0,0,0,0,0,0,0,0,1,0,0,0,0
tory lanez,say it,True,2016,0.73,0.546,0.529,0.494,0.0583,0.0862,6.5e-06,0.124,0.247,107,3.57,B,Minor,B Minor,Moderato,0,0,0,0,0,0,0,0,1,0,0,0,1,1,0,0,0
coldplay,adventure of a lifetime,False,2015,0.76,0.638,0.924,0.822,0.036,0.00205,0.000175,0.149,0.53,112,4.23,G,Major,G Major,Allegretto,0,0,0,0,0,0,0,0,0,0,0,0,1,0,1,0,0
kungs,this girl - kungs vs. cookin' on 3 burners,False,2016,0.0,0.79,0.705,0.782,0.0383,0.0807,4.81e-05,0.251,0.501,122,3.15,C,Minor,C Minor,Veloce (Allegro),0,0,0,0,1,0,1,0,0,0,0,0,1,0,0,0,0
saygrace,you don't own me (feat. g-eazy),False,2016,0.69,0.332,0.635,0.734,0.0898,0.159,2.79e-06,0.0599,0.261,186,3.21,G,Major,G Major,Frenetico (Presto),0,0,0,0,0,0,0,0,0,0,0,0,1,1,0,0,0
x ambassadors,renegades,False,2015,0.75,0.526,0.862,0.717,0.0905,0.0144,0.0597,0.229,0.528,90,3.15,D,Major,D Major,Moderato,0,0,0,0,0,0,0,0,1,0,0,0,1,0,1,0,0
dnce,cake by the ocean,True,2016,0.79,0.774,0.753,0.745,0.0517,0.152,0.0,0.0371,0.896,119,3.39,E,Minor,E Minor,Allegretto,0,0,0,0,0,0,0,0,0,0,0,0,1,0,0,0,0
99 souls,the girl is mine,False,2016,0.55,0.683,0.943,0.836,0.0397,0.00423,0.0972,0.0356,0.706,119,3.36,A,Major,A Major,Allegretto,0,0,0,0,1,0,1,0,0,0,0,0,0,0,0,0,0
illy,papercuts (feat. vera blue),False,2016,0.51,0.369,0.618,0.702,0.249,0.161,0.0,0.257,0.467,192,4.15,F#,Minor,F# Minor,Frenetico (Presto),0,0,0,0,1,0,1,0,1,0,0,0,1,0,0,0,0
kiiara,gold,False,2015,0.55,0.6,0.412,0.552,0.344,0.615,0.0025,0.134,0.408,113,3.45,G#,Major,G# Major,Allegretto,0,0,0,0,1,0,1,0,0,0,0,0,1,0,1,0,0
kygo,stole the show,False,2016,0.0,0.678,0.633,0.695,0.171,0.151,0.0,0.147,0.478,100,3.42,G#,Minor,G# Minor,Moderato,0,0,0,0,1,0,1,0,0,0,0,0,1,0,0,0,0
fifth harmony,work from home (feat. ty dolla $ign),False,2016,0.75,0.803,0.585,0.724,0.0432,0.103,3.94e-06,0.0644,0.593,105,3.34,G#,Major,G# Major,Moderato,0,0,0,0,0,0,0,0,0,0,0,0,1,0,0,0,0
drake,pop style,True,2016,0.63,0.713,0.462,0.518,0.123,0.192,2.16e-06,0.105,0.0594,133,3.32,G,Major,G Major,Veloce (Allegro),0,0,0,0,0,0,0,0,1,0,0,0,1,1,0,0,0
zayn,pillowtalk,True,2016,0.59,0.588,0.702,0.803,0.0496,0.104,0.0,0.089,0.429,125,3.23,B,Major,B Major,Veloce (Allegro),0,0,0,0,1,0,1,0,0,0,0,0,1,0,0,0,0
alessia cara,here,False,2016,0.66,0.376,0.822,0.817,0.104,0.0783,0.0,0.0841,0.327,120,3.19,C,Major,C Major,Allegretto,0,0,0,0,0,0,0,0,0,0,0,0,1,1,0,0,0
dj snake,middle,False,2016,0.0,0.611,0.7,0.75,0.0436,0.0199,0.0,0.0549,0.213,105,3.4,A,Major,A Major,Moderato,0,0,0,0,1,0,1,0,1,0,0,0,1,0,0,0,0
sigala,sweet lovin' - radio edit,False,2015,0.46,0.683,0.91,0.953,0.0515,0.0553,4.78e-06,0.336,0.674,125,3.22,A#,Major,A# Major,Veloce (Allegro),0,0,0,0,1,0,1,0,0,0,0,0,1,0,0,0,0
drake,jumpman,True,2015,0.72,0.852,0.553,0.654,0.187,0.0559,0.0,0.332,0.656,142,3.25,C#,Major,C# Major,Veloce (Allegro),0,0,0,0,0,0,0,0,1,0,0,0,1,1,0,0,0
charlie puth,dangerously,False,2016,0.62,0.696,0.517,0.6,0.0366,0.364,0.0,0.197,0.23,112,3.19,D,Minor,D Minor,Allegretto,0,0,0,0,0,0,0,0,0,0,0,0,1,0,0,0,0
nick jonas,close,False,2016,0.69,0.654,0.623,0.753,0.082,0.253,0.0,0.144,0.401,124,3.54,F#,Minor,F# Minor,Veloce (Allegro),0,0,0,0,0,0,0,0,0,0,0,0,1,0,0,0,0
jonas blue,perfect strangers,False,2016,0.0,0.742,0.819,0.751,0.0487,0.372,0.0,0.277,0.709,118,3.16,C#,Major,C# Major,Allegretto,0,0,0,0,1,0,1,0,0,0,0,0,1,0,0,0,0
major lazer,cold water (feat. justin bieber & mø),False,2016,0.0,0.608,0.798,0.762,0.0432,0.0736,0.0,0.156,0.501,93,3.05,F#,Minor,F# Minor,Moderato,0,0,0,0,1,0,1,0,1,0,0,0,1,0,0,0,0
chainsmokers,roses,False,2015,0.73,0.713,0.802,0.665,0.0561,0.0435,0.00377,0.309,0.343,100,3.46,E,Major,E Major,Moderato,0,0,0,0,1,0,1,0,0,0,0,0,1,0,0,0,0
tory lanez,luv,True,2016,0.0,0.688,0.541,0.612,0.114,0.0118,0.0,0.123,0.247,95,3.48,B,Minor,B Minor,Moderato,0,0,0,0,0,0,0,0,1,0,0,0,1,1,0,0,0
p!nk,"just like fire (from the original motion picture ""alice through the looking glass"")",False,2016,0.68,0.632,0.702,0.721,0.148,0.0114,0.0,0.108,0.523,163,3.35,G,Major,G Major,Vivace,0,0,0,0,0,0,0,0,0,0,0,0,1,0,0,0,0
bryson tiller,don't,True,2015,0.78,0.765,0.356,0.739,0.195,0.223,0.0,0.0963,0.189,97,3.18,B,Minor,B Minor,Moderato,0,0,0,0,0,0,0,0,1,0,0,0,1,1,0,0,0
steve aoki,just hold on,False,2016,0.63,0.647,0.932,0.84,0.0824,0.00383,1.5e-06,0.0574,0.374,115,3.18,B,Major,B Major,Allegretto,0,0,0,0,1,0,1,0,1,0,0,0,1,0,0,0,0
clean bandit,tears (feat. louisa johnson),False,2016,0.6,0.605,0.77,0.834,0.0446,0.0431,0.0,0.159,0.298,130,3.45,F,Minor,F Minor,Veloce (Allegro),0,0,0,0,1,0,1,0,0,0,0,0,1,0,0,0,0
jonas blue,fast car,False,2015,0.01,0.459,0.587,0.669,0.0785,0.453,0.0,0.307,0.581,114,3.32,A,Major,A Major,Allegretto,0,0,0,0,1,0,1,0,0,0,0,0,1,0,0,0,0
flume,never be like you,True,2016,0.0,0.443,0.558,0.745,0.0624,0.441,0.0,0.163,0.248,117,3.53,C,Major,C Major,Allegretto,0,0,0,0,1,0,1,0,0,0,0,0,0,0,0,0,0
bastille,good grief,False,2016,0.65,0.73,0.758,0.772,0.0653,0.147,0.0,0.311,0.877,120,3.26,C#,Major,C# Major,Allegretto,0,0,0,0,0,0,0,0,0,0,0,0,1,0,1,0,0
sia,the greatest (feat. kendrick lamar),False,2016,0.68,0.668,0.725,0.711,0.266,0.0102,0.000479,0.0561,0.729,192,3.3,C#,Major,C# Major,Frenetico (Presto),0,0,0,0,0,0,0,0,0,0,0,0,1,0,0,0,0
partynextdoor,not nice,False,2016,0.62,0.598,0.496,0.554,0.0804,0.0253,0.00132,0.12,0.725,128,3.22,C,Major,C Major,Veloce (Allegro),0,0,0,0,0,0,0,0,1,0,0,0,1,1,0,0,0
garrett nash,"i hate u, i love u (feat. olivia o'brien)",True,2016,0.77,0.492,0.275,0.352,0.3,0.687,0.0,0.101,0.18,93,4.11,F#,Minor,F# Minor,Moderato,0,0,0,0,0,0,0,0,1,0,0,0,1,0,0,0,0
hilltop hoods,1955,False,2016,0.63,0.766,0.5,0.64,0.0695,0.719,5.91e-06,0.304,0.71,84,3.59,B,Major,B Major,Moderato,0,0,0,0,0,0,0,0,1,0,0,0,1,0,0,0,0
fifth harmony,all in my head (flex) (feat. fetty wap),False,2016,0.62,0.689,0.791,0.757,0.053,0.023,0.0,0.0526,0.755,95,3.3,C,Minor,C Minor,Moderato,0,0,0,0,0,0,0,0,0,0,0,0,1,0,0,0,0
daya,"sit still, look pretty",False,2016,0.01,0.657,0.739,0.812,0.274,0.141,0.0,0.178,0.543,182,3.22,D,Major,D Major,Frenetico (Presto),0,0,0,0,1,0,1,0,0,0,0,0,1,0,1,0,0
kent jones,don't mind,True,2016,0.63,0.464,0.771,0.791,0.336,0.0235,0.0,0.063,0.69,159,3.18,G#,Major,G# Major,Vivace,0,0,0,0,0,0,0,0,1,0,0,0,0,0,0,0,0
flume,say it,True,2016,0.53,0.581,0.531,0.676,0.0322,0.0731,3.27e-06,0.0616,0.273,75,4.22,D#,Minor,D# Minor,Lento (Adagio),0,0,0,0,1,0,1,0,0,0,0,0,0,0,0,0,0
bryson tiller,exchange,True,2015,0.76,0.525,0.433,0.49,0.185,0.107,0.0,0.135,0.276,160,3.14,F#,Major,F# Major,Vivace,0,0,0,0,0,0,0,0,1,0,0,0,1,1,0,0,0
mø,final song,False,2016,0.66,0.695,0.672,0.712,0.0345,0.014,7.95e-05,0.0756,0.245,105,3.55,C#,Minor,C# Minor,Moderato,0,0,0,0,1,0,1,0,0,0,0,0,1,0,0,0,0
beyonce,sorry,True,2016,0.67,0.775,0.598,0.654,0.0535,0.00175,4.44e-06,0.253,0.356,130,3.52,D,Major,D Major,Veloce (Allegro),0,0,0,0,0,0,0,0,0,0,0,0,1,1,0,0,0
little mix,shout out to my ex,False,2017,0.01,0.773,0.747,0.813,0.0889,0.0239,8.23e-06,0.11,0.8,126,4.06,F,Major,F Major,Veloce (Allegro),0,0,0,0,0,0,0,0,0,0,0,0,1,0,0,0,0
lumineers,ophelia,False,2016,0.0,0.664,0.576,0.696,0.0286,0.63,0.000198,0.0902,0.621,76,2.4,F,Major,F Major,Lento (Adagio),1,0,0,0,0,0,0,1,0,0,0,0,1,0,0,0,0
frank ocean,pink + white,False,2016,0.79,0.544,0.552,0.646,0.0991,0.67,4.57e-05,0.415,0.554,160,3.04,A,Major,A Major,Vivace,0,0,0,0,0,0,0,0,1,0,0,0,1,1,0,0,0
drake,too good,True,2016,0.74,0.794,0.653,0.626,0.104,0.0489,4.88e-05,0.1,0.397,118,4.23,G,Major,G Major,Allegretto,0,0,0,0,0,0,0,0,1,0,0,0,1,1,0,0,0
ed sheeran,shape of you,False,2017,0.84,0.825,0.652,0.856,0.0802,0.581,0.0,0.0931,0.931,96,3.53,C#,Minor,C# Minor,Moderato,0,0,0,0,0,0,0,0,0,0,0,0,1,0,0,0,0
sean paul,no lie,False,2018,0.84,0.742,0.882,0.872,0.117,0.0466,0.0,0.206,0.463,102,3.41,G,Major,G Major,Moderato,0,0,0,0,0,0,0,0,1,0,0,0,1,0,0,0,0
luis fonsi,despacito (featuring daddy yankee),False,2017,0.0,0.66,0.786,0.779,0.17,0.209,0.0,0.112,0.846,178,3.48,D,Major,D Major,Frenetico (Presto),0,0,0,0,0,0,0,0,0,0,1,0,1,0,0,0,0
sam smith,too good at goodbyes,False,2017,0.79,0.681,0.372,0.607,0.0432,0.64,0.0,0.169,0.476,92,3.21,F,Major,F Major,Moderato,0,0,0,0,0,0,0,0,0,0,0,0,1,0,0,0,0
clean bandit,rockabye (feat. sean paul & anne-marie),False,2016,0.75,0.72,0.763,0.813,0.0523,0.406,0.0,0.18,0.742,102,4.11,A,Minor,A Minor,Moderato,0,0,0,0,1,0,1,0,0,0,0,0,1,0,0,0,0
camila cabello,havana (feat. young thug),False,2017,0.01,0.768,0.517,0.8,0.0312,0.186,3.8e-05,0.104,0.418,105,3.36,G,Minor,G Minor,Moderato,0,0,0,0,0,0,0,0,0,0,0,0,1,0,0,0,0
imagine dragons,thunder,False,2017,0.01,0.6,0.81,0.779,0.0479,0.00683,0.21,0.155,0.298,168,3.07,C,Major,C Major,Vivace,0,0,0,0,0,0,0,0,0,0,0,0,0,0,1,0,0
maroon 5,don't wanna know (feat. kendrick lamar),False,2018,0.68,0.783,0.61,0.711,0.0696,0.343,0.0,0.0983,0.418,100,3.34,G,Major,G Major,Moderato,0,0,0,0,0,0,0,0,0,0,0,0,1,0,0,0,0
chainsmokers,something just like this,False,2017,0.83,0.617,0.635,0.679,0.0317,0.0498,1.44e-05,0.164,0.446,103,4.07,B,Minor,B Minor,Moderato,0,0,0,0,1,0,1,0,0,0,0,0,1,0,0,0,0
ed sheeran,perfect,False,2017,0.85,0.599,0.448,0.702,0.0232,0.163,0.0,0.106,0.168,95,4.23,G#,Major,G# Major,Moderato,0,0,0,0,0,0,0,0,0,0,0,0,1,0,0,0,0
mgmt,little dark age,False,2018,0.81,0.705,0.712,0.709,0.0385,0.0102,0.000855,0.1,0.62,98,4.59,F#,Major,F# Major,Moderato,0,0,0,0,0,0,0,0,0,0,0,0,0,0,1,0,0
travis scott,goosebumps,True,2016,0.83,0.841,0.728,0.847,0.0484,0.0847,0.0,0.149,0.43,130,4.03,G,Major,G Major,Veloce (Allegro),0,0,0,0,1,0,1,0,1,0,0,0,0,0,0,0,0
billie eilish,bored,False,2017,0.84,0.614,0.318,0.386,0.0478,0.896,0.00239,0.0795,0.112,120,3.0,G,Major,G Major,Allegretto,0,0,0,0,1,0,1,0,0,0,0,0,1,0,0,0,0
future,mask off,True,2017,0.79,0.833,0.434,0.579,0.431,0.0102,0.0219,0.165,0.281,150,3.24,D,Major,D Major,Veloce (Allegro),0,0,0,0,0,0,0,0,1,0,0,0,1,0,0,0,0
g-eazy,him & i,True,2017,0.0,0.589,0.731,0.7,0.0868,0.0534,0.0,0.308,0.191,88,4.28,D,Major,D Major,Moderato,0,0,0,0,0,0,0,0,1,0,0,0,1,0,0,0,0
maroon 5,cold (feat. future),True,2017,0.0,0.697,0.716,0.703,0.113,0.118,0.0,0.0424,0.506,100,3.54,A,Minor,A Minor,Moderato,0,0,0,0,0,0,0,0,0,0,0,0,1,0,0,0,0
rae sremmurd,swang,True,2016,0.75,0.681,0.314,0.553,0.0581,0.2,9.82e-06,0.1,0.166,140,3.28,G#,Major,G# Major,Veloce (Allegro),0,0,0,0,0,0,0,0,1,0,0,0,1,0,0,0,0
lil peep,save that shit,True,2017,0.77,0.534,0.583,0.585,0.0288,0.0262,0.0,0.421,0.145,106,3.51,D,Major,D Major,Moderato,0,0,0,0,0,0,0,0,1,0,0,0,0,0,0,0,0
a$ap ferg,plain jane,True,2017,0.74,0.797,0.844,0.743,0.275,0.0651,0.0,0.087,0.52,170,2.53,B,Major,B Major,Vivace,0,0,0,0,0,0,0,0,1,0,0,0,1,0,0,0,0
french montana,unforgettable,True,2017,0.82,0.726,0.769,0.764,0.123,0.0293,0.0101,0.104,0.733,98,3.53,F#,Major,F# Major,Moderato,0,0,0,0,0,0,0,0,1,0,0,0,1,0,0,0,0
21 savage,bank account,True,2017,0.74,0.884,0.347,0.607,0.35,0.015,7e-06,0.0871,0.376,75,3.4,G#,Minor,G# Minor,Lento (Adagio),0,0,0,0,0,0,0,0,1,0,0,0,0,0,0,0,0
axwell ingrosso,more than you know,False,2017,0.0,0.645,0.741,0.767,0.0339,0.0323,0.0,0.29,0.534,123,3.23,F,Minor,F Minor,Veloce (Allegro),0,0,0,0,1,0,1,0,0,0,0,0,1,0,0,0,0
zayn,dusk till dawn (feat. sia) - radio edit,False,2017,0.77,0.259,0.437,0.688,0.0386,0.102,1.32e-06,0.106,0.0951,180,3.59,B,Minor,B Minor,Frenetico (Presto),0,0,0,0,1,0,1,0,0,0,0,0,1,0,0,0,0
j balvin,mi gente,False,2017,0.53,0.548,0.701,0.773,0.0914,0.0178,1.34e-05,0.134,0.309,104,3.09,B,Minor,B Minor,Moderato,0,0,0,0,0,0,0,0,0,0,1,0,0,0,0,0,0
jax jones,you don't know me - radio edit,True,2016,0.01,0.876,0.669,0.714,0.138,0.163,0.0,0.185,0.682,124,3.33,B,Minor,B Minor,Veloce (Allegro),0,0,0,0,1,0,1,0,1,0,0,0,1,0,0,0,0
rae sremmurd,black beatles,True,2016,0.75,0.794,0.632,0.709,0.0649,0.142,0.0,0.128,0.355,146,4.51,C,Major,C Major,Veloce (Allegro),0,0,0,0,0,0,0,0,1,0,0,0,1,0,0,0,0
zara larsson,ain't my fault,False,2017,0.67,0.576,0.782,0.775,0.0296,0.00778,0.0,0.285,0.355,141,3.44,F#,Minor,F# Minor,Veloce (Allegro),0,0,0,0,1,0,1,0,0,0,0,0,1,0,0,0,0
travis scott,butterfly effect,False,2017,0.0,0.763,0.598,0.674,0.0539,0.0714,0.0,0.112,0.182,141,3.1,B,Major,B Major,Veloce (Allegro),0,0,0,0,1,0,1,0,1,0,0,0,0,0,0,0,0
ayo & teo,rolex,False,2017,0.69,0.804,0.886,0.89,0.04,0.0837,0.0,0.266,0.789,145,3.58,C#,Major,C# Major,Veloce (Allegro),0,0,0,0,0,0,0,0,1,0,0,0,1,0,0,0,0
lil uzi vert,xo tour llif3,True,2017,0.81,0.732,0.75,0.699,0.231,0.00264,0.0,0.109,0.401,155,3.02,B,Minor,B Minor,Veloce (Allegro),0,0,0,0,0,0,0,0,1,0,0,0,0,0,0,0,0
imagine dragons,whatever it takes,False,2017,0.8,0.672,0.655,0.766,0.0311,0.0362,0.0,0.117,0.556,135,3.21,A#,Minor,A# Minor,Veloce (Allegro),0,0,0,0,0,0,0,0,0,0,0,0,0,0,1,0,0
rob $tone,chill bill (feat. j. davi$ & spooks),True,2016,0.76,0.886,0.427,0.518,0.145,0.0312,0.00099,0.0906,0.23,108,2.57,F#,Major,F# Major,Moderato,0,0,0,0,0,0,0,0,1,0,0,0,0,0,0,0,0
jason derulo,swalla (feat. nicki minaj & ty dolla $ign),True,2017,0.75,0.696,0.817,0.823,0.109,0.075,0.0,0.187,0.782,98,3.36,C#,Major,C# Major,Moderato,0,0,0,0,0,0,0,0,1,0,0,0,1,0,0,0,0
g-eazy,no limit,True,2017,0.0,0.838,0.771,0.826,0.244,0.0117,0.0,0.0853,0.405,176,4.05,C#,Major,C# Major,Vivace,0,0,0,0,0,0,0,0,1,0,0,0,1,0,0,0,0
playboi carti,magnolia,True,2017,0.77,0.791,0.582,0.652,0.286,0.0114,0.0,0.35,0.443,163,3.01,B,Minor,B Minor,Vivace,0,0,0,0,0,0,0,0,1,0,0,0,0,0,0,0,0
chord overstreet,hold on,False,2017,0.8,0.618,0.443,0.535,0.0526,0.469,0.0,0.0829,0.167,120,3.18,D,Major,D Major,Allegretto,1,0,0,0,0,0,0,1,0,0,0,0,1,0,0,0,0
jax jones,breathe,False,2017,0.58,0.722,0.744,0.741,0.0363,0.0234,0.000157,0.143,0.686,126,3.27,B,Minor,B Minor,Veloce (Allegro),0,0,0,0,1,0,1,0,1,0,0,0,1,0,0,0,0
imagine dragons,believer,False,2017,0.01,0.779,0.787,0.801,0.108,0.0524,0.0,0.14,0.708,125,3.24,A#,Minor,A# Minor,Veloce (Allegro),0,0,0,0,0,0,0,0,0,0,0,0,0,0,1,0,0
natti natasha,criminal,False,2017,0.74,0.814,0.813,0.864,0.0561,0.03,9.33e-05,0.255,0.839,80,3.52,D,Minor,D Minor,Moderato,0,0,0,0,0,0,0,0,0,0,1,0,1,0,0,0,0
kendrick lamar,humble.,True,2017,0.0,0.906,0.625,0.679,0.0903,0.000243,3.23e-05,0.0975,0.423,150,2.57,C#,Minor,C# Minor,Veloce (Allegro),0,0,0,0,0,0,0,0,1,0,0,0,0,0,0,0,0
selena gomez,fetish (feat. gucci mane),False,2017,0.69,0.708,0.618,0.795,0.0592,0.0204,6.81e-06,0.062,0.265,123,3.06,D,Major,D Major,Veloce (Allegro),0,0,0,0,0,0,0,0,0,0,0,0,1,0,0,0,0
charlie puth,attention,False,2017,0.0,0.774,0.626,0.795,0.0432,0.0969,3.12e-05,0.0848,0.777,100,3.31,D#,Minor,D# Minor,Moderato,0,0,0,0,0,0,0,0,0,0,0,0,1,0,0,0,0
big shaq,man's not hot,False,2017,0.62,0.905,0.884,0.812,0.236,0.111,8.31e-05,0.107,0.588,135,3.06,C,Major,C Major,Veloce (Allegro),0,0,0,0,1,0,1,0,0,0,0,0,1,0,0,0,0
anne-marie,ciao adios,False,2017,0.57,0.698,0.882,0.862,0.0863,0.127,0.0,0.15,0.445,106,3.2,E,Minor,E Minor,Moderato,0,0,0,0,1,0,1,0,0,0,0,0,1,0,0,0,0
rag'n'bone man,human,False,2017,0.76,0.602,0.707,0.811,0.302,0.393,0.0,0.165,0.554,75,3.2,A,Major,A Major,Lento (Adagio),0,0,0,0,0,0,0,0,0,0,0,0,0,1,0,0,0
blackbear,do re mi,True,2017,0.04,0.745,0.593,0.7,0.0526,0.00522,5.25e-06,0.123,0.17,111,3.32,G#,Major,G# Major,Allegretto,0,0,0,0,1,0,1,0,1,0,0,0,1,0,0,0,0
lil pump,gucci gang,True,2017,0.64,0.936,0.523,0.682,0.0597,0.239,0.0,0.117,0.699,120,2.04,F,Major,F Major,Allegretto,0,0,0,0,0,0,0,0,1,0,0,0,0,0,0,0,0
taylor swift,look what you made me do,False,2017,0.76,0.766,0.709,0.694,0.123,0.204,1.41e-05,0.126,0.506,128,3.31,A,Minor,A Minor,Veloce (Allegro),0,0,0,0,0,0,0,0,0,0,0,0,1,0,0,0,0
enrique iglesias,subeme la radio (feat. descemer bueno & zion & lennox),False,2017,0.7,0.688,0.822,0.85,0.0537,0.0642,0.0,0.241,0.66,91,3.27,C,Major,C Major,Moderato,0,0,0,0,0,0,0,0,0,0,1,0,1,0,0,0,0
kodak black,tunnel vision,True,2017,0.51,0.497,0.489,0.632,0.294,0.0576,9.91e-05,0.122,0.231,172,4.28,B,Minor,B Minor,Vivace,0,0,0,0,0,0,0,0,1,0,0,0,0,0,0,0,0
kendrick lamar,dna.,True,2017,0.0,0.636,0.517,0.68,0.36,0.00402,0.0,0.0874,0.394,140,3.05,C,Major,C Major,Veloce (Allegro),0,0,0,0,0,0,0,0,1,0,0,0,0,0,0,0,0
a boogie wit da hoodie,drowning (feat. kodak black),True,2017,0.0,0.839,0.81,0.753,0.0568,0.501,0.0,0.117,0.814,129,3.29,F,Minor,F Minor,Veloce (Allegro),0,0,0,0,0,0,0,0,1,0,0,0,0,0,0,0,0
xxxtentacion,jocelyn flores,True,2017,0.83,0.872,0.391,0.562,0.242,0.469,4.13e-06,0.297,0.437,134,1.59,C,Minor,C Minor,Veloce (Allegro),0,0,0,0,0,0,0,0,1,0,0,0,0,0,0,0,0
migos,bad and boujee (feat. lil uzi vert),True,2017,0.72,0.926,0.666,0.751,0.244,0.0611,0.0,0.123,0.168,127,5.43,B,Major,B Major,Veloce (Allegro),0,0,0,0,0,0,0,0,1,0,0,0,1,0,0,0,0
yo gotti,rake it up (feat. nicki minaj),True,2017,0.67,0.91,0.444,0.612,0.344,0.022,0.0,0.137,0.53,150,4.36,C#,Minor,C# Minor,Veloce (Allegro),0,0,0,0,0,0,0,0,1,0,0,0,1,0,0,0,0
martin garrix,scared to be lonely,False,2017,0.77,0.584,0.54,0.629,0.0576,0.0895,0.0,0.261,0.195,138,3.4,C#,Minor,C# Minor,Veloce (Allegro),0,0,0,0,1,0,1,0,0,0,0,0,1,0,0,0,0
jonas blue,mama,False,2017,0.51,0.739,0.792,0.803,0.0418,0.091,0.0,0.0516,0.547,104,3.01,B,Minor,B Minor,Moderato,0,0,0,0,1,0,1,0,0,0,0,0,1,0,0,0,0
martin jensen,solo dance,False,2016,0.0,0.744,0.836,0.895,0.0507,0.0435,0.0,0.194,0.36,115,2.54,F#,Minor,F# Minor,Allegretto,0,0,0,0,1,0,1,0,0,0,0,0,1,0,0,0,0
taylor swift,...ready for it?,False,2017,0.73,0.613,0.764,0.692,0.136,0.0527,0.0,0.197,0.417,160,3.28,D,Major,D Major,Vivace,0,0,0,0,0,0,0,0,0,0,0,0,1,0,0,0,0
david guetta,2u (feat. justin bieber),False,2017,0.67,0.548,0.65,0.726,0.0591,0.219,0.0,0.225,0.557,145,3.14,G#,Minor,G# Minor,Veloce (Allegro),0,0,0,0,1,0,1,0,1,0,0,0,1,0,0,0,0
migos,slippery (feat. gucci mane),True,2017,0.68,0.92,0.675,0.734,0.263,0.307,0.0,0.104,0.749,142,5.04,C#,Minor,C# Minor,Veloce (Allegro),0,0,0,0,0,0,0,0,1,0,0,0,1,0,0,0,0
shawn mendes,there's nothing holdin' me back,False,2017,0.0,0.857,0.8,0.814,0.0583,0.381,0.0,0.0913,0.966,122,3.19,D,Major,D Major,Veloce (Allegro),0,0,0,0,0,0,0,0,0,0,0,0,1,0,0,0,0
g-eazy,good life (with g-eazy & kehlani),False,2017,0.63,0.572,0.778,0.756,0.233,0.00638,0.0,0.0563,0.54,168,3.45,C#,Major,C# Major,Vivace,0,0,0,0,0,0,0,0,1,0,0,0,1,0,0,0,0
vamps,all night,False,2017,0.73,0.538,0.804,0.757,0.0358,0.0041,0.0,0.33,0.507,145,3.17,G#,Major,G# Major,Veloce (Allegro),0,0,0,0,0,0,0,0,0,0,0,0,1,0,0,0,0
dua lipa,new rules,False,2017,0.61,0.763,0.72,0.758,0.0691,0.00261,1.11e-05,0.114,0.592,116,3.32,A,Minor,A Minor,Allegretto,0,0,0,0,0,0,0,0,0,0,0,0,1,0,0,0,0
cardi b,bodak yellow,True,2017,0.59,0.929,0.723,0.727,0.109,0.0672,0.0,0.346,0.458,125,3.43,B,Minor,B Minor,Veloce (Allegro),0,0,0,0,0,0,0,0,1,0,0,0,1,0,0,0,0
rag'n'bone man,skin,False,2017,0.67,0.564,0.745,0.632,0.31,0.265,0.0,0.147,0.351,171,3.59,C,Major,C Major,Vivace,0,0,0,0,0,0,0,0,0,0,0,0,0,1,0,0,0
zara larsson,i would like,False,2017,0.57,0.486,0.713,0.819,0.0524,0.0853,0.0,0.0839,0.297,121,3.46,D,Minor,D Minor,Veloce (Allegro),0,0,0,0,1,0,1,0,0,0,0,0,1,0,0,0,0
dj khaled,wild thoughts (feat. rihanna & bryson tiller),True,2017,0.72,0.671,0.672,0.861,0.0688,0.0329,0.0,0.118,0.632,98,3.24,C,Minor,C Minor,Moderato,0,0,0,0,0,0,0,0,1,0,0,0,1,0,0,0,0
post malone,congratulations,True,2016,0.81,0.63,0.804,0.807,0.0363,0.215,0.0,0.253,0.492,123,3.4,F#,Major,F# Major,Veloce (Allegro),0,0,0,0,0,0,0,0,1,0,0,0,0,0,0,0,0
avicii,without you (feat. sandro cavazza),True,2017,0.77,0.662,0.858,0.774,0.0428,0.00163,0.0,0.0456,0.295,134,3.01,D,Major,D Major,Veloce (Allegro),0,0,0,0,1,0,1,0,0,0,0,0,1,0,0,0,0
clean bandit,symphony (feat. zara larsson),False,2017,0.0,0.718,0.609,0.781,0.043,0.281,3.29e-05,0.234,0.497,123,3.34,C,Minor,C Minor,Veloce (Allegro),0,0,0,0,1,0,1,0,0,0,0,0,1,0,0,0,0
katy perry,chained to the rhythm,False,2017,0.69,0.562,0.8,0.747,0.112,0.0814,0.0,0.199,0.471,95,3.57,C,Major,C Major,Moderato,0,0,0,0,0,0,0,0,0,0,0,0,1,0,0,0,0
zay hilfigerrr,juju on that beat (tz anthem),False,2016,0.57,0.807,0.887,0.821,0.275,0.00381,0.0,0.391,0.78,161,2.24,C#,Major,C# Major,Vivace,0,0,0,0,0,0,0,0,1,0,0,0,0,0,0,0,0
calvin harris,"feels (feat. pharrell williams, katy perry & big sean)",True,2017,0.79,0.893,0.745,0.86,0.0571,0.0642,0.0,0.0943,0.872,101,3.43,B,Minor,B Minor,Moderato,0,0,0,0,1,0,1,0,1,0,0,0,1,0,0,0,0
migos,t-shirt,True,2017,0.64,0.865,0.687,0.829,0.217,0.242,0.0,0.158,0.486,139,4.02,A#,Minor,A# Minor,Veloce (Allegro),0,0,0,0,0,0,0,0,1,0,0,0,1,0,0,0,0
onerepublic,rich love (with seeb),False,2017,0.64,0.401,0.872,0.834,0.314,0.167,0.0,0.362,0.472,105,3.21,C#,Minor,C# Minor,Moderato,0,0,0,0,0,0,0,0,0,0,0,0,1,0,0,0,0
maggie lindemann,pretty girl - cheat codes x cade remix,True,2017,0.61,0.703,0.868,0.783,0.0291,0.15,0.132,0.104,0.733,121,3.13,G,Minor,G Minor,Veloce (Allegro),0,0,0,0,0,0,0,0,0,0,0,0,1,0,1,0,0
macklemore,glorious (feat. skylar grey),True,2017,0.74,0.731,0.794,0.76,0.0522,0.0323,2.59e-05,0.112,0.356,140,3.4,C,Minor,C Minor,Veloce (Allegro),0,0,0,0,0,0,0,0,1,0,0,0,1,0,0,0,0
hayden james,numb,True,2019,0.47,0.617,0.558,0.665,0.0431,0.184,1.03e-06,0.0911,0.4,148,3.37,A#,Minor,A# Minor,Veloce (Allegro),0,0,0,0,1,0,1,0,0,0,0,0,1,0,0,0,0
liam payne,strip that down,False,2017,0.01,0.869,0.485,0.737,0.0545,0.246,0.0,0.0765,0.527,106,3.24,F#,Major,F# Major,Moderato,0,0,0,0,0,0,0,0,0,0,0,0,1,0,0,0,0
drake,passionfruit,True,2017,0.0,0.809,0.463,0.451,0.0396,0.256,0.085,0.109,0.364,112,4.58,B,Major,B Major,Allegretto,0,0,0,0,0,0,0,0,1,0,0,0,1,1,0,0,0
justin bieber,friends (with bloodpop®),False,2017,0.0,0.744,0.739,0.749,0.0387,0.00459,0.0,0.306,0.649,105,3.09,G#,Major,G# Major,Moderato,0,0,0,0,0,0,0,0,0,0,0,0,1,0,0,0,0
zayn,"i don’t wanna live forever (fifty shades darker) - from ""fifty shades darker (original motion picture soundtrack)""",False,2016,0.0,0.735,0.451,0.6,0.0585,0.0631,1.3e-05,0.325,0.0862,118,4.05,C,Major,C Major,Allegretto,0,0,0,0,1,0,1,0,0,0,0,0,1,0,0,0,0
alessia cara,scars to your beautiful,False,2016,0.76,0.319,0.739,0.73,0.272,0.0285,0.0,0.111,0.449,194,3.5,C,Major,C Major,Frenetico (Presto),0,0,0,0,0,0,0,0,0,0,0,0,1,1,0,0,0
2 chainz,it's a vibe,True,2017,0.71,0.822,0.502,0.649,0.148,0.0312,0.000887,0.114,0.525,73,3.3,G,Major,G Major,Lento (Adagio),0,0,0,0,0,0,0,0,1,0,0,0,1,0,0,0,0
starley,call on me - ryan riback remix,False,2016,0.48,0.67,0.838,0.814,0.0362,0.0605,0.000611,0.159,0.716,105,3.42,C,Major,C Major,Moderato,0,0,0,0,1,0,1,0,0,0,0,0,1,0,0,0,0
ajr,weak,False,2017,0.0,0.673,0.637,0.79,0.0429,0.137,0.0,0.184,0.678,124,3.21,F,Major,F Major,Veloce (Allegro),0,0,0,0,0,0,0,0,0,0,0,0,0,0,1,0,0
lana del rey,lust for life (with the weeknd),False,2017,0.0,0.499,0.676,0.588,0.0582,0.588,0.00484,0.358,0.295,100,4.24,C,Minor,C Minor,Moderato,0,0,0,0,0,0,0,0,0,0,0,0,1,0,0,0,0
cnco,reggaetón lento (remix),False,2017,0.0,0.623,0.909,0.861,0.0758,0.158,0.0,0.0972,0.651,94,3.08,E,Minor,E Minor,Moderato,0,0,0,0,0,0,0,0,0,0,1,0,1,0,0,0,0
vamps,middle of the night,False,2017,0.61,0.588,0.749,0.8,0.058,0.0037,0.0,0.0813,0.397,130,2.54,B,Minor,B Minor,Veloce (Allegro),0,0,0,0,0,0,0,0,0,0,0,0,1,0,0,0,0
weeknd,i feel it coming,False,2016,0.78,0.773,0.819,0.72,0.118,0.428,0.0,0.0679,0.585,93,4.29,C,Minor,C Minor,Moderato,0,0,0,0,0,0,0,0,0,0,0,0,1,1,0,0,0
chainsmokers,paris,False,2017,0.73,0.653,0.658,0.696,0.0304,0.0215,1.66e-06,0.0939,0.219,100,3.41,D,Major,D Major,Moderato,0,0,0,0,1,0,1,0,0,0,0,0,1,0,0,0,0
big sean,bounce back,True,2017,0.71,0.78,0.575,0.736,0.139,0.106,0.0,0.129,0.273,82,3.42,C#,Minor,C# Minor,Moderato,0,0,0,0,0,0,0,0,1,0,0,0,1,0,0,0,0
shawn mendes,mercy,False,2017,0.0,0.561,0.674,0.772,0.0818,0.118,0.0,0.111,0.383,148,3.28,E,Minor,E Minor,Veloce (Allegro),0,0,0,0,0,0,0,0,0,0,0,0,1,0,0,0,0
avicii,lonely together (feat. rita ora),False,2017,0.53,0.655,0.666,0.751,0.0612,0.134,2.12e-05,0.0683,0.272,103,3.01,F,Major,F Major,Moderato,0,0,0,0,1,0,1,0,0,0,0,0,1,0,0,0,0
cheat codes,no promises (feat. demi lovato),False,2017,0.68,0.741,0.667,0.745,0.134,0.0575,0.0,0.106,0.595,113,3.43,A#,Major,A# Major,Allegretto,0,0,0,0,1,0,1,0,0,0,0,0,1,0,0,0,0
bruno mars,24k magic,False,2016,0.78,0.818,0.803,0.802,0.0797,0.034,0.0,0.153,0.632,107,3.45,C#,Major,C# Major,Moderato,0,0,0,0,0,0,0,0,0,0,0,0,1,0,0,0,0
lorde,homemade dynamite - remix,True,2017,0.08,0.781,0.548,0.767,0.0764,0.229,0.0,0.127,0.175,107,3.34,C,Minor,C Minor,Moderato,0,0,0,0,1,0,1,0,0,0,0,0,1,0,0,0,0
kygo,it ain't me (with selena gomez),False,2017,0.75,0.64,0.533,0.688,0.0706,0.119,0.0,0.0864,0.515,100,3.4,C,Major,C Major,Moderato,0,0,0,0,1,0,1,0,0,0,0,0,1,0,0,0,0
drake,god's plan,True,2018,0.81,0.754,0.449,0.559,0.109,0.0332,8.29e-05,0.552,0.357,77,3.18,G,Major,G Major,Moderato,0,0,0,0,0,0,0,0,1,0,0,0,1,1,0,0,0
post malone,rockstar (feat. 21 savage),True,2018,0.83,0.585,0.52,0.71,0.0712,0.124,7.01e-05,0.131,0.129,160,3.38,F,Minor,F Minor,Vivace,0,0,0,0,0,0,0,0,1,0,0,0,0,0,0,0,0
offset,ric flair drip (with metro boomin),True,2017,0.8,0.88,0.428,0.605,0.206,0.149,5.05e-05,0.114,0.333,100,2.52,A,Major,A Major,Moderato,0,0,0,0,0,0,0,0,1,0,0,0,1,0,0,0,0
g-eazy,him & i (with halsey),True,2017,0.75,0.589,0.731,0.7,0.0868,0.0534,0.0,0.308,0.191,88,4.28,D,Major,D Major,Moderato,0,0,0,0,0,0,0,0,1,0,0,0,1,0,0,0,0
dynoro,in my mind,False,2018,0.78,0.694,0.77,0.75,0.149,0.176,1.1e-05,0.118,0.163,126,3.04,F#,Major,F# Major,Veloce (Allegro),0,0,0,0,1,0,1,0,0,0,0,0,1,0,0,0,0
juice wrld,lucid dreams,True,2018,0.84,0.511,0.566,0.656,0.2,0.349,0.0,0.34,0.218,84,3.59,F#,Minor,F# Minor,Moderato,0,0,0,0,0,0,0,0,1,0,0,0,0,0,0,0,0
zedd,the middle,False,2018,0.8,0.753,0.657,0.862,0.0449,0.171,0.0,0.112,0.437,107,3.04,G,Major,G Major,Moderato,0,0,0,0,1,0,1,0,1,0,0,0,1,0,0,0,0
marshmello,friends,True,2018,0.78,0.626,0.88,0.896,0.0504,0.205,0.0,0.128,0.534,95,3.22,A,Minor,A Minor,Moderato,0,0,0,0,1,0,1,0,0,0,0,0,1,0,0,0,0
cardi b,i like it,True,2018,0.79,0.816,0.726,0.816,0.129,0.099,0.0,0.372,0.65,136,4.13,F,Minor,F Minor,Veloce (Allegro),0,0,0,0,0,0,0,0,1,0,0,0,1,0,0,0,0
xxxtentacion,moonlight,True,2018,0.82,0.921,0.537,0.731,0.0804,0.556,0.00404,0.102,0.711,128,2.15,A,Minor,A Minor,Veloce (Allegro),0,0,0,0,0,0,0,0,1,0,0,0,0,0,0,0,0
ariana grande,no tears left to cry,False,2018,0.77,0.699,0.713,0.742,0.0594,0.04,3.11e-06,0.294,0.354,122,3.25,A,Minor,A Minor,Veloce (Allegro),0,0,0,0,0,0,0,0,0,0,0,0,1,0,0,0,0
sheck wes,mo bamba,True,2018,0.77,0.729,0.625,0.753,0.0315,0.194,0.00986,0.248,0.261,146,3.03,E,Major,E Major,Veloce (Allegro),0,0,0,0,0,0,0,0,1,0,0,0,0,0,0,0,0
calvin harris,one kiss (with dua lipa),False,2018,0.81,0.791,0.862,0.854,0.11,0.037,2.19e-05,0.0814,0.592,124,3.34,A,Minor,A Minor,Veloce (Allegro),0,0,0,0,1,0,1,0,1,0,0,0,1,0,0,0,0
tyga,taste (feat. offset),True,2018,0.73,0.884,0.559,0.646,0.12,0.0236,0.0,0.101,0.342,98,3.52,C,Major,C Major,Moderato,0,0,0,0,0,0,0,0,1,0,0,0,1,0,0,0,0
travis scott,sicko mode,True,2018,0.81,0.834,0.73,0.83,0.222,0.00513,0.0,0.124,0.446,155,5.12,G#,Major,G# Major,Veloce (Allegro),0,0,0,0,1,0,1,0,1,0,0,0,0,0,0,0,0
imagine dragons,natural,False,2018,0.8,0.704,0.611,0.712,0.0409,0.217,0.0,0.0812,0.22,100,3.09,D,Major,D Major,Moderato,0,0,0,0,0,0,0,0,0,0,0,0,0,0,1,0,0
dj snake,"taki taki (with selena gomez, ozuna & cardi b)",True,2018,0.76,0.842,0.801,0.808,0.228,0.157,4.82e-06,0.0642,0.617,96,3.32,G#,Minor,G# Minor,Moderato,0,0,0,0,1,0,1,0,1,0,0,0,1,0,0,0,0
marshmello,spotlight,False,2018,0.71,0.546,0.822,0.792,0.151,0.0145,0.0,0.742,0.615,150,2.57,G,Major,G Major,Veloce (Allegro),0,0,0,0,1,0,1,0,0,0,0,0,1,0,0,0,0
weeknd,pray for me (with kendrick lamar),True,2018,0.69,0.735,0.677,0.768,0.093,0.0762,2.17e-05,0.111,0.188,101,3.31,D,Major,D Major,Moderato,0,0,0,0,0,0,0,0,0,0,0,0,1,1,0,0,0
billie eilish,lovely (with khalid),False,2018,0.86,0.351,0.296,0.514,0.0333,0.934,0.0,0.095,0.12,115,3.2,E,Minor,E Minor,Allegretto,0,0,0,0,1,0,1,0,0,0,0,0,1,0,0,0,0
migos,walk it talk it,True,2018,0.75,0.907,0.633,0.759,0.184,0.0876,2.6e-06,0.106,0.395,146,4.36,D,Major,D Major,Veloce (Allegro),0,0,0,0,0,0,0,0,1,0,0,0,1,0,0,0,0
clean bandit,solo (feat. demi lovato),False,2018,0.71,0.737,0.636,0.789,0.0437,0.0441,6.66e-05,0.35,0.565,105,3.42,B,Minor,B Minor,Moderato,0,0,0,0,1,0,1,0,0,0,0,0,1,0,0,0,0
drake,nonstop,True,2018,0.77,0.912,0.412,0.615,0.123,0.0165,0.0126,0.104,0.423,155,3.58,G,Major,G Major,Veloce (Allegro),0,0,0,0,0,0,0,0,1,0,0,0,1,1,0,0,0
6ix9ine,fefe,True,2018,0.42,0.931,0.387,0.563,0.412,0.088,0.0,0.136,0.376,126,2.59,C#,Major,C# Major,Veloce (Allegro),0,0,0,0,0,0,0,0,1,0,0,0,0,0,0,0,0
weeknd,call out my name,False,2018,0.8,0.461,0.593,0.769,0.0356,0.17,0.0,0.307,0.175,134,3.48,C#,Major,C# Major,Veloce (Allegro),0,0,0,0,0,0,0,0,0,0,0,0,1,1,0,0,0
nio garcia,te boté - remix,True,2018,0.76,0.903,0.675,0.843,0.214,0.542,1.28e-05,0.0595,0.442,97,6.57,B,Minor,B Minor,Moderato,0,0,0,0,0,0,0,0,0,0,1,0,0,0,0,0,0
migos,motorsport,True,2018,0.72,0.904,0.518,0.751,0.183,0.0305,0.0,0.325,0.188,138,5.03,D,Major,D Major,Veloce (Allegro),0,0,0,0,0,0,0,0,1,0,0,0,1,0,0,0,0
nicky jam,x,False,2019,0.74,0.594,0.749,0.752,0.056,0.0338,0.00106,0.3,0.694,180,2.52,A,Minor,A Minor,Frenetico (Presto),0,0,0,0,0,0,0,0,0,0,1,0,0,0,0,0,0
xxxtentacion,sad!,True,2018,0.82,0.74,0.613,0.773,0.145,0.258,0.00372,0.123,0.473,75,2.46,G#,Major,G# Major,Lento (Adagio),0,0,0,0,0,0,0,0,1,0,0,0,0,0,0,0,0
becky g,sin pijama,False,2018,0.69,0.791,0.745,0.831,0.0464,0.354,2.93e-05,0.104,0.82,94,3.08,B,Minor,B Minor,Moderato,0,0,0,0,0,0,0,0,0,0,1,0,1,0,0,0,0
machine gun kelly,"home (with machine gun kelly, x ambassadors & bebe rexha)",False,2017,0.71,0.653,0.718,0.755,0.213,0.00413,0.0,0.0537,0.216,82,3.22,D#,Minor,D# Minor,Moderato,0,0,0,0,0,0,0,0,1,0,0,0,1,0,0,0,0
6ix9ine,gummo,True,2018,0.63,0.66,0.775,0.77,0.172,0.0553,0.0,0.129,0.635,157,2.37,D,Major,D Major,Vivace,0,0,0,0,0,0,0,0,1,0,0,0,0,0,0,0,0
jax jones,breathe,False,2017,0.58,0.722,0.744,0.741,0.0363,0.0234,0.000157,0.143,0.686,126,3.27,B,Minor,B Minor,Veloce (Allegro),0,0,0,0,1,0,1,0,1,0,0,0,1,0,0,0,0
chainsmokers,sick boy,False,2018,0.69,0.663,0.577,0.642,0.0531,0.109,0.0,0.12,0.454,90,3.13,B,Minor,B Minor,Moderato,0,0,0,0,1,0,1,0,0,0,0,0,1,0,0,0,0
jay rock,"king's dead (with kendrick lamar, future & james blake)",True,2018,0.71,0.645,0.705,0.766,0.299,0.000813,0.0,0.128,0.376,137,3.49,C#,Major,C# Major,Veloce (Allegro),0,0,0,0,0,0,0,0,1,0,0,0,1,0,0,0,0
rich the kid,plug walk,True,2018,0.72,0.876,0.519,0.691,0.143,0.202,0.0,0.108,0.158,95,2.55,B,Major,B Major,Moderato,0,0,0,0,0,0,0,0,1,0,0,0,1,0,0,0,0
kendrick lamar,all the stars (with sza),True,2018,0.8,0.698,0.633,0.769,0.0597,0.0605,0.000194,0.0926,0.552,97,3.52,G#,Major,G# Major,Moderato,0,0,0,0,0,0,0,0,1,0,0,0,0,0,0,0,0
logic,everyday,True,2018,0.69,0.667,0.741,0.811,0.0378,0.0425,0.0,0.0761,0.422,150,3.24,C#,Major,C# Major,Veloce (Allegro),0,0,0,0,0,0,0,0,1,0,0,0,1,0,0,0,0
jason derulo,tip toe (feat. french montana),False,2017,0.64,0.845,0.709,0.789,0.0714,0.0233,0.0,0.094,0.62,98,3.07,A#,Minor,A# Minor,Moderato,0,0,0,0,0,0,0,0,1,0,0,0,1,0,0,0,0
ariana grande,god is a woman,True,2018,0.78,0.602,0.658,0.72,0.0558,0.0233,6e-05,0.237,0.268,145,3.17,C#,Major,C# Major,Veloce (Allegro),0,0,0,0,0,0,0,0,0,0,0,0,1,0,0,0,0
rae sremmurd,powerglide (feat. juicy j) - from sr3mm,True,2018,0.66,0.713,0.831,0.779,0.15,0.0168,0.0,0.118,0.584,174,5.32,C#,Minor,C# Minor,Vivace,0,0,0,0,0,0,0,0,1,0,0,0,1,0,0,0,0
eo,german,False,2018,0.67,0.862,0.583,0.704,0.0654,0.811,1.86e-05,0.191,0.852,103,2.5,G#,Minor,G# Minor,Moderato,0,0,0,0,0,0,0,0,0,0,0,0,1,0,0,0,0
dennis lloyd,nevermind,False,2017,0.74,0.6,0.688,0.602,0.201,0.159,1.29e-05,0.409,0.0793,100,2.36,F,Minor,F Minor,Moderato,0,0,0,0,0,0,0,0,0,0,0,0,1,0,0,0,0
girl in red,we fell in love in october,False,2018,0.82,0.566,0.366,0.381,0.028,0.113,0.181,0.155,0.237,130,3.04,G,Major,G Major,Veloce (Allegro),0,0,0,0,1,0,1,0,0,0,0,0,1,0,1,0,0
selena gomez,wolves,False,2017,0.78,0.724,0.804,0.786,0.0448,0.124,0.0,0.204,0.306,125,3.17,B,Minor,B Minor,Veloce (Allegro),0,0,0,0,0,0,0,0,0,0,0,0,1,0,0,0,0
tiesto,jackie chan,True,2018,0.72,0.747,0.834,0.872,0.045,0.374,0.0,0.0586,0.687,128,3.35,D#,Minor,D# Minor,Veloce (Allegro),0,0,0,0,1,0,1,0,0,0,0,0,1,0,0,0,0
tom walker,leave a light on,False,2017,0.7,0.586,0.624,0.72,0.113,0.0153,1.78e-06,0.133,0.267,69,3.05,F,Major,F Major,Lento (Adagio),0,0,0,0,0,0,0,0,0,0,0,0,1,0,1,0,0
sofia reyes,"1, 2, 3 (feat. jason derulo & de la ghetto)",False,2018,0.65,0.792,0.895,0.86,0.0589,0.165,0.0,0.0501,0.794,95,3.21,C#,Minor,C# Minor,Moderato,0,0,0,0,0,0,0,0,0,0,1,0,1,0,0,0,0
marshmello,silence,False,2017,0.8,0.52,0.761,0.861,0.0853,0.256,4.96e-06,0.17,0.286,142,3.0,E,Major,E Major,Veloce (Allegro),0,0,0,0,1,0,1,0,0,0,0,0,1,0,0,0,0
5 seconds of summer,youngblood,False,2018,0.69,0.596,0.854,0.761,0.463,0.0169,0.0,0.124,0.152,120,3.23,G,Minor,G Minor,Allegretto,0,0,0,0,0,0,0,0,0,0,0,0,1,0,0,0,0
loud luxury,body (feat. brando),False,2017,0.0,0.752,0.764,0.796,0.038,0.0476,9.44e-05,0.0543,0.582,122,2.43,C#,Major,C# Major,Veloce (Allegro),0,0,0,0,1,0,1,0,0,0,0,0,1,0,0,0,0
liam payne,for you (fifty shades freed) (& rita ora),False,2018,0.62,0.541,0.787,0.785,0.0331,0.0167,0.0,0.157,0.2,113,4.05,D,Minor,D Minor,Allegretto,0,0,0,0,0,0,0,0,0,0,0,0,1,0,0,0,0
nf,let you down,False,2017,0.79,0.662,0.714,0.733,0.121,0.312,0.0,0.179,0.464,148,3.32,F,Minor,F Minor,Veloce (Allegro),0,0,0,0,0,0,0,0,1,0,0,0,1,0,0,0,0
xxxtentacion,changes,False,2018,0.79,0.669,0.308,0.516,0.029,0.883,0.0,0.0984,0.52,65,2.01,B,Major,B Major,Lento (Adagio),0,0,0,0,0,0,0,0,1,0,0,0,0,0,0,0,0
maluma,corazón (feat. nego do borel),False,2018,0.69,0.722,0.738,0.714,0.247,0.328,1.47e-05,0.198,0.748,198,3.04,A,Minor,A Minor,Frenetico (Presto),0,0,0,0,0,0,0,0,0,0,1,0,0,0,0,0,0
cardi b,bodak yellow,True,2018,0.72,0.926,0.703,0.701,0.103,0.0659,0.0,0.231,0.485,125,3.43,B,Minor,B Minor,Veloce (Allegro),0,0,0,0,0,0,0,0,1,0,0,0,1,0,0,0,0
lil baby,yes indeed,True,2018,0.79,0.963,0.346,0.554,0.53,0.0355,0.0,0.108,0.562,120,2.22,F,Minor,F Minor,Allegretto,0,0,0,0,0,0,0,0,1,0,0,0,0,0,0,0,0
jonas blue,rise,False,2018,0.7,0.687,0.785,0.784,0.0333,0.327,0.0,0.203,0.655,106,3.14,C#,Major,C# Major,Moderato,0,0,0,0,1,0,1,0,0,0,0,0,1,0,0,0,0
david guetta,flames,False,2018,0.59,0.631,0.649,0.723,0.0385,0.0817,3.8e-06,0.0934,0.421,94,3.14,F,Minor,F Minor,Moderato,0,0,0,0,1,0,1,0,1,0,0,0,1,0,0,0,0
ozuna,vaina loca,False,2018,0.72,0.754,0.805,0.804,0.0752,0.315,0.0,0.203,0.555,94,2.56,F#,Major,F# Major,Moderato,0,0,0,0,0,0,0,0,0,0,1,0,0,0,0,0,0
charlie puth,how long,False,2018,0.72,0.845,0.561,0.754,0.0778,0.211,3.49e-06,0.0383,0.811,110,3.2,C#,Minor,C# Minor,Allegretto,0,0,0,0,0,0,0,0,0,0,0,0,1,0,0,0,0
post malone,better now,True,2018,0.8,0.68,0.578,0.727,0.04,0.331,0.0,0.135,0.341,145,3.51,A#,Major,A# Major,Veloce (Allegro),0,0,0,0,0,0,0,0,1,0,0,0,0,0,0,0,0
blocboy jb,look alive (feat. drake),True,2018,0.73,0.922,0.581,0.643,0.27,0.00104,5.86e-05,0.105,0.595,140,3.01,A#,Major,A# Major,Veloce (Allegro),0,0,0,0,0,0,0,0,1,0,0,0,1,0,0,0,0
eminem,river (feat. ed sheeran),True,2017,0.72,0.748,0.749,0.721,0.516,0.142,0.0,0.0713,0.659,90,3.41,G#,Minor,G# Minor,Moderato,0,0,0,0,0,0,0,0,1,0,0,0,0,0,0,0,0
marshmello,happier,False,2018,0.82,0.687,0.792,0.878,0.0452,0.191,0.0,0.167,0.671,100,3.34,F,Major,F Major,Moderato,0,0,0,0,1,0,1,0,0,0,0,0,1,0,0,0,0
dean lewis,be alright,True,2018,0.79,0.553,0.586,0.701,0.0362,0.697,0.0,0.0813,0.443,127,3.16,B,Major,B Major,Veloce (Allegro),0,0,0,0,0,0,0,0,0,0,0,0,1,0,0,0,0
charlie puth,done for me (feat. kehlani),False,2018,0.67,0.856,0.632,0.831,0.074,0.193,0.0,0.0688,0.697,112,3.0,F#,Minor,F# Minor,Allegretto,0,0,0,0,0,0,0,0,0,0,0,0,1,0,0,0,0
migos,stir fry,True,2018,0.72,0.817,0.816,0.747,0.269,0.00263,0.0,0.159,0.508,182,3.1,D,Major,D Major,Frenetico (Presto),0,0,0,0,0,0,0,0,1,0,0,0,1,0,0,0,0
yg,"big bank (feat. 2 chainz, big sean, nicki minaj)",True,2018,0.68,0.745,0.346,0.633,0.331,0.00552,0.0,0.0881,0.112,204,3.57,C#,Major,C# Major,Frenetico (Presto),0,0,0,0,0,0,0,0,1,0,0,0,1,0,0,0,0
drake,in my feelings,True,2018,0.75,0.835,0.626,0.725,0.125,0.0589,6e-05,0.396,0.35,91,3.37,C#,Major,C# Major,Moderato,0,0,0,0,0,0,0,0,1,0,0,0,1,1,0,0,0
b young,jumanji,False,2018,0.6,0.791,0.473,0.526,0.25,0.279,0.0,0.0959,0.603,96,2.53,A#,Minor,A# Minor,Moderato,0,0,0,0,1,0,1,0,1,0,0,0,0,0,0,0,0
charlie puth,the way i am,False,2018,0.64,0.755,0.769,0.734,0.186,0.314,2.38e-06,0.0628,0.642,115,3.06,A#,Minor,A# Minor,Allegretto,0,0,0,0,0,0,0,0,0,0,0,0,1,0,0,0,0
reik,me niego (feat. ozuna & wisin),False,2018,0.01,0.777,0.779,0.794,0.0972,0.0543,0.0,0.636,0.768,94,3.41,C,Minor,C Minor,Moderato,0,0,0,0,0,0,0,0,0,0,1,0,1,0,0,0,0
benny blanco,eastside (with halsey & khalid),False,2018,0.75,0.56,0.68,0.636,0.321,0.555,0.0,0.116,0.319,89,2.53,F#,Minor,F# Minor,Moderato,0,0,0,0,0,0,0,0,1,0,0,0,1,0,0,0,0
luis fonsi,échame la culpa,False,2017,0.62,0.733,0.892,0.834,0.0417,0.0376,0.0,0.137,0.675,96,2.53,C,Major,C Major,Moderato,0,0,0,0,0,0,0,0,0,0,1,0,1,0,0,0,0
mk,17,False,2017,0.65,0.703,0.832,0.658,0.0689,0.00149,0.127,0.0696,0.667,122,3.16,C,Minor,C Minor,Veloce (Allegro),0,0,0,0,1,0,1,0,0,0,0,0,1,0,0,0,0
rita ora,anywhere,False,2017,0.63,0.628,0.797,0.818,0.0596,0.0364,0.0,0.104,0.321,107,3.35,B,Minor,B Minor,Moderato,0,0,0,0,1,0,1,0,1,0,0,0,1,0,0,0,0
banx & ranx,answerphone (feat. yxng bane),False,2018,0.56,0.671,0.834,0.82,0.0885,0.0387,0.0,0.454,0.454,113,3.1,C#,Minor,C# Minor,Allegretto,0,0,0,0,1,0,1,0,0,0,0,0,0,0,0,0,0
ella mai,trip,False,2018,0.72,0.477,0.61,0.736,0.144,0.225,0.0,0.107,0.358,80,3.33,B,Minor,B Minor,Moderato,0,0,0,0,0,0,0,0,1,0,0,0,1,1,0,0,0
daddy yankee,dura,False,2018,0.71,0.783,0.84,0.845,0.051,0.174,0.0,0.412,0.839,95,3.2,C#,Major,C# Major,Moderato,0,0,0,0,0,0,0,0,0,0,1,0,0,0,0,0,0
dj khaled,no brainer,True,2018,0.67,0.552,0.76,0.781,0.342,0.0733,0.0,0.0865,0.639,136,4.2,C,Major,C Major,Veloce (Allegro),0,0,0,0,0,0,0,0,1,0,0,0,1,0,0,0,0
anne-marie,2002,False,2018,0.8,0.697,0.683,0.871,0.117,0.0372,0.0,0.137,0.603,96,3.06,C#,Minor,C# Minor,Moderato,0,0,0,0,1,0,1,0,0,0,0,0,1,0,0,0,0
bruno mars,finesse - remix; feat. cardi b,False,2017,0.74,0.704,0.859,0.773,0.0996,0.0185,0.0,0.0215,0.926,105,3.37,F,Minor,F Minor,Moderato,0,0,0,0,0,0,0,0,0,0,0,0,1,0,0,0,0
finneas,let's fall in love for the night,True,2018,0.71,0.737,0.408,0.621,0.104,0.802,0.0,0.171,0.374,128,3.1,F,Major,F Major,Veloce (Allegro),0,0,0,0,1,0,1,0,0,0,0,0,1,0,1,0,0
hugh jackman,the greatest show,False,2017,0.72,0.417,0.824,0.65,0.105,0.000239,0.0545,0.0725,0.4,158,5.02,B,Minor,B Minor,Vivace,0,0,0,0,0,1,0,0,0,0,0,0,0,0,0,0,0
halsey,bad at love,False,2017,0.72,0.675,0.751,0.839,0.0296,0.0604,0.0,0.0893,0.612,118,3.01,C,Major,C Major,Allegretto,0,0,0,0,1,0,1,0,0,0,0,0,1,0,0,0,0
drake,i'm upset,True,2018,0.68,0.899,0.586,0.625,0.343,0.279,0.0,0.0836,0.492,150,3.34,B,Minor,B Minor,Veloce (Allegro),0,0,0,0,0,0,0,0,1,0,0,0,1,1,0,0,0
camila cabello,never be the same,False,2018,0.74,0.637,0.713,0.8,0.0747,0.181,0.000637,0.137,0.243,130,3.46,C,Major,C Major,Veloce (Allegro),0,0,0,0,0,0,0,0,0,0,0,0,1,0,0,0,0
m.o,bad vibe,False,2018,0.54,0.813,0.701,0.795,0.0449,0.178,0.0,0.0962,0.758,110,3.34,A#,Major,A# Major,Allegretto,0,0,0,0,1,0,1,0,0,0,0,0,1,0,0,0,0
dua lipa,idgaf,True,2017,0.78,0.836,0.544,0.718,0.0943,0.0403,0.0,0.0824,0.51,97,3.37,G,Major,G Major,Moderato,0,0,0,0,0,0,0,0,0,0,0,0,1,0,0,0,0
cashmere cat,miss you (with major lazer & tory lanez),False,2018,0.56,0.747,0.641,0.791,0.0925,0.25,0.00107,0.106,0.453,100,3.06,C#,Major,C# Major,Moderato,0,0,0,0,0,0,0,0,0,0,0,0,1,0,1,0,0
bazzi,mine,True,2018,0.75,0.71,0.789,0.822,0.0722,0.0161,2.77e-06,0.451,0.717,143,2.11,E,Major,E Major,Veloce (Allegro),0,0,0,0,1,0,1,0,0,0,0,0,1,0,0,0,0
lil dicky,freaky friday (feat. chris brown),True,2018,0.7,0.755,0.599,0.765,0.224,0.147,0.0,0.109,0.755,133,3.36,G#,Major,G# Major,Veloce (Allegro),0,0,0,0,0,0,0,0,1,0,0,0,1,0,0,0,0
lauv,i like me better,False,2018,0.81,0.752,0.505,0.637,0.253,0.535,2.55e-06,0.104,0.419,92,3.17,A,Major,A Major,Moderato,0,0,0,0,1,0,1,0,0,0,0,0,1,0,0,0,0
chainsmokers,this feeling,False,2018,0.73,0.575,0.571,0.623,0.0439,0.0558,0.0,0.0912,0.449,105,3.17,C#,Major,C# Major,Moderato,0,0,0,0,1,0,1,0,0,0,0,0,1,0,0,0,0
maroon 5,girls like you (feat. cardi b) - cardi b version,True,2018,0.73,0.851,0.541,0.676,0.0505,0.568,0.0,0.13,0.448,125,3.55,C,Major,C Major,Veloce (Allegro),0,0,0,0,0,0,0,0,0,0,0,0,1,0,0,0,0
khalid,love lies (with normani),False,2018,0.73,0.708,0.648,0.736,0.0449,0.0956,0.0,0.134,0.338,144,3.21,F#,Major,F# Major,Veloce (Allegro),0,0,0,0,0,0,0,0,0,0,0,0,1,1,0,0,0
drake,nice for what,True,2018,0.77,0.585,0.909,0.694,0.0707,0.0891,9.7e-05,0.119,0.758,93,3.3,G#,Major,G# Major,Moderato,0,0,0,0,0,0,0,0,1,0,0,0,1,1,0,0,0
kendrick lamar,love. feat. zacari.,True,2017,0.8,0.8,0.585,0.651,0.0924,0.264,0.0,0.153,0.779,126,3.33,A#,Major,A# Major,Veloce (Allegro),0,0,0,0,0,0,0,0,1,0,0,0,0,0,0,0,0
post malone,psycho (feat. ty dolla $ign),True,2018,0.77,0.75,0.56,0.614,0.105,0.546,0.0,0.111,0.459,140,3.41,G#,Major,G# Major,Veloce (Allegro),0,0,0,0,0,0,0,0,1,0,0,0,0,0,0,0,0
lil nas x,old town road - remix,False,2019,0.79,0.878,0.619,0.739,0.102,0.0533,0.0,0.113,0.639,136,2.37,F#,Major,F# Major,Veloce (Allegro),0,0,0,0,0,0,0,0,1,0,0,0,1,0,0,0,0
billie eilish,bad guy,False,2019,0.83,0.701,0.425,0.472,0.375,0.328,0.13,0.1,0.562,135,3.14,G,Major,G Major,Veloce (Allegro),0,0,0,0,1,0,1,0,0,0,0,0,1,0,0,0,0
shawn mendes,señorita,False,2019,0.78,0.759,0.548,0.715,0.029,0.0392,0.0,0.0828,0.749,117,3.1,A,Minor,A Minor,Allegretto,0,0,0,0,0,0,0,0,0,0,0,0,1,0,0,0,0
ariana grande,7 rings,True,2019,0.83,0.778,0.317,0.483,0.334,0.592,0.0,0.0881,0.327,140,2.58,C#,Minor,C# Minor,Veloce (Allegro),0,0,0,0,0,0,0,0,0,0,0,0,1,0,0,0,0
post malone,sunflower - spider-man: into the spider-verse,False,2019,0.79,0.755,0.522,0.798,0.0575,0.533,0.0,0.0685,0.925,90,2.37,D,Major,D Major,Moderato,0,0,0,0,0,0,0,0,1,0,0,0,0,0,0,0,0
gesaffelstein,lost in the fire (feat. the weeknd),True,2019,0.84,0.658,0.671,0.41,0.0363,0.0933,0.000927,0.115,0.166,101,3.22,D,Major,D Major,Moderato,0,0,0,0,1,0,1,0,0,0,0,0,0,0,0,0,0
halsey,without me,True,2018,0.77,0.752,0.488,0.665,0.0705,0.297,9.11e-06,0.0936,0.533,136,3.21,F#,Major,F# Major,Veloce (Allegro),0,0,0,0,1,0,1,0,0,0,0,0,1,0,0,0,0
regard,ride it,False,2019,0.81,0.88,0.751,0.803,0.0874,0.177,6.43e-05,0.106,0.884,118,2.37,G,Minor,G Minor,Allegretto,0,0,0,0,1,0,1,0,0,0,0,0,1,0,0,0,0
lady gaga,shallow,False,2018,0.82,0.572,0.385,0.699,0.0308,0.371,0.0,0.231,0.323,96,3.35,G,Major,G Major,Moderato,0,0,0,0,0,0,0,0,0,0,0,0,1,0,0,0,0
mark ronson,nothing breaks like a heart (feat. miley cyrus),False,2018,0.79,0.601,0.794,0.725,0.0671,0.00987,1.36e-06,0.388,0.244,114,3.37,G,Minor,G Minor,Allegretto,0,0,0,0,0,0,0,0,0,0,0,0,1,0,0,0,0
lewis capaldi,someone you loved,False,2019,0.84,0.501,0.405,0.733,0.0319,0.751,0.0,0.105,0.446,110,3.02,C#,Major,C# Major,Allegretto,0,0,0,0,0,0,0,0,0,0,0,0,1,0,0,0,0
jax jones,all day and night,False,2019,0.6,0.585,0.782,0.811,0.0897,0.269,0.0,0.156,0.521,122,2.49,C#,Minor,C# Minor,Veloce (Allegro),0,0,0,0,1,0,1,0,1,0,0,0,1,0,0,0,0
mustard,pure water (with migos),True,2019,0.75,0.682,0.559,0.74,0.127,0.174,0.0,0.344,0.137,202,3.12,C,Major,C Major,Frenetico (Presto),0,0,0,0,0,0,0,0,1,0,0,0,1,0,0,0,0
nle choppa,shotta flow (feat. blueface) [remix],True,2019,0.0,0.894,0.511,0.778,0.42,0.0251,0.0,0.14,0.568,120,2.56,D,Major,D Major,Allegretto,0,0,0,0,0,0,0,0,1,0,0,0,0,0,0,0,0
kodak black,zeze (feat. travis scott & offset),True,2018,0.77,0.861,0.603,0.728,0.176,0.0521,0.0,0.0924,0.504,98,3.48,G#,Minor,G# Minor,Moderato,0,0,0,0,0,0,0,0,1,0,0,0,0,0,0,0,0
daddy yankee,con calma,False,2019,0.79,0.737,0.86,0.883,0.0593,0.11,1.94e-06,0.0574,0.656,94,3.13,G#,Minor,G# Minor,Moderato,0,0,0,0,0,0,0,0,0,0,1,0,0,0,0,0,0
alec benjamin,let me down slowly,False,2018,0.82,0.652,0.557,0.731,0.0318,0.74,0.0,0.124,0.483,150,2.49,C#,Minor,C# Minor,Veloce (Allegro),0,0,0,0,1,0,1,0,0,0,0,0,1,0,1,0,0
blackpink,kill this love,False,2019,0.01,0.738,0.861,0.809,0.237,0.318,0.00182,0.325,0.58,132,3.09,D,Major,D Major,Veloce (Allegro),0,0,0,0,0,0,0,0,0,0,0,0,1,0,0,0,0
offset,clout (feat. cardi b),True,2019,0.68,0.919,0.622,0.649,0.0997,0.228,4.24e-06,0.122,0.424,140,3.25,C#,Major,C# Major,Veloce (Allegro),0,0,0,0,0,0,0,0,1,0,0,0,1,0,0,0,0
meduza,piece of your heart,False,2019,0.75,0.677,0.744,0.677,0.0295,0.0404,0.00016,0.074,0.631,124,2.32,A#,Minor,A# Minor,Veloce (Allegro),0,0,0,0,1,0,1,0,0,0,0,0,1,0,0,0,0
ed sheeran,antisocial (with travis scott),False,2019,0.63,0.716,0.823,0.751,0.0495,0.132,0.0,0.361,0.91,152,2.41,F,Minor,F Minor,Veloce (Allegro),0,0,0,0,0,0,0,0,0,0,0,0,1,0,0,0,0
travis scott,sicko mode,True,2018,0.81,0.834,0.73,0.83,0.222,0.00513,0.0,0.124,0.446,155,5.12,G#,Major,G# Major,Veloce (Allegro),0,0,0,0,1,0,1,0,1,0,0,0,0,0,0,0,0
mabel,mad love,False,2019,0.0,0.631,0.803,0.867,0.155,0.675,0.0,0.11,0.62,198,2.49,C,Minor,C Minor,Frenetico (Presto),0,0,0,0,1,0,1,0,0,0,0,0,1,0,0,0,0
lana del rey,doin' time,True,2019,0.8,0.641,0.559,0.464,0.0355,0.404,0.00402,0.0937,0.523,145,3.22,G,Minor,G Minor,Veloce (Allegro),0,0,0,0,0,0,0,0,0,0,0,0,1,0,0,0,0
dj snake,"taki taki (feat. selena gomez, ozuna & cardi b)",True,2019,0.7,0.842,0.801,0.808,0.228,0.157,4.82e-06,0.0642,0.617,96,3.32,G#,Minor,G# Minor,Moderato,0,0,0,0,1,0,1,0,1,0,0,0,1,0,0,0,0
a boogie wit da hoodie,look back at it,True,2018,0.73,0.791,0.587,0.763,0.0413,0.407,0.0,0.148,0.536,96,2.59,D#,Minor,D# Minor,Moderato,0,0,0,0,0,0,0,0,1,0,0,0,0,0,0,0,0
saweetie,my type,True,2019,0.71,0.899,0.811,0.703,0.258,0.000677,0.0,0.0672,0.587,105,2.06,D,Major,D Major,Moderato,0,0,0,0,0,0,0,0,1,0,0,0,1,1,0,0,0
lil tecca,ransom,True,2019,0.78,0.745,0.642,0.704,0.287,0.0204,0.0,0.0658,0.226,180,2.11,G,Minor,G Minor,Frenetico (Presto),0,0,0,0,0,0,0,0,1,0,0,0,0,0,0,0,0
russ millions,keisha & becky - remix,True,2019,0.69,0.863,0.471,0.542,0.478,0.251,0.0,0.121,0.644,141,4.12,F#,Major,F# Major,Veloce (Allegro),0,0,0,0,0,0,0,0,0,0,0,0,1,0,0,0,0
billie eilish,lovely (with khalid),False,2018,0.86,0.351,0.296,0.514,0.0333,0.934,0.0,0.095,0.12,115,3.2,E,Minor,E Minor,Allegretto,0,0,0,0,1,0,1,0,0,0,0,0,1,0,0,0,0
mabel,don't call me up,False,2019,0.77,0.674,0.881,0.873,0.147,0.296,3.01e-06,0.0793,0.234,99,2.58,A,Major,A Major,Moderato,0,0,0,0,1,0,1,0,0,0,0,0,1,0,0,0,0
lil nas x,old town road,False,2019,0.76,0.907,0.53,0.712,0.127,0.0578,2.23e-06,0.101,0.507,136,1.53,C#,Major,C# Major,Veloce (Allegro),0,0,0,0,0,0,0,0,1,0,0,0,1,0,0,0,0
meek mill,going bad (feat. drake),True,2018,0.78,0.889,0.496,0.699,0.0905,0.259,0.0,0.252,0.544,86,3.0,E,Minor,E Minor,Moderato,0,0,0,0,0,0,0,0,1,0,0,0,1,0,0,0,0
post malone,wow.,True,2019,0.79,0.829,0.539,0.65,0.208,0.136,1.78e-06,0.103,0.388,100,2.29,B,Minor,B Minor,Moderato,0,0,0,0,0,0,0,0,1,0,0,0,0,0,0,0,0
doja cat,juicy,True,2019,0.57,0.786,0.658,0.885,0.0661,0.0856,0.0,0.0689,0.458,170,3.22,C,Major,C Major,Vivace,0,0,0,0,0,0,0,0,0,0,0,0,1,0,0,0,0
a boogie wit da hoodie,swervin (feat. 6ix9ine),True,2018,0.75,0.581,0.662,0.755,0.303,0.0153,0.0,0.111,0.434,93,3.09,A,Major,A Major,Moderato,0,0,0,0,0,0,0,0,1,0,0,0,0,0,0,0,0
iann dior,emotions,False,2019,0.72,0.63,0.63,0.707,0.0395,0.0131,0.0,0.142,0.163,81,2.11,A,Major,A Major,Moderato,0,0,0,0,0,0,0,0,1,0,0,0,1,0,0,0,0
paulo londra,adan y eva,False,2019,0.72,0.767,0.709,0.793,0.336,0.323,0.0,0.0745,0.72,172,4.16,C#,Major,C# Major,Vivace,0,0,0,0,1,0,1,0,1,0,1,0,0,0,0,0,0
drake,money in the grave (drake ft. rick ross),True,2019,0.76,0.831,0.502,0.814,0.046,0.101,0.0,0.122,0.101,101,3.25,A#,Minor,A# Minor,Moderato,0,0,0,0,0,0,0,0,1,0,0,0,1,1,0,0,0
lil nas x,panini,False,2019,0.71,0.703,0.594,0.71,0.0752,0.342,0.0,0.123,0.475,154,1.54,F,Minor,F Minor,Veloce (Allegro),0,0,0,0,0,0,0,0,1,0,0,0,1,0,0,0,0
bad bunny,mia (feat. drake),False,2018,0.77,0.817,0.539,0.7,0.0621,0.0141,0.000496,0.099,0.158,97,3.3,F#,Minor,F# Minor,Moderato,0,0,0,0,0,0,0,0,0,0,1,0,0,0,0,0,0
polo g,pop out (feat. lil tjay),True,2019,0.78,0.772,0.639,0.662,0.467,0.15,0.0,0.0698,0.261,168,2.46,C#,Major,C# Major,Vivace,0,0,0,0,0,0,0,0,1,0,0,0,0,0,0,0,0
juice wrld,robbery,True,2019,0.53,0.685,0.692,0.761,0.0457,0.328,0.0,0.153,0.578,160,4.0,D,Major,D Major,Vivace,0,0,0,0,0,0,0,0,1,0,0,0,0,0,0,0,0
21 savage,a lot,True,2018,0.78,0.837,0.636,0.636,0.086,0.0395,0.00125,0.342,0.274,146,4.48,C#,Major,C# Major,Veloce (Allegro),0,0,0,0,0,0,0,0,1,0,0,0,0,0,0,0,0
young thug,the london (feat. j. cole & travis scott),True,2019,0.69,0.796,0.586,0.67,0.147,0.0247,0.0,0.132,0.179,98,3.2,E,Minor,E Minor,Moderato,0,0,0,0,0,0,0,0,1,0,0,0,1,0,0,0,0
anuel aa,china,False,2019,0.76,0.786,0.808,0.831,0.0882,0.0846,0.000289,0.0822,0.609,105,5.01,G,Major,G Major,Moderato,0,0,0,0,0,0,0,0,0,0,1,0,0,0,0,0,0
camila cabello,liar,False,2019,0.65,0.74,0.498,0.683,0.0456,0.0169,0.00282,0.319,0.652,98,3.27,B,Minor,B Minor,Moderato,0,0,0,0,0,0,0,0,0,0,0,0,1,0,0,0,0
flipp dinero,leave me alone,True,2019,0.69,0.792,0.743,0.875,0.0851,0.107,0.0,0.183,0.742,150,3.15,G,Major,G Major,Veloce (Allegro),0,0,0,0,0,0,0,0,1,0,0,0,1,0,0,0,0
cardi b,money,True,2018,0.73,0.95,0.59,0.692,0.29,0.00534,0.0,0.11,0.219,130,3.03,G#,Minor,G# Minor,Veloce (Allegro),0,0,0,0,0,0,0,0,1,0,0,0,1,0,0,0,0
ariana grande,"break up with your girlfriend, i'm bored",True,2019,0.76,0.726,0.554,0.752,0.0917,0.0421,0.0,0.106,0.335,170,3.1,F,Minor,F Minor,Vivace,0,0,0,0,0,0,0,0,0,0,0,0,1,0,0,0,0
dave,location (feat. burna boy),True,2019,0.78,0.812,0.496,0.719,0.297,0.271,0.0,0.0955,0.55,110,4.01,A,Minor,A Minor,Allegretto,0,0,0,0,0,0,0,0,1,0,0,0,0,0,0,0,0
ava max,sweet but psycho,False,2018,0.07,0.719,0.704,0.78,0.0476,0.0691,0.0,0.166,0.628,133,3.07,C#,Major,C# Major,Veloce (Allegro),0,0,0,0,0,0,0,0,0,0,0,0,1,0,0,0,0
dua lipa,don't start now,False,2019,0.79,0.794,0.793,0.79,0.0842,0.0125,0.0,0.0952,0.677,124,3.03,B,Minor,B Minor,Veloce (Allegro),0,0,0,0,0,0,0,0,0,0,0,0,1,0,0,0,0
young t & bugsey,strike a pose (feat. aitch),True,2019,0.61,0.531,0.581,0.727,0.101,0.0107,1.62e-05,0.101,0.591,138,3.34,C#,Major,C# Major,Veloce (Allegro),0,0,0,0,0,0,0,0,1,0,0,0,0,0,0,0,0
calvin harris,giant (with rag'n'bone man),False,2019,0.73,0.807,0.887,0.801,0.0361,0.016,0.000503,0.0811,0.606,122,3.49,C#,Minor,C# Minor,Veloce (Allegro),0,0,0,0,1,0,1,0,1,0,0,0,1,0,0,0,0
ed sheeran,take me back to london (feat. stormzy),True,2019,0.66,0.885,0.762,0.741,0.216,0.219,0.0,0.162,0.605,138,3.09,G#,Minor,G# Minor,Veloce (Allegro),0,0,0,0,0,0,0,0,0,0,0,0,1,0,0,0,0
cardi b,please me,True,2019,0.73,0.747,0.57,0.682,0.081,0.0642,0.0,0.0832,0.65,134,3.2,C#,Major,C# Major,Veloce (Allegro),0,0,0,0,0,0,0,0,1,0,0,0,1,0,0,0,0
stormzy,vossi bop,True,2019,0.64,0.682,0.653,0.714,0.339,0.13,0.00116,0.129,0.428,188,3.16,G#,Major,G# Major,Frenetico (Presto),0,0,0,0,1,0,1,0,1,0,0,0,0,0,0,0,0
tones and i,dance monkey,False,2019,0.78,0.824,0.588,0.697,0.0924,0.692,0.000104,0.149,0.513,98,3.29,F#,Minor,F# Minor,Moderato,0,0,0,0,0,0,0,0,0,0,0,0,1,0,0,0,0
ariana grande,boyfriend (with social house),True,2019,0.77,0.4,0.795,0.829,0.461,0.119,0.0,0.159,0.702,190,3.06,A#,Minor,A# Minor,Frenetico (Presto),0,0,0,0,0,0,0,0,0,0,0,0,1,0,0,0,0
bad bunny,callaita,True,2019,0.81,0.61,0.624,0.778,0.309,0.6,2.12e-06,0.243,0.244,176,4.1,D,Major,D Major,Vivace,0,0,0,0,0,0,0,0,0,0,1,0,0,0,0,0,0
ava max,so am i,False,2019,0.04,0.682,0.656,0.783,0.0435,0.0737,0.0,0.353,0.607,130,3.03,F#,Major,F# Major,Veloce (Allegro),0,0,0,0,0,0,0,0,0,0,0,0,1,0,0,0,0
pedro capo,calma - remix,False,2018,0.74,0.826,0.773,0.805,0.0524,0.323,0.0,0.143,0.761,127,3.58,B,Minor,B Minor,Veloce (Allegro),0,0,0,0,0,0,0,0,0,0,1,0,1,0,0,0,0
j. cole,middle child,True,2019,0.8,0.837,0.364,0.435,0.276,0.149,0.0,0.271,0.463,124,3.33,G#,Major,G# Major,Veloce (Allegro),0,0,0,0,0,0,0,0,1,0,0,0,0,0,0,0,0
lunay,soltera - remix,False,2019,0.7,0.795,0.783,0.803,0.0432,0.361,0.0,0.437,0.799,92,4.26,F,Major,F Major,Moderato,0,0,0,0,0,0,0,0,0,0,1,0,1,0,0,0,0
khalid,better,False,2018,0.7,0.442,0.585,0.503,0.0964,0.0984,0.391,0.14,0.116,98,3.49,C,Minor,C Minor,Moderato,0,0,0,0,0,0,0,0,0,0,0,0,1,1,0,0,0
blueface,thotiana,True,2018,0.01,0.906,0.382,0.377,0.269,0.18,0.0,0.113,0.391,104,2.09,A#,Minor,A# Minor,Moderato,0,0,0,0,0,0,0,0,1,0,0,0,0,0,0,0,0
dababy,suge,True,2019,0.72,0.876,0.662,0.693,0.426,0.0608,0.0,0.127,0.844,75,2.43,D,Minor,D Minor,Lento (Adagio),0,0,0,0,0,0,0,0,1,0,0,0,0,0,0,0,0
aj tracey,ladbroke grove,False,2019,0.69,0.903,0.839,0.547,0.208,0.0939,0.0,0.102,0.727,134,3.1,B,Minor,B Minor,Veloce (Allegro),0,0,0,0,1,0,1,0,1,0,0,0,0,0,0,0,0
billie eilish,bury a friend,False,2019,0.75,0.905,0.389,0.297,0.332,0.74,0.162,0.106,0.196,120,3.13,G#,Major,G# Major,Allegretto,0,0,0,0,1,0,1,0,0,0,0,0,1,0,0,0,0
bts,boy with luv (feat. halsey),False,2019,0.35,0.645,0.862,0.779,0.0965,0.0923,0.0,0.192,0.798,120,3.49,B,Minor,B Minor,Allegretto,0,0,0,0,0,0,0,0,0,0,0,0,1,0,0,0,0
wiley,boasty (feat. idris elba),True,2019,0.64,0.887,0.765,0.756,0.0669,0.00915,0.000872,0.0907,0.456,103,2.57,D,Major,D Major,Moderato,0,0,0,0,1,0,1,0,1,0,0,0,0,0,0,0,0
jonas brothers,only human,False,2019,0.71,0.795,0.496,0.723,0.0722,0.108,0.0,0.0645,0.874,94,3.03,C,Major,C Major,Moderato,0,0,0,0,0,0,0,0,0,0,0,0,1,0,0,0,0
5 seconds of summer,easier,False,2019,0.01,0.505,0.428,0.737,0.221,0.489,0.0,0.0977,0.618,176,2.37,F,Major,F Major,Vivace,0,0,0,0,0,0,0,0,0,0,0,0,1,0,0,0,0
avicii,sos (feat. aloe blacc),False,2019,0.71,0.802,0.645,0.708,0.0715,0.272,0.0,0.119,0.376,100,2.37,F,Minor,F Minor,Moderato,0,0,0,0,1,0,1,0,0,0,0,0,1,0,0,0,0
"tyler, the creator",earfquake,True,2019,0.8,0.554,0.498,0.576,0.0685,0.23,5.98e-06,0.795,0.413,80,3.1,A,Major,A Major,Moderato,0,0,0,0,0,0,0,0,1,0,0,0,0,0,0,0,0
ashley o,on a roll,False,2019,0.57,0.736,0.81,0.7,0.0906,0.077,0.0,0.0523,0.387,125,2.34,F,Major,F Major,Veloce (Allegro),0,0,0,0,0,0,0,0,0,0,0,0,1,0,0,0,0
dominic fike,3 nights,False,2018,0.78,0.815,0.518,0.688,0.0897,0.223,0.0,0.104,0.877,152,2.57,G,Minor,G Minor,Veloce (Allegro),0,0,0,0,0,0,0,0,0,0,0,0,1,0,1,0,0
sigala,wish you well,False,2019,0.64,0.669,0.895,0.827,0.0575,0.128,0.0,0.297,0.576,125,3.25,F,Minor,F Minor,Veloce (Allegro),0,0,0,0,1,0,1,0,0,0,0,0,1,0,0,0,0
megan thee stallion,hot girl summer (feat. nicki minaj & ty dolla $ign),True,2019,0.69,0.872,0.814,0.788,0.155,0.00485,1.96e-06,0.214,0.57,99,3.19,C,Major,C Major,Moderato,0,0,0,0,0,0,0,0,1,0,0,0,1,1,0,0,0
anuel aa,secreto,False,2019,0.75,0.807,0.803,0.808,0.126,0.602,0.00853,0.136,0.706,92,4.18,B,Major,B Major,Moderato,0,0,0,0,0,0,0,0,0,0,1,0,0,0,0,0,0
sam feldt,post malone (feat. rani),False,2019,0.69,0.59,0.642,0.822,0.122,0.0771,0.0,0.105,0.651,107,2.54,G,Major,G Major,Moderato,0,0,0,0,1,0,1,0,0,0,0,0,1,0,0,0,0
kehlani,nights like this (feat. ty dolla $ign),True,2019,0.74,0.61,0.725,0.76,0.15,0.367,0.0,0.154,0.291,146,3.21,G#,Major,G# Major,Veloce (Allegro),0,0,0,0,0,0,0,0,1,0,0,0,1,1,0,0,0
sech,otro trago,True,2019,0.71,0.746,0.7,0.783,0.341,0.136,0.000159,0.11,0.619,176,3.45,C,Major,C Major,Vivace,0,0,0,0,0,0,0,0,0,0,1,0,0,0,0,0,0
post malone,better now,True,2018,0.8,0.68,0.578,0.727,0.04,0.331,0.0,0.135,0.341,145,3.51,A#,Major,A# Major,Veloce (Allegro),0,0,0,0,0,0,0,0,1,0,0,0,0,0,0,0,0
ed sheeran,cross me (feat. chance the rapper & pnb rock),True,2019,0.64,0.746,0.787,0.699,0.12,0.214,0.0,0.0669,0.607,95,3.26,E,Major,E Major,Moderato,0,0,0,0,0,0,0,0,0,0,0,0,1,0,0,0,0
lauv,i'm so tired...,False,2019,0.02,0.599,0.733,0.665,0.203,0.176,0.0,0.242,0.534,102,2.42,B,Major,B Major,Moderato,0,0,0,0,1,0,1,0,0,0,0,0,1,0,0,0,0
iann dior,gone girl,True,2019,0.69,0.677,0.714,0.735,0.0287,0.162,0.0,0.0717,0.355,95,2.16,B,Major,B Major,Moderato,0,0,0,0,0,0,0,0,1,0,0,0,1,0,0,0,0
panic! at the disco,high hopes,False,2018,0.8,0.579,0.904,0.879,0.0618,0.193,0.0,0.064,0.681,82,3.1,F,Major,F Major,Moderato,0,0,0,0,0,0,0,0,0,0,0,0,0,0,1,0,0
marshmello,one thing right,False,2019,0.73,0.659,0.625,0.902,0.045,0.0644,0.0,0.582,0.442,88,3.01,E,Major,E Major,Moderato,0,0,0,0,1,0,1,0,0,0,0,0,1,0,0,0,0
sam smith,how do you sleep?,False,2019,0.73,0.477,0.682,0.77,0.0925,0.153,0.0,0.0763,0.345,111,3.22,C#,Minor,C# Minor,Allegretto,0,0,0,0,0,0,0,0,0,0,0,0,1,0,0,0,0
nsg,options,True,2020,0.57,0.836,0.621,0.782,0.0894,0.389,9.16e-05,0.104,0.762,102,4.0,C#,Minor,C# Minor,Moderato,0,0,0,0,0,0,0,0,1,0,0,0,0,0,0,1,1
normani,motivation,False,2019,0.71,0.599,0.887,0.818,0.0984,0.0192,1.21e-06,0.3,0.881,171,3.13,E,Major,E Major,Vivace,0,0,0,0,0,0,0,0,0,0,0,0,1,1,0,0,0
joel corry,sorry,False,2019,0.63,0.744,0.79,0.786,0.0562,0.0547,0.000802,0.32,0.847,125,3.08,G#,Minor,G# Minor,Veloce (Allegro),0,0,0,0,1,0,1,0,0,0,0,0,1,0,0,0,0
post malone,goodbyes (feat. young thug),True,2019,0.01,0.58,0.653,0.825,0.0745,0.447,0.0,0.111,0.175,150,2.54,F,Major,F Major,Veloce (Allegro),0,0,0,0,0,0,0,0,1,0,0,0,0,0,0,0,0
jonas brothers,sucker,False,2019,0.79,0.842,0.734,0.763,0.0588,0.0427,0.0,0.106,0.952,138,3.01,C#,Minor,C# Minor,Veloce (Allegro),0,0,0,0,0,0,0,0,0,0,0,0,1,0,0,0,0
taylor swift,cruel summer,False,2019,0.78,0.552,0.702,0.732,0.157,0.117,2.06e-05,0.105,0.564,170,2.58,A,Major,A Major,Vivace,0,0,0,0,0,0,0,0,0,0,0,0,1,0,0,0,0
blanco brown,the git up,False,2019,0.69,0.847,0.678,0.587,0.109,0.0669,0.0,0.274,0.811,98,3.2,A,Major,A Major,Moderato,0,0,0,1,0,0,0,0,1,0,0,0,0,0,0,0,0
sam smith,dancing with a stranger (with normani),False,2019,0.75,0.741,0.52,0.642,0.0656,0.45,1.97e-06,0.222,0.347,103,2.51,G#,Major,G# Major,Moderato,0,0,0,0,0,0,0,0,0,0,0,0,1,0,0,0,0
post malone,circles,False,2019,0.85,0.695,0.762,0.841,0.0395,0.192,0.00244,0.0863,0.553,120,3.35,C,Major,C Major,Allegretto,0,0,0,0,0,0,0,0,1,0,0,0,0,0,0,0,0
